Datei;Zeile;Typ;Text
resources/js/Components/AuthModals/ForgotPasswordModal.tsx;43;string_literal;"Error sending email"
resources/js/Components/AuthModals/ForgotPasswordModal.tsx;46;string_literal;"A password reset link has been sent to your email address."
resources/js/Components/AuthModals/ForgotPasswordModal.tsx;50;string_literal;"An error occurred"
resources/js/Components/AuthModals/ForgotPasswordModal.tsx;73;string_literal;"Forgot Password"
resources/js/Components/AuthModals/ForgotPasswordModal.tsx;83;tag_div;"Enter your email address and we will send you a link to reset your password."
resources/js/Components/AuthModals/ForgotPasswordModal.tsx;105;tag_label;E-Mail
resources/js/Components/AuthModals/ForgotPasswordModal.tsx;113;attr_placeholder;your.email@example.com
resources/js/Components/AuthModals/ForgotPasswordModal.tsx;122;string_literal;"Wird gesendet..."
resources/js/Components/AuthModals/ForgotPasswordModal.tsx;122;string_literal;"Reset-Link senden"
resources/js/Components/AuthModals/ForgotPasswordModal.tsx;131;string_literal;"Back to Login"
resources/js/Components/AuthModals/LoginModal.tsx;88;string_literal;"E-Mail-Adresse muss bestätigt werden. Bitte prüfen Sie Ihre E-Mails."
resources/js/Components/AuthModals/LoginModal.tsx;93;string_literal;"Login failed"
resources/js/Components/AuthModals/LoginModal.tsx;136;string_literal;"An error occurred"
resources/js/Components/AuthModals/LoginModal.tsx;140;string_literal;"E-Mail/Benutzername oder Passwort ist falsch."
resources/js/Components/AuthModals/LoginModal.tsx;142;string_literal;"E-Mail-Adresse muss bestätigt werden."
resources/js/Components/AuthModals/LoginModal.tsx;189;string_literal;"Fehler beim Senden der E-Mail. Bitte versuchen Sie es später erneut."
resources/js/Components/AuthModals/LoginModal.tsx;212;string_literal;Login
resources/js/Components/AuthModals/LoginModal.tsx;241;tag_p;"Ihre E-Mail-Adresse ist noch nicht bestätigt."
resources/js/Components/AuthModals/LoginModal.tsx;246;string_literal;"Bestätigungs-E-Mail erneut senden"
resources/js/Components/AuthModals/LoginModal.tsx;301;string_literal;"demo-admin or demo-user"
resources/js/Components/AuthModals/LoginModal.tsx;317;string_literal;"Leave empty for demo"
resources/js/Components/AuthModals/PlanModal.tsx;26;string_literal;EUR
resources/js/Components/AuthModals/PlanModal.tsx;43;string_literal;Free
resources/js/Components/AuthModals/PlanModal.tsx;46;string_literal;"Perfect for personal projects"
resources/js/Components/AuthModals/PlanModal.tsx;48;string_literal;"Up to 3 projects"
resources/js/Components/AuthModals/PlanModal.tsx;49;string_literal;"Basic templates"
resources/js/Components/AuthModals/PlanModal.tsx;50;string_literal;"SQL schema parsing"
resources/js/Components/AuthModals/PlanModal.tsx;51;string_literal;"Community support"
resources/js/Components/AuthModals/PlanModal.tsx;53;string_literal;"Current Plan"
resources/js/Components/AuthModals/PlanModal.tsx;58;string_literal;Premium
resources/js/Components/AuthModals/PlanModal.tsx;62;string_literal;"Best for professional developers"
resources/js/Components/AuthModals/PlanModal.tsx;64;string_literal;"Unlimited projects"
resources/js/Components/AuthModals/PlanModal.tsx;65;string_literal;"Advanced templates"
resources/js/Components/AuthModals/PlanModal.tsx;66;string_literal;"Custom template creation"
resources/js/Components/AuthModals/PlanModal.tsx;67;string_literal;"Priority support"
resources/js/Components/AuthModals/PlanModal.tsx;68;string_literal;"Advanced SQL features"
resources/js/Components/AuthModals/PlanModal.tsx;69;string_literal;"Team collaboration"
resources/js/Components/AuthModals/PlanModal.tsx;71;string_literal;"Choose Premium"
resources/js/Components/AuthModals/PlanModal.tsx;76;string_literal;Business
resources/js/Components/AuthModals/PlanModal.tsx;80;string_literal;"Best for teams and agencies"
resources/js/Components/AuthModals/PlanModal.tsx;82;string_literal;"All Premium features"
resources/js/Components/AuthModals/PlanModal.tsx;83;string_literal;"Team collaboration tools"
resources/js/Components/AuthModals/PlanModal.tsx;84;string_literal;"Google Translate API integration"
resources/js/Components/AuthModals/PlanModal.tsx;85;string_literal;"Advanced analytics"
resources/js/Components/AuthModals/PlanModal.tsx;86;string_literal;"Priority support with SLA"
resources/js/Components/AuthModals/PlanModal.tsx;87;string_literal;"Custom branding options"
resources/js/Components/AuthModals/PlanModal.tsx;89;string_literal;"Choose Business"
resources/js/Components/AuthModals/PlanModal.tsx;94;string_literal;Patron
resources/js/Components/AuthModals/PlanModal.tsx;97;string_literal;"Support the community"
resources/js/Components/AuthModals/PlanModal.tsx;99;string_literal;"All Business features"
resources/js/Components/AuthModals/PlanModal.tsx;100;string_literal;"Early access to features"
resources/js/Components/AuthModals/PlanModal.tsx;101;string_literal;"Influence development"
resources/js/Components/AuthModals/PlanModal.tsx;102;string_literal;"Community Discord access"
resources/js/Components/AuthModals/PlanModal.tsx;105;string_literal;"Choose Patron"
resources/js/Components/AuthModals/PlanModal.tsx;116;string_literal;"Choose Your Plan"
resources/js/Components/AuthModals/PlanModal.tsx;119;string_literal;#1f2937
resources/js/Components/AuthModals/PlanModal.tsx;130;tag_content;"Free plan"
resources/js/Components/AuthModals/PlanModal.tsx;143;string_literal;"MOST POPULAR"
resources/js/Components/AuthModals/PlanModal.tsx;174;string_literal;", paddingTop:"
resources/js/Components/AuthModals/PlanModal.tsx;174;string_literal;", paddingBottom:"
resources/js/Components/AuthModals/PlanModal.tsx;190;tag_content;"You can change or cancel your plan at any time. All plans include a 30-day money-back guarantee."
resources/js/Components/AuthModals/ProfileModal.tsx;115;string_literal;"Not logged in"
resources/js/Components/AuthModals/ProfileModal.tsx;127;string_literal;"Error loading user data"
resources/js/Components/AuthModals/ProfileModal.tsx;146;string_literal;"Error loading"
resources/js/Components/AuthModals/ProfileModal.tsx;186;string_literal;"Error updating"
resources/js/Components/AuthModals/ProfileModal.tsx;197;string_literal;"Profile update error"
resources/js/Components/AuthModals/ProfileModal.tsx;246;string_literal;"New passwords do not match"
resources/js/Components/AuthModals/ProfileModal.tsx;273;string_literal;"Error changing password"
resources/js/Components/AuthModals/ProfileModal.tsx;280;string_literal;"An error occurred"
resources/js/Components/AuthModals/ProfileModal.tsx;306;string_literal;"Sie müssen ""DELETE"" eingeben, um Ihren Account zu löschen"
resources/js/Components/AuthModals/ProfileModal.tsx;331;string_literal;"Fehler beim Löschen des Accounts"
resources/js/Components/AuthModals/ProfileModal.tsx;334;string_literal;"Account erfolgreich gelöscht. Sie werden automatisch abgemeldet."
resources/js/Components/AuthModals/ProfileModal.tsx;346;string_literal;"Ein Fehler ist aufgetreten"
resources/js/Components/AuthModals/ProfileModal.tsx;406;tag_label;"User ID"
resources/js/Components/AuthModals/ProfileModal.tsx;416;string_literal;#f8f9fa
resources/js/Components/AuthModals/ProfileModal.tsx;416;string_literal;#6c757d
resources/js/Components/AuthModals/ProfileModal.tsx;421;tag_label;Username
resources/js/Components/AuthModals/ProfileModal.tsx;447;string_literal;"Your full name"
resources/js/Components/AuthModals/ProfileModal.tsx;463;attr_placeholder;ihre.email@example.com
resources/js/Components/AuthModals/ProfileModal.tsx;498;tag_content;"Select Language"
resources/js/Components/AuthModals/ProfileModal.tsx;555;string_literal;"Your current password"
resources/js/Components/AuthModals/ProfileModal.tsx;573;string_literal;"Your new password"
resources/js/Components/AuthModals/ProfileModal.tsx;591;string_literal;"Repeat new password"
resources/js/Components/AuthModals/ProfileModal.tsx;611;attr_header;"Plans & Billing"
resources/js/Components/AuthModals/ProfileModal.tsx;616;tag_content;"Current Plan"
resources/js/Components/AuthModals/ProfileModal.tsx;617;string_literal;Free
resources/js/Components/AuthModals/ProfileModal.tsx;620;tag_content;"Free plan"
resources/js/Components/AuthModals/ProfileModal.tsx;626;tag_content;"Available Plans"
resources/js/Components/AuthModals/ProfileModal.tsx;635;tag_content;"• Up to 3 projects"
resources/js/Components/AuthModals/ProfileModal.tsx;636;tag_content;"• Basic templates"
resources/js/Components/AuthModals/ProfileModal.tsx;637;tag_content;"• Community support"
resources/js/Components/AuthModals/ProfileModal.tsx;640;string_literal;Current
resources/js/Components/AuthModals/ProfileModal.tsx;648;tag_content;Premium
resources/js/Components/AuthModals/ProfileModal.tsx;651;tag_content;"• Unlimited projects"
resources/js/Components/AuthModals/ProfileModal.tsx;652;tag_content;"• Advanced templates"
resources/js/Components/AuthModals/ProfileModal.tsx;653;tag_content;"• Priority support"
resources/js/Components/AuthModals/ProfileModal.tsx;654;tag_content;"• Team collaboration"
resources/js/Components/AuthModals/ProfileModal.tsx;658;string_literal;Upgrade
resources/js/Components/AuthModals/ProfileModal.tsx;670;tag_content;Patron
resources/js/Components/AuthModals/ProfileModal.tsx;673;tag_content;"• All Premium features"
resources/js/Components/AuthModals/ProfileModal.tsx;674;tag_content;"• Early access to features"
resources/js/Components/AuthModals/ProfileModal.tsx;675;tag_content;"• Community Discord access"
resources/js/Components/AuthModals/ProfileModal.tsx;680;string_literal;"Become Patron"
resources/js/Components/AuthModals/ProfileModal.tsx;714;tag_p;"This action cannot be undone. Your account and all associated data will be permanently deleted."
resources/js/Components/AuthModals/ProfileModal.tsx;718;tag_content;"All your projects and templates will be deleted"
resources/js/Components/AuthModals/ProfileModal.tsx;719;tag_content;"Your team memberships will be terminated"
resources/js/Components/AuthModals/ProfileModal.tsx;720;tag_content;"This action cannot be undone"
resources/js/Components/AuthModals/ProfileModal.tsx;725;tag_label;"Confirm current password"
resources/js/Components/AuthModals/ProfileModal.tsx;743;tag_label;"Enter ""DELETE"" to confirm"
resources/js/Components/AuthModals/ProfileModal.tsx;751;attr_placeholder;DELETE
resources/js/Components/AuthModals/ProfileModal.tsx;765;string_literal;"w-full p-button-danger"
resources/js/Components/AuthModals/RegisterModal.tsx;236;tag_label;Name
resources/js/Components/AuthModals/RegisterModal.tsx;244;string_literal;"Your full name"
resources/js/Components/AuthModals/RegisterModal.tsx;261;attr_placeholder;username123
resources/js/Components/AuthModals/RegisterModal.tsx;274;tag_label;E-Mail
resources/js/Components/AuthModals/RegisterModal.tsx;282;attr_placeholder;your.email@example.com
resources/js/Components/AuthModals/RegisterModal.tsx;291;tag_label;Passwort
resources/js/Components/AuthModals/RegisterModal.tsx;298;string_literal;"Your password"
resources/js/Components/AuthModals/RegisterModal.tsx;310;tag_label;"Confirm password"
resources/js/Components/AuthModals/RegisterModal.tsx;317;string_literal;"Repeat password"
resources/js/Components/AuthModals/RegisterModal.tsx;329;tag_label;"Preferred Language"
resources/js/Components/AuthModals/RegisterModal.tsx;340;string_literal;"Select Language"
resources/js/Components/AuthModals/RegisterModal.tsx;384;string_literal;"Registration in progress..."
resources/js/Components/AuthModals/RegisterModal.tsx;384;string_literal;Register
resources/js/Components/AuthModals/RegisterModal.tsx;393;string_literal;"Already have an account? Login"
resources/js/Components/AuthModals/ResetPasswordModal.tsx;59;string_literal;XMLHttpRequest
resources/js/Components/AuthModals/ResetPasswordModal.tsx;73;string_literal;"This reset link is invalid or expired."
resources/js/Components/AuthModals/ResetPasswordModal.tsx;79;string_literal;"Error validating reset link."
resources/js/Components/AuthModals/ResetPasswordModal.tsx;122;string_literal;"Password error:"
resources/js/Components/AuthModals/ResetPasswordModal.tsx;124;string_literal;"Token error:"
resources/js/Components/AuthModals/ResetPasswordModal.tsx;127;string_literal;"An unknown error occurred. Please try again."
resources/js/Components/AuthModals/ResetPasswordModal.tsx;131;string_literal;"Network error - please try again later."
resources/js/Components/AuthModals/ResetPasswordModal.tsx;154;string_literal;"px-6 py-4 border-b border-gray-200 dark:border-gray-700"
resources/js/Components/AuthModals/ResetPasswordModal.tsx;162;string_literal;Close
resources/js/Components/AuthModals/ResetPasswordModal.tsx;163;tag_button;×
resources/js/Components/AuthModals/ResetPasswordModal.tsx;170;string_literal;"px-6 py-6"
resources/js/Components/AuthModals/ResetPasswordModal.tsx;176;string_literal;"M12 8v4m0 4h.01M21 12a9 9 0 11-18 0 9 9 0 0118 0z"
resources/js/Components/AuthModals/ResetPasswordModal.tsx;191;tag_h3;"Reset link is being validated..."
resources/js/Components/AuthModals/ResetPasswordModal.tsx;194;tag_p;"One moment please..."
resources/js/Components/AuthModals/ResetPasswordModal.tsx;208;tag_p;"You will be automatically redirected to login..."
resources/js/Components/AuthModals/ResetPasswordModal.tsx;219;tag_h3;"Reset link invalid"
resources/js/Components/AuthModals/ResetPasswordModal.tsx;231;tag_button;"To Login"
resources/js/Components/AuthModals/ResetPasswordModal.tsx;234;tag_p;"Request a new reset link if you want to reset your password."
resources/js/Components/AuthModals/ResetPasswordModal.tsx;243;tag_label;E-Mail
resources/js/Components/AuthModals/ResetPasswordModal.tsx;259;tag_label;"New Password"
resources/js/Components/AuthModals/ResetPasswordModal.tsx;265;attr_placeholder;"Enter new password"
resources/js/Components/AuthModals/ResetPasswordModal.tsx;281;tag_label;"Confirm Password"
resources/js/Components/AuthModals/ResetPasswordModal.tsx;287;attr_placeholder;"Repeat password"
resources/js/Components/AuthModals/ResetPasswordModal.tsx;314;string_literal;"M4 12a8 8 0 018-8V0C5.373 0 0 5.373 0 12h4zm2 5.291A7.962 7.962 0 014 12H0c0 3.042 1.135 5.824 3 7.938l3-2.647z"
resources/js/Components/AuthModals/ResetPasswordModal.tsx;319;string_literal;"Reset Password"
resources/js/Components/AuthModals/ResetPasswordModal.tsx;332;tag_button;"Continue to Login"
resources/js/Components/AuthModals/ResetPasswordModal.tsx;345;tag_p;"The reset link is invalid or expired."
resources/js/Components/AuthModals/ResetPasswordModal.tsx;374;tag_button;Login
resources/js/Components/CountryFlag.tsx;12;string_literal;#1e40af
resources/js/Components/CountryFlag.tsx;12;string_literal;#dc2626
resources/js/Components/CountryFlag.tsx;12;string_literal;🇺🇸
resources/js/Components/CountryFlag.tsx;13;string_literal;🇩🇪
resources/js/Components/CountryFlag.tsx;14;string_literal;🇫🇷
resources/js/Components/CountryFlag.tsx;15;string_literal;#fbbf24
resources/js/Components/CountryFlag.tsx;15;string_literal;🇪🇸
resources/js/Components/CountryFlag.tsx;16;string_literal;#16a34a
resources/js/Components/CountryFlag.tsx;16;string_literal;🇮🇹
resources/js/Components/CountryFlag.tsx;18;string_literal;#6b7280
resources/js/Components/CountryFlag.tsx;18;string_literal;#9ca3af
resources/js/Components/CountryFlag.tsx;18;string_literal;🏳️
resources/js/Components/DatabaseExportModal.tsx;71;string_literal;"Failed to load schemas"
resources/js/Components/DatabaseExportModal.tsx;114;string_literal;"Failed to load schema versions"
resources/js/Components/DatabaseExportModal.tsx;169;string_literal;"No project selected. Please select a project first."
resources/js/Components/DatabaseExportModal.tsx;195;string_literal;"Please select a database and version to export"
resources/js/Components/DatabaseExportModal.tsx;214;string_literal;"No tables found in this schema. The schema might be empty or the version doesn\'t exist."
resources/js/Components/DatabaseExportModal.tsx;216;string_literal;"Access denied to this schema. Please check your permissions."
resources/js/Components/DatabaseExportModal.tsx;228;string_literal;"-- No SQL generated"
resources/js/Components/DatabaseExportModal.tsx;249;string_literal;text/sql
resources/js/Components/DatabaseExportModal.tsx;285;string_literal;"📤 Export Database Schema"
resources/js/Components/DatabaseExportModal.tsx;296;string_literal;#1f2937
resources/js/Components/DatabaseExportModal.tsx;321;string_literal;"px-6 pb-4"
resources/js/Components/DatabaseExportModal.tsx;325;tag_label;"Database Schema"
resources/js/Components/DatabaseExportModal.tsx;338;string_literal;"Select database..."
resources/js/Components/DatabaseExportModal.tsx;339;string_literal;"w-full custom-dropdown"
resources/js/Components/DatabaseExportModal.tsx;344;string_literal;"No databases found in project"
resources/js/Components/DatabaseExportModal.tsx;344;string_literal;"No project selected"
resources/js/Components/DatabaseExportModal.tsx;351;tag_label;Version
resources/js/Components/DatabaseExportModal.tsx;355;tag_content;"Select database first"
resources/js/Components/DatabaseExportModal.tsx;363;string_literal;"Select version..."
resources/js/Components/DatabaseExportModal.tsx;368;tag_content;"No versions found"
resources/js/Components/DatabaseExportModal.tsx;380;string_literal;"📥 Download .sql"
resources/js/Components/DatabaseExportModal.tsx;388;string_literal;"👁️ View SQL"
resources/js/Components/DatabaseExportModal.tsx;403;tag_content;"Generated SQL Script"
resources/js/Components/DatabaseExportModal.tsx;406;string_literal;"📋 Copy"
resources/js/Components/DatabaseExportModal.tsx;412;string_literal;"💾 Download"
resources/js/Components/DatabaseExportModal.tsx;428;string_literal;#e5e7eb
resources/js/Components/EmailVerification.tsx;55;string_literal;"Fehler bei der E-Mail-Bestätigung"
resources/js/Components/EmailVerification.tsx;59;string_literal;"Netzwerkfehler - bitte versuchen Sie es später erneut"
resources/js/Components/EmailVerification.tsx;68;string_literal;"Ungültiger Bestätigungslink"
resources/js/Components/EmailVerification.tsx;107;tag_content;E-Mail-Bestätigung
resources/js/Components/EmailVerification.tsx;112;tag_content;"E-Mail wird bestätigt..."
resources/js/Components/EmailVerification.tsx;127;tag_p;"You are now logged in and will be redirected to the app automatically."
resources/js/Components/EmailVerification.tsx;135;tag_p;"You can now start collaborating with your team."
resources/js/Components/EmailVerification.tsx;141;string_literal;"Go to App Now"
resources/js/Components/EmailVerification.tsx;151;tag_p;"Falls Sie weiterhin Probleme haben, kontaktieren Sie bitte den Support."
resources/js/Components/EmailVerification.tsx;155;string_literal;"Zur Startseite"
resources/js/Components/EmailVerification.tsx;158;string_literal;"w-full p-button-outlined"
resources/js/Components/ErrorFallback.tsx;25;tag_content;💥
resources/js/Components/ErrorFallback.tsx;34;string_literal;"Ein unerwarteter Fehler ist aufgetreten. Keine Sorge - Ihre Daten sind sicher."
resources/js/Components/ErrorFallback.tsx;35;string_literal;"w-full max-w-md"
resources/js/Components/ErrorFallback.tsx;40;tag_content;Fehlerdetails:
resources/js/Components/ErrorFallback.tsx;58;string_literal;"Erneut versuchen"
resources/js/Components/ErrorFallback.tsx;65;attr_label;"Seite neu laden & Reset"
resources/js/Components/ErrorFallback.tsx;75;string_literal;Reset
resources/js/Components/ErrorFallback.tsx;75;tag_content;Hinweis:
resources/js/Components/ErrorFallback.tsx;77;tag_p;"Tipp: Wenn das Problem weiterhin besteht, kontaktieren Sie den Support."
resources/js/Components/LanguageSelector.tsx;40;string_literal;"uppercase font-medium"
resources/js/Components/LanguageSelector.tsx;68;string_literal;"Select Language"
resources/js/Components/LanguageSelector.tsx;87;tag_div;"Choose Language"
resources/js/Components/Modals/ApplicationsModal.tsx;66;string_literal;"Not authenticated"
resources/js/Components/Modals/ApplicationsModal.tsx;78;string_literal;"Failed to load applications"
resources/js/Components/Modals/ApplicationsModal.tsx;85;string_literal;"Error loading applications"
resources/js/Components/Modals/ApplicationsModal.tsx;125;string_literal;"Failed to review application"
resources/js/Components/Modals/ApplicationsModal.tsx;143;string_literal;"Error reviewing application"
resources/js/Components/Modals/ApplicationsModal.tsx;158;string_literal;de-DE
resources/js/Components/Modals/ApplicationsModal.tsx;200;tag_content;"No message"
resources/js/Components/Modals/ApplicationsModal.tsx;228;string_literal;"Approve application"
resources/js/Components/Modals/ApplicationsModal.tsx;234;string_literal;"Reject application"
resources/js/Components/Modals/ApplicationsModal.tsx;252;string_literal;Unknown
resources/js/Components/Modals/ApplicationsModal.tsx;301;string_literal;"No applications found"
resources/js/Components/Modals/ApplicationsModal.tsx;313;string_literal;Refresh
resources/js/Components/Modals/ApplicationsModal.tsx;322;string_literal;Applicant
resources/js/Components/Modals/ApplicationsModal.tsx;329;string_literal;Message
resources/js/Components/Modals/ApplicationsModal.tsx;335;string_literal;Status
resources/js/Components/Modals/ApplicationsModal.tsx;342;string_literal;Applied
resources/js/Components/Modals/ApplicationsModal.tsx;348;string_literal;"Reviewed By"
resources/js/Components/Modals/ApplicationsModal.tsx;354;string_literal;Actions
resources/js/Components/Modals/ApplicationsModal.tsx;363;string_literal;Close
resources/js/Components/Modals/ApplicationsModal.tsx;374;string_literal;Approve
resources/js/Components/Modals/ApplicationsModal.tsx;374;string_literal;Reject
resources/js/Components/Modals/ApplicationsModal.tsx;402;tag_content;Message:
resources/js/Components/Modals/ApplicationsModal.tsx;412;string_literal;"Welcome Message"
resources/js/Components/Modals/ApplicationsModal.tsx;412;string_literal;"Rejection Reason"
resources/js/Components/Modals/ApplicationsModal.tsx;420;string_literal;"Welcome them to the project..."
resources/js/Components/Modals/ApplicationsModal.tsx;432;string_literal;Cancel
resources/js/Components/Modals/ApplicationsModal.tsx;439;string_literal;Processing...
resources/js/Components/Modals/CreateTableModal.tsx;17;string_literal;ASC
resources/js/Components/Modals/CreateTableModal.tsx;17;string_literal;DESC
resources/js/Components/Modals/CreateTableModal.tsx;37;string_literal;TEXT
resources/js/Components/Modals/CreateTableModal.tsx;38;string_literal;TEXTAREA
resources/js/Components/Modals/CreateTableModal.tsx;39;string_literal;CHECKBOX
resources/js/Components/Modals/CreateTableModal.tsx;40;string_literal;COMBOBOX
resources/js/Components/Modals/CreateTableModal.tsx;41;string_literal;LISTBOX
resources/js/Components/Modals/CreateTableModal.tsx;42;string_literal;RADIOBUTTONS
resources/js/Components/Modals/CreateTableModal.tsx;43;string_literal;DATEPICKER
resources/js/Components/Modals/CreateTableModal.tsx;44;string_literal;DATETIMEPICKER
resources/js/Components/Modals/CreateTableModal.tsx;45;string_literal;TIMEPICKER
resources/js/Components/Modals/CreateTableModal.tsx;46;string_literal;COLORPICKER
resources/js/Components/Modals/CreateTableModal.tsx;47;string_literal;FILEUPLOAD
resources/js/Components/Modals/CreateTableModal.tsx;189;string_literal;"Table name is required"
resources/js/Components/Modals/CreateTableModal.tsx;194;string_literal;"All fields must have a name"
resources/js/Components/Modals/CreateTableModal.tsx;201;string_literal;"Field names must be unique"
resources/js/Components/Modals/CreateTableModal.tsx;290;tag_label;"Table Name *"
resources/js/Components/Modals/CreateTableModal.tsx;300;attr_placeholder;"e.g., users, products, orders"
resources/js/Components/Modals/CreateTableModal.tsx;306;tag_label;"File Key Name"
resources/js/Components/Modals/CreateTableModal.tsx;316;attr_placeholder;"Type or select a key name"
resources/js/Components/Modals/CreateTableModal.tsx;330;tag_label;"File Name Renamed"
resources/js/Components/Modals/CreateTableModal.tsx;339;attr_placeholder;"e.g., CustomUser, ProductCatalog"
resources/js/Components/Modals/CreateTableModal.tsx;348;tag_label;"File Name Short"
resources/js/Components/Modals/CreateTableModal.tsx;357;attr_placeholder;"e.g., usr, prod"
resources/js/Components/Modals/CreateTableModal.tsx;370;tag_label;"Fields *"
resources/js/Components/Modals/CreateTableModal.tsx;380;tag_content;"Add Field"
resources/js/Components/Modals/CreateTableModal.tsx;391;tag_content;Name
resources/js/Components/Modals/CreateTableModal.tsx;398;attr_placeholder;field_name
resources/js/Components/Modals/CreateTableModal.tsx;428;tag_content;Control
resources/js/Components/Modals/CreateTableModal.tsx;482;tag_content;None
resources/js/Components/Modals/CreateTableModal.tsx;483;tag_content;"Primary Key"
resources/js/Components/Modals/CreateTableModal.tsx;484;tag_content;Index
resources/js/Components/Modals/CreateTableModal.tsx;485;tag_content;Unique
resources/js/Components/Modals/CreateTableModal.tsx;497;string_literal;"Remove field"
resources/js/Components/Modals/CreateTableModal.tsx;509;tag_content;"Link Table"
resources/js/Components/Modals/CreateTableModal.tsx;516;tag_content;"-- Select Table --"
resources/js/Components/Modals/CreateTableModal.tsx;525;tag_content;"Value Field"
resources/js/Components/Modals/CreateTableModal.tsx;532;tag_content;"-- Value Field --"
resources/js/Components/Modals/CreateTableModal.tsx;541;tag_content;"Display Field"
resources/js/Components/Modals/CreateTableModal.tsx;548;tag_content;"-- Display Field --"
resources/js/Components/Modals/CreateTableModal.tsx;557;tag_content;"Order Field"
resources/js/Components/Modals/CreateTableModal.tsx;564;tag_content;"-- Order Field --"
resources/js/Components/Modals/CreateTableModal.tsx;573;tag_content;Direction
resources/js/Components/Modals/CreateTableModal.tsx;603;tag_button;Cancel
resources/js/Components/Modals/CreateTableModal.tsx;614;tag_content;Creating...
resources/js/Components/Modals/CreateTableModal.tsx;619;tag_content;"Create Table"
resources/js/Components/Modals/CreateTeamModal.tsx;49;string_literal;"Failed to create team"
resources/js/Components/Modals/CreateTeamModal.tsx;52;string_literal;"Network error occurred"
resources/js/Components/Modals/CreateTeamModal.tsx;88;tag_label;"Team Name *"
resources/js/Components/Modals/CreateTeamModal.tsx;97;attr_placeholder;"e.g., Core Team, Quality Check"
resources/js/Components/Modals/CreateTeamModal.tsx;103;tag_label;Description
resources/js/Components/Modals/CreateTeamModal.tsx;110;string_literal;"What does this team do?"
resources/js/Components/Modals/CreateTeamModal.tsx;117;tag_label;Projects
resources/js/Components/Modals/CreateTeamModal.tsx;136;tag_p;"Select one or more projects for this team. Hold Ctrl/Cmd to select multiple."
resources/js/Components/Modals/CreateTeamModal.tsx;153;tag_button;Cancel
resources/js/Components/Modals/CreateTeamModal.tsx;164;tag_content;Creating...
resources/js/Components/Modals/CreateTeamModal.tsx;169;tag_content;"Create Team"
resources/js/Components/Modals/EditProjectModal.tsx;82;string_literal;MySQL
resources/js/Components/Modals/EditProjectModal.tsx;98;string_literal;H:i:s
resources/js/Components/Modals/EditProjectModal.tsx;100;string_literal;Europe/Vienna
resources/js/Components/Modals/EditProjectModal.tsx;168;string_literal;"Not authenticated"
resources/js/Components/Modals/EditProjectModal.tsx;183;string_literal;"Failed to update project"
resources/js/Components/Modals/EditProjectModal.tsx;197;string_literal;"Error updating project"
resources/js/Components/Modals/EditProjectModal.tsx;215;string_literal;"Edit Project"
resources/js/Components/Modals/EditProjectModal.tsx;227;string_literal;"Project Settings"
resources/js/Components/Modals/EditProjectModal.tsx;230;tag_label;"Project Name *"
resources/js/Components/Modals/EditProjectModal.tsx;240;attr_placeholder;my_project_name
resources/js/Components/Modals/EditProjectModal.tsx;252;tag_label;Description
resources/js/Components/Modals/EditProjectModal.tsx;260;string_literal;"Enter project description"
resources/js/Components/Modals/EditProjectModal.tsx;266;tag_label;"Join Code"
resources/js/Components/Modals/EditProjectModal.tsx;274;attr_placeholder;"Enter join code (optional)"
resources/js/Components/Modals/EditProjectModal.tsx;280;string_literal;PROJ-
resources/js/Components/Modals/EditProjectModal.tsx;281;string_literal;"Generate random join code"
resources/js/Components/Modals/EditProjectModal.tsx;285;tag_content;"Users can join this project using this code"
resources/js/Components/Modals/EditProjectModal.tsx;298;tag_label;"Public Project"
resources/js/Components/Modals/EditProjectModal.tsx;302;tag_content;"Make this project visible to all users"
resources/js/Components/Modals/EditProjectModal.tsx;307;tag_label;"Transfer Ownership"
resources/js/Components/Modals/EditProjectModal.tsx;332;string_literal;"Database Connection"
resources/js/Components/Modals/EditProjectModal.tsx;335;tag_label;"Database Name"
resources/js/Components/Modals/EditProjectModal.tsx;341;attr_placeholder;project_database
resources/js/Components/Modals/EditProjectModal.tsx;345;tag_div;"Name der Datenbank für dieses Projekt"
resources/js/Components/Modals/EditProjectModal.tsx;351;tag_label;"Database Type"
resources/js/Components/Modals/EditProjectModal.tsx;359;string_literal;PostgreSQL
resources/js/Components/Modals/EditProjectModal.tsx;360;string_literal;SQLite
resources/js/Components/Modals/EditProjectModal.tsx;361;string_literal;"SQL Server"
resources/js/Components/Modals/EditProjectModal.tsx;361;string_literal;MSSQL
resources/js/Components/Modals/EditProjectModal.tsx;370;tag_label;Server
resources/js/Components/Modals/EditProjectModal.tsx;376;attr_placeholder;127.0.0.1
resources/js/Components/Modals/EditProjectModal.tsx;383;tag_label;Port
resources/js/Components/Modals/EditProjectModal.tsx;389;attr_placeholder;3306
resources/js/Components/Modals/EditProjectModal.tsx;397;tag_label;Username
resources/js/Components/Modals/EditProjectModal.tsx;403;attr_placeholder;database_user
resources/js/Components/Modals/EditProjectModal.tsx;410;tag_label;Password
resources/js/Components/Modals/EditProjectModal.tsx;417;attr_placeholder;database_password
resources/js/Components/Modals/EditProjectModal.tsx;426;string_literal;"Project Properties"
resources/js/Components/Modals/EditProjectModal.tsx;429;tag_label;"Project Directory"
resources/js/Components/Modals/EditProjectModal.tsx;435;string_literal;C:\Users\Public\Documents\my_project
resources/js/Components/Modals/EditProjectModal.tsx;439;tag_div;"Pfad wo generierte Dateien gespeichert werden sollen"
resources/js/Components/Modals/EditProjectModal.tsx;445;tag_label;"Project URL"
resources/js/Components/Modals/EditProjectModal.tsx;451;attr_placeholder;"http:
                className="
resources/js/Components/Modals/EditProjectModal.tsx;455;tag_div;"URL für den Zugriff auf das Projekt"
resources/js/Components/Modals/EditProjectModal.tsx;461;tag_label;"Start Page"
resources/js/Components/Modals/EditProjectModal.tsx;467;attr_placeholder;index.php
resources/js/Components/Modals/EditProjectModal.tsx;477;tag_label;"Default Language"
resources/js/Components/Modals/EditProjectModal.tsx;484;string_literal;English
resources/js/Components/Modals/EditProjectModal.tsx;485;string_literal;Deutsch
resources/js/Components/Modals/EditProjectModal.tsx;486;string_literal;Français
resources/js/Components/Modals/EditProjectModal.tsx;487;string_literal;Español
resources/js/Components/Modals/EditProjectModal.tsx;488;string_literal;Italiano
resources/js/Components/Modals/EditProjectModal.tsx;493;tag_div;"Standard-Sprache für Projekt-Generierung"
resources/js/Components/Modals/EditProjectModal.tsx;499;tag_label;"Filename Short Length"
resources/js/Components/Modals/EditProjectModal.tsx;506;string_literal;"2 characters"
resources/js/Components/Modals/EditProjectModal.tsx;507;string_literal;"3 characters"
resources/js/Components/Modals/EditProjectModal.tsx;508;string_literal;"4 characters"
resources/js/Components/Modals/EditProjectModal.tsx;509;string_literal;"5 characters"
resources/js/Components/Modals/EditProjectModal.tsx;522;attr_header;"Localization Settings"
resources/js/Components/Modals/EditProjectModal.tsx;526;tag_label;"Decimal Separator"
resources/js/Components/Modals/EditProjectModal.tsx;532;attr_placeholder;,
resources/js/Components/Modals/EditProjectModal.tsx;538;string_literal;"für 1,23 oder"
resources/js/Components/Modals/EditProjectModal.tsx;543;tag_label;"Thousands Separator"
resources/js/Components/Modals/EditProjectModal.tsx;549;attr_placeholder;.
resources/js/Components/Modals/EditProjectModal.tsx;555;string_literal;"für 1.234 oder"
resources/js/Components/Modals/EditProjectModal.tsx;562;tag_label;"Date Format"
resources/js/Components/Modals/EditProjectModal.tsx;568;attr_placeholder;d.m.Y
resources/js/Components/Modals/EditProjectModal.tsx;573;string_literal;"für 31.12.2024 oder"
resources/js/Components/Modals/EditProjectModal.tsx;578;tag_label;"Time Format"
resources/js/Components/Modals/EditProjectModal.tsx;589;string_literal;"für 14:30:00 oder"
resources/js/Components/Modals/EditProjectModal.tsx;596;tag_label;"Currency Symbol"
resources/js/Components/Modals/EditProjectModal.tsx;602;attr_placeholder;€
resources/js/Components/Modals/EditProjectModal.tsx;613;tag_label;Timezone
resources/js/Components/Modals/EditProjectModal.tsx;621;string_literal;Europe/Berlin
resources/js/Components/Modals/EditProjectModal.tsx;622;string_literal;Europe/Zurich
resources/js/Components/Modals/EditProjectModal.tsx;623;string_literal;Europe/London
resources/js/Components/Modals/EditProjectModal.tsx;624;string_literal;America/New_York
resources/js/Components/Modals/EditProjectModal.tsx;625;string_literal;America/Chicago
resources/js/Components/Modals/EditProjectModal.tsx;626;string_literal;America/Los_Angeles
resources/js/Components/Modals/EditProjectModal.tsx;627;string_literal;Asia/Tokyo
resources/js/Components/Modals/EditProjectModal.tsx;628;string_literal;Asia/Dubai
resources/js/Components/Modals/EditProjectModal.tsx;629;string_literal;UTC
resources/js/Components/Modals/EditProjectModal.tsx;634;tag_div;"Zeitzone für Datum/Zeit-Operationen"
resources/js/Components/Modals/EditProjectModal.tsx;641;tag_label;"Google Translate API Key"
resources/js/Components/Modals/EditProjectModal.tsx;648;attr_placeholder;AIzaSy...
resources/js/Components/Modals/EditProjectModal.tsx;652;tag_div;"API-Schlüssel für automatische Übersetzungen via Google Translate"
resources/js/Components/Modals/EditProjectModal.tsx;689;string_literal;Cancel
resources/js/Components/Modals/EditProjectModal.tsx;696;string_literal;Saving...
resources/js/Components/Modals/EditProjectModal.tsx;696;string_literal;"Save Changes"
resources/js/Components/Modals/EditTableModal.tsx;21;string_literal;ASC
resources/js/Components/Modals/EditTableModal.tsx;21;string_literal;DESC
resources/js/Components/Modals/EditTableModal.tsx;41;string_literal;TEXT
resources/js/Components/Modals/EditTableModal.tsx;42;string_literal;TEXTAREA
resources/js/Components/Modals/EditTableModal.tsx;43;string_literal;CHECKBOX
resources/js/Components/Modals/EditTableModal.tsx;44;string_literal;COMBOBOX
resources/js/Components/Modals/EditTableModal.tsx;45;string_literal;LISTBOX
resources/js/Components/Modals/EditTableModal.tsx;46;string_literal;RADIOBUTTONS
resources/js/Components/Modals/EditTableModal.tsx;47;string_literal;DATEPICKER
resources/js/Components/Modals/EditTableModal.tsx;48;string_literal;DATETIMEPICKER
resources/js/Components/Modals/EditTableModal.tsx;49;string_literal;TIMEPICKER
resources/js/Components/Modals/EditTableModal.tsx;50;string_literal;COLORPICKER
resources/js/Components/Modals/EditTableModal.tsx;51;string_literal;FILEUPLOAD
resources/js/Components/Modals/EditTableModal.tsx;108;string_literal;"PRIMARY KEY"
resources/js/Components/Modals/EditTableModal.tsx;140;string_literal;INDEX
resources/js/Components/Modals/EditTableModal.tsx;140;string_literal;KEY
resources/js/Components/Modals/EditTableModal.tsx;152;string_literal;UNIQUE
resources/js/Components/Modals/EditTableModal.tsx;317;string_literal;"Table name is required"
resources/js/Components/Modals/EditTableModal.tsx;322;string_literal;"All fields must have a name"
resources/js/Components/Modals/EditTableModal.tsx;329;string_literal;"Field names must be unique"
resources/js/Components/Modals/EditTableModal.tsx;335;string_literal;"File key name is required"
resources/js/Components/Modals/EditTableModal.tsx;342;string_literal;"Selected file key name must be a primary key, unique key, or indexed field"
resources/js/Components/Modals/EditTableModal.tsx;397;tag_label;"Table Name *"
resources/js/Components/Modals/EditTableModal.tsx;407;attr_placeholder;"e.g., users, products, orders"
resources/js/Components/Modals/EditTableModal.tsx;413;tag_label;"File Key Name *"
resources/js/Components/Modals/EditTableModal.tsx;422;tag_content;"Select key field..."
resources/js/Components/Modals/EditTableModal.tsx;425;string_literal;"- Primary Key"
resources/js/Components/Modals/EditTableModal.tsx;425;string_literal;"- Auto Inc"
resources/js/Components/Modals/EditTableModal.tsx;436;tag_label;"File Name Renamed"
resources/js/Components/Modals/EditTableModal.tsx;445;attr_placeholder;"e.g., CustomUser, ProductCatalog"
resources/js/Components/Modals/EditTableModal.tsx;454;tag_label;"File Name Short"
resources/js/Components/Modals/EditTableModal.tsx;463;attr_placeholder;"e.g., usr, prod"
resources/js/Components/Modals/EditTableModal.tsx;476;tag_label;"Fields *"
resources/js/Components/Modals/EditTableModal.tsx;486;tag_content;"Add Field"
resources/js/Components/Modals/EditTableModal.tsx;497;tag_content;Name
resources/js/Components/Modals/EditTableModal.tsx;504;attr_placeholder;field_name
resources/js/Components/Modals/EditTableModal.tsx;534;tag_content;Control
resources/js/Components/Modals/EditTableModal.tsx;614;tag_content;Comment
resources/js/Components/Modals/EditTableModal.tsx;621;string_literal;"Field description"
resources/js/Components/Modals/EditTableModal.tsx;632;string_literal;"Remove field"
resources/js/Components/Modals/EditTableModal.tsx;644;tag_content;"Link Table"
resources/js/Components/Modals/EditTableModal.tsx;651;tag_content;"-- Select Table --"
resources/js/Components/Modals/EditTableModal.tsx;660;tag_content;"Value Field"
resources/js/Components/Modals/EditTableModal.tsx;667;tag_content;"-- Value Field --"
resources/js/Components/Modals/EditTableModal.tsx;676;tag_content;"Display Field"
resources/js/Components/Modals/EditTableModal.tsx;683;tag_content;"-- Display Field --"
resources/js/Components/Modals/EditTableModal.tsx;692;tag_content;"Order Field"
resources/js/Components/Modals/EditTableModal.tsx;699;tag_content;"-- Order Field --"
resources/js/Components/Modals/EditTableModal.tsx;708;tag_content;Direction
resources/js/Components/Modals/EditTableModal.tsx;739;tag_button;Cancel
resources/js/Components/Modals/EditTableModal.tsx;750;tag_content;Updating...
resources/js/Components/Modals/EditTableModal.tsx;755;tag_content;"Update Table"
resources/js/Components/Modals/JoinCodeModal.tsx;40;string_literal;"Please enter a join code"
resources/js/Components/Modals/JoinCodeModal.tsx;51;string_literal;"Not authenticated"
resources/js/Components/Modals/JoinCodeModal.tsx;147;string_literal;",
      month:"
resources/js/Components/Modals/JoinCodeModal.tsx;148;string_literal;",
      day:"
resources/js/Components/Modals/JoinCodeModal.tsx;156;string_literal;"Join Project"
resources/js/Components/Modals/JoinCodeModal.tsx;157;string_literal;"Apply to Project"
resources/js/Components/Modals/JoinCodeModal.tsx;158;string_literal;"Application Sent"
resources/js/Components/Modals/JoinCodeModal.tsx;181;tag_label;"Join Code"
resources/js/Components/Modals/JoinCodeModal.tsx;189;string_literal;PROJ-XXXXXXXX
resources/js/Components/Modals/JoinCodeModal.tsx;200;string_literal;Lookup
resources/js/Components/Modals/JoinCodeModal.tsx;206;tag_p;"Enter the project join code provided by the project owner."
resources/js/Components/Modals/JoinCodeModal.tsx;215;string_literal;"Project Information"
resources/js/Components/Modals/JoinCodeModal.tsx;226;tag_content;Owner:
resources/js/Components/Modals/JoinCodeModal.tsx;237;tag_content;Created:
resources/js/Components/Modals/JoinCodeModal.tsx;242;string_literal;"pt-2 border-t border-gray-200"
resources/js/Components/Modals/JoinCodeModal.tsx;247;tag_content;Teams
resources/js/Components/Modals/JoinCodeModal.tsx;261;string_literal;"Tell the project owner why you'd like to join this project..."
resources/js/Components/Modals/JoinCodeModal.tsx;288;string_literal;Cancel
resources/js/Components/Modals/JoinCodeModal.tsx;299;string_literal;Back
resources/js/Components/Modals/JoinCodeModal.tsx;306;string_literal;Submitting...
resources/js/Components/Modals/JoinCodeModal.tsx;316;string_literal;Done
resources/js/Components/Modals/ManageTeamModal.tsx;129;string_literal;"Failed to send invitation"
resources/js/Components/Modals/ManageTeamModal.tsx;132;string_literal;"Network error occurred"
resources/js/Components/Modals/ManageTeamModal.tsx;139;string_literal;"Remove this member from the team?"
resources/js/Components/Modals/ManageTeamModal.tsx;155;string_literal;"Failed to remove member"
resources/js/Components/Modals/ManageTeamModal.tsx;181;string_literal;"Failed to change role"
resources/js/Components/Modals/ManageTeamModal.tsx;189;string_literal;"Cancel this invitation?"
resources/js/Components/Modals/ManageTeamModal.tsx;206;string_literal;"Failed to cancel invitation"
resources/js/Components/Modals/ManageTeamModal.tsx;283;string_literal;Overview
resources/js/Components/Modals/ManageTeamModal.tsx;308;tag_content;"Team Information"
resources/js/Components/Modals/ManageTeamModal.tsx;312;tag_content;"Team Name"
resources/js/Components/Modals/ManageTeamModal.tsx;316;tag_content;Project
resources/js/Components/Modals/ManageTeamModal.tsx;320;tag_content;Owner
resources/js/Components/Modals/ManageTeamModal.tsx;321;string_literal;Unknown
resources/js/Components/Modals/ManageTeamModal.tsx;324;tag_content;Status
resources/js/Components/Modals/ManageTeamModal.tsx;328;string_literal;Active
resources/js/Components/Modals/ManageTeamModal.tsx;328;string_literal;Inactive
resources/js/Components/Modals/ManageTeamModal.tsx;334;tag_content;Description
resources/js/Components/Modals/ManageTeamModal.tsx;347;tag_content;"Team Members"
resources/js/Components/Modals/ManageTeamModal.tsx;354;tag_content;"Invite Member"
resources/js/Components/Modals/ManageTeamModal.tsx;362;tag_content;"Invite New Member"
resources/js/Components/Modals/ManageTeamModal.tsx;373;attr_placeholder;"e.g., Harveyhase68"
resources/js/Components/Modals/ManageTeamModal.tsx;383;string_literal;"Optional notification email"
resources/js/Components/Modals/ManageTeamModal.tsx;388;tag_content;Role
resources/js/Components/Modals/ManageTeamModal.tsx;394;tag_content;Member
resources/js/Components/Modals/ManageTeamModal.tsx;395;tag_content;Admin
resources/js/Components/Modals/ManageTeamModal.tsx;404;string_literal;"Welcome message for the invitation"
resources/js/Components/Modals/ManageTeamModal.tsx;432;tag_content;Sending...
resources/js/Components/Modals/ManageTeamModal.tsx;437;tag_content;"Send Invitation"
resources/js/Components/Modals/ManageTeamModal.tsx;469;string_literal;"Promote to Admin"
resources/js/Components/Modals/ManageTeamModal.tsx;477;string_literal;"Demote to Member"
resources/js/Components/Modals/ManageTeamModal.tsx;485;string_literal;"Remove Member"
resources/js/Components/Modals/ManageTeamModal.tsx;501;tag_content;"Pending Invitations"
resources/js/Components/Modals/ManageTeamModal.tsx;505;tag_content;"No pending invitations"
resources/js/Components/Modals/ManageTeamModal.tsx;534;string_literal;"Cancel Invitation"
resources/js/Components/Modals/ManageTeamModal.tsx;553;tag_button;Close
resources/js/Components/Modals/MemberModal.tsx;179;string_literal;"Not authenticated"
resources/js/Components/Modals/MemberModal.tsx;191;string_literal;"Failed to load team details"
resources/js/Components/Modals/MemberModal.tsx;244;string_literal;"Failed to load data"
resources/js/Components/Modals/MemberModal.tsx;316;string_literal;"Failed to add member to team"
resources/js/Components/Modals/MemberModal.tsx;323;string_literal;Success
resources/js/Components/Modals/MemberModal.tsx;335;string_literal;Error
resources/js/Components/Modals/MemberModal.tsx;348;string_literal;Warning
resources/js/Components/Modals/MemberModal.tsx;349;string_literal;"Cannot remove team owner"
resources/js/Components/Modals/MemberModal.tsx;357;string_literal;"Remove Member"
resources/js/Components/Modals/MemberModal.tsx;378;string_literal;"Failed to remove member"
resources/js/Components/Modals/MemberModal.tsx;384;string_literal;"Member removed successfully"
resources/js/Components/Modals/MemberModal.tsx;408;string_literal;"Cannot change owner role"
resources/js/Components/Modals/MemberModal.tsx;432;string_literal;"Failed to update role"
resources/js/Components/Modals/MemberModal.tsx;438;string_literal;"Member role updated successfully"
resources/js/Components/Modals/MemberModal.tsx;458;string_literal;Member
resources/js/Components/Modals/MemberModal.tsx;459;string_literal;Admin
resources/js/Components/Modals/MemberModal.tsx;483;string_literal;Available
resources/js/Components/Modals/MemberModal.tsx;509;string_literal;de-DE
resources/js/Components/Modals/MemberModal.tsx;527;tag_content;Owner
resources/js/Components/Modals/MemberModal.tsx;536;string_literal;"Remove from Team"
resources/js/Components/Modals/MemberModal.tsx;549;string_literal;"Assign to Team"
resources/js/Components/Modals/MemberModal.tsx;590;string_literal;"No members found"
resources/js/Components/Modals/MemberModal.tsx;603;string_literal;Role
resources/js/Components/Modals/MemberModal.tsx;609;string_literal;Joined
resources/js/Components/Modals/MemberModal.tsx;614;string_literal;Actions
resources/js/Components/Modals/MemberModal.tsx;625;string_literal;Close
resources/js/Components/Modals/PendingInvitationModal.tsx;53;string_literal;"Not authenticated"
resources/js/Components/Modals/PendingInvitationModal.tsx;70;string_literal;"Failed to load pending invitation"
resources/js/Components/Modals/PendingInvitationModal.tsx;76;string_literal;"Error loading invitation"
resources/js/Components/Modals/PendingInvitationModal.tsx;118;string_literal;"Failed to accept invitation"
resources/js/Components/Modals/PendingInvitationModal.tsx;121;string_literal;"Error accepting invitation"
resources/js/Components/Modals/PendingInvitationModal.tsx;151;string_literal;"Invitation declined"
resources/js/Components/Modals/PendingInvitationModal.tsx;157;string_literal;"Failed to decline invitation"
resources/js/Components/Modals/PendingInvitationModal.tsx;160;string_literal;"Error declining invitation"
resources/js/Components/Modals/PendingInvitationModal.tsx;169;attr_label;"✅ Accept & Join Project"
resources/js/Components/Modals/PendingInvitationModal.tsx;176;string_literal;"❌ Decline"
resources/js/Components/Modals/PendingInvitationModal.tsx;189;string_literal;"🎉 Project Invitation"
resources/js/Components/Modals/PendingInvitationModal.tsx;213;tag_p;"Complete your registration by accepting this invitation"
resources/js/Components/Modals/PendingInvitationModal.tsx;234;tag_content;"Invited by:"
resources/js/Components/Modals/PendingInvitationModal.tsx;244;tag_content;"Your Role:"
resources/js/Components/Modals/PendingInvitationModal.tsx;251;tag_content;"Project Owner:"
resources/js/Components/Modals/PendingInvitationModal.tsx;261;tag_content;Expires:
resources/js/Components/Modals/PendingInvitationModal.tsx;269;string_literal;"border-t border-gray-600 pt-4"
resources/js/Components/Modals/PendingInvitationModal.tsx;270;tag_content;"Personal message:"
resources/js/Components/Modals/ProjectInvitationsModal.tsx;45;string_literal;Member
resources/js/Components/Modals/ProjectInvitationsModal.tsx;46;string_literal;Admin
resources/js/Components/Modals/ProjectInvitationsModal.tsx;74;string_literal;"Not authenticated"
resources/js/Components/Modals/ProjectInvitationsModal.tsx;86;string_literal;"Failed to load invitations"
resources/js/Components/Modals/ProjectInvitationsModal.tsx;93;string_literal;"Error loading invitations"
resources/js/Components/Modals/ProjectInvitationsModal.tsx;118;string_literal;"States cleared, about to fetch"
resources/js/Components/Modals/ProjectInvitationsModal.tsx;141;string_literal;"Response received:"
resources/js/Components/Modals/ProjectInvitationsModal.tsx;144;string_literal;"Failed to send invitation"
resources/js/Components/Modals/ProjectInvitationsModal.tsx;147;string_literal;"Setting success message..."
resources/js/Components/Modals/ProjectInvitationsModal.tsx;150;string_literal;"Clearing form..."
resources/js/Components/Modals/ProjectInvitationsModal.tsx;157;string_literal;"Adding invitation to list - raw data:"
resources/js/Components/Modals/ProjectInvitationsModal.tsx;171;string_literal;You
resources/js/Components/Modals/ProjectInvitationsModal.tsx;177;string_literal;"Adding enriched invitation:"
resources/js/Components/Modals/ProjectInvitationsModal.tsx;187;string_literal;"Auto-clearing success message after 5 seconds"
resources/js/Components/Modals/ProjectInvitationsModal.tsx;193;string_literal;"Error sending invitation"
resources/js/Components/Modals/ProjectInvitationsModal.tsx;204;string_literal;"Cancel Invitation"
resources/js/Components/Modals/ProjectInvitationsModal.tsx;220;string_literal;"✅ Invitation cancelled successfully"
resources/js/Components/Modals/ProjectInvitationsModal.tsx;229;string_literal;"Failed to cancel invitation"
resources/js/Components/Modals/ProjectInvitationsModal.tsx;243;string_literal;"Resend Invitation"
resources/js/Components/Modals/ProjectInvitationsModal.tsx;261;string_literal;"Resent invitation"
resources/js/Components/Modals/ProjectInvitationsModal.tsx;275;string_literal;"Failed to resend invitation"
resources/js/Components/Modals/ProjectInvitationsModal.tsx;286;string_literal;Pending
resources/js/Components/Modals/ProjectInvitationsModal.tsx;288;string_literal;Declined
resources/js/Components/Modals/ProjectInvitationsModal.tsx;289;string_literal;Expired
resources/js/Components/Modals/ProjectInvitationsModal.tsx;305;string_literal;"Cancel invitation"
resources/js/Components/Modals/ProjectInvitationsModal.tsx;314;string_literal;"Resend invitation"
resources/js/Components/Modals/ProjectInvitationsModal.tsx;319;tag_span;✓
resources/js/Components/Modals/ProjectInvitationsModal.tsx;325;tag_span;✗
resources/js/Components/Modals/ProjectInvitationsModal.tsx;337;string_literal;Close
resources/js/Components/Modals/ProjectInvitationsModal.tsx;360;tag_content;"Send New Invitation"
resources/js/Components/Modals/ProjectInvitationsModal.tsx;364;tag_content;"Email Address *"
resources/js/Components/Modals/ProjectInvitationsModal.tsx;370;string_literal;user@example.com
resources/js/Components/Modals/ProjectInvitationsModal.tsx;392;string_literal;"Add a personal message to the invitation..."
resources/js/Components/Modals/ProjectInvitationsModal.tsx;398;string_literal;"Send Invitation"
resources/js/Components/Modals/ProjectInvitationsModal.tsx;409;tag_content;"Existing Invitations"
resources/js/Components/Modals/ProjectInvitationsModal.tsx;414;string_literal;"No invitations sent yet"
resources/js/Components/Modals/ProjectInvitationsModal.tsx;420;string_literal;Email
resources/js/Components/Modals/ProjectInvitationsModal.tsx;425;string_literal;Role
resources/js/Components/Modals/ProjectInvitationsModal.tsx;433;string_literal;Status
resources/js/Components/Modals/ProjectInvitationsModal.tsx;439;string_literal;Sent
resources/js/Components/Modals/ProjectInvitationsModal.tsx;445;string_literal;Expires
resources/js/Components/Modals/ProjectInvitationsModal.tsx;450;string_literal;Actions
resources/js/Components/Modals/ProjectMembersModal.tsx;56;string_literal;"Failed to load project members"
resources/js/Components/Modals/ProjectMembersModal.tsx;63;string_literal;"Error loading project members"
resources/js/Components/Modals/ProjectMembersModal.tsx;95;string_literal;"Failed to remove member"
resources/js/Components/Modals/ProjectMembersModal.tsx;98;string_literal;"Member removed successfully"
resources/js/Components/Modals/ProjectMembersModal.tsx;101;string_literal;"Error removing member"
resources/js/Components/Modals/ProjectMembersModal.tsx;128;string_literal;"Failed to update member role"
resources/js/Components/Modals/ProjectMembersModal.tsx;131;string_literal;"Member role updated successfully"
resources/js/Components/Modals/ProjectMembersModal.tsx;134;string_literal;"Error updating member role"
resources/js/Components/Modals/ProjectMembersModal.tsx;141;string_literal;"Confirm Removal"
resources/js/Components/Modals/ProjectMembersModal.tsx;149;string_literal;en-US
resources/js/Components/Modals/ProjectMembersModal.tsx;176;string_literal;Member
resources/js/Components/Modals/ProjectMembersModal.tsx;177;string_literal;Admin
resources/js/Components/Modals/ProjectMembersModal.tsx;193;string_literal;Owner
resources/js/Components/Modals/ProjectMembersModal.tsx;206;string_literal;"Select role"
resources/js/Components/Modals/ProjectMembersModal.tsx;221;string_literal;"Remove member"
resources/js/Components/Modals/ProjectMembersModal.tsx;264;string_literal;"No members found"
resources/js/Components/Modals/ProjectMembersModal.tsx;270;string_literal;User
resources/js/Components/Modals/ProjectMembersModal.tsx;276;string_literal;Role
resources/js/Components/Modals/ProjectMembersModal.tsx;282;string_literal;Joined
resources/js/Components/Modals/ProjectMembersModal.tsx;287;string_literal;Actions
resources/js/Components/Modals/ProjectMembersModal.tsx;296;string_literal;Close
resources/js/Components/Modals/TeamModal.tsx;98;string_literal;"Team name is required"
resources/js/Components/Modals/TeamModal.tsx;108;string_literal;"Not authenticated"
resources/js/Components/Modals/TeamModal.tsx;132;string_literal;"Failed to save team"
resources/js/Components/Modals/TeamModal.tsx;155;string_literal;"Edit Team"
resources/js/Components/Modals/TeamModal.tsx;155;string_literal;"Create New Team"
resources/js/Components/Modals/TeamModal.tsx;169;tag_label;"Team Name *"
resources/js/Components/Modals/TeamModal.tsx;176;string_literal;"Enter team name"
resources/js/Components/Modals/TeamModal.tsx;182;tag_label;Description
resources/js/Components/Modals/TeamModal.tsx;189;attr_placeholder;"Enter team description (optional)"
resources/js/Components/Modals/TeamModal.tsx;195;tag_label;Projects
resources/js/Components/Modals/TeamModal.tsx;206;string_literal;"Select projects"
resources/js/Components/Modals/TeamModal.tsx;222;tag_label;"Team is active"
resources/js/Components/Modals/TeamModal.tsx;232;string_literal;Cancel
resources/js/Components/Modals/TeamModal.tsx;240;string_literal;Update
resources/js/Components/Modals/TeamModal.tsx;240;string_literal;Create
resources/js/Components/Panels/CMSAdminPanel.tsx;40;string_literal;English
resources/js/Components/Panels/CMSAdminPanel.tsx;41;string_literal;Deutsch
resources/js/Components/Panels/CMSAdminPanel.tsx;42;string_literal;Français
resources/js/Components/Panels/CMSAdminPanel.tsx;43;string_literal;Español
resources/js/Components/Panels/CMSAdminPanel.tsx;44;string_literal;Italiano
resources/js/Components/Panels/CMSAdminPanel.tsx;69;string_literal;"Failed to load pages:"
resources/js/Components/Panels/CMSAdminPanel.tsx;106;string_literal;"Please fill in all required fields"
resources/js/Components/Panels/CMSAdminPanel.tsx;135;string_literal;"Failed to save page:"
resources/js/Components/Panels/CMSAdminPanel.tsx;144;string_literal;"Confirm Deletion"
resources/js/Components/Panels/CMSAdminPanel.tsx;155;string_literal;"Failed to delete page:"
resources/js/Components/Panels/CMSAdminPanel.tsx;170;string_literal;Edit
resources/js/Components/Panels/CMSAdminPanel.tsx;178;attr_tooltip;Delete
resources/js/Components/Panels/CMSAdminPanel.tsx;186;string_literal;"View Page"
resources/js/Components/Panels/CMSAdminPanel.tsx;195;string_literal;Active
resources/js/Components/Panels/CMSAdminPanel.tsx;195;string_literal;Inactive
resources/js/Components/Panels/CMSAdminPanel.tsx;216;tag_h3;"📝 CMS Page Management"
resources/js/Components/Panels/CMSAdminPanel.tsx;241;string_literal;"No pages found"
resources/js/Components/Panels/CMSAdminPanel.tsx;244;string_literal;Slug
resources/js/Components/Panels/CMSAdminPanel.tsx;245;string_literal;Language
resources/js/Components/Panels/CMSAdminPanel.tsx;246;string_literal;Title
resources/js/Components/Panels/CMSAdminPanel.tsx;247;string_literal;Status
resources/js/Components/Panels/CMSAdminPanel.tsx;250;string_literal;"Last Updated"
resources/js/Components/Panels/CMSAdminPanel.tsx;256;string_literal;Actions
resources/js/Components/Panels/CMSAdminPanel.tsx;265;string_literal;"Edit Page"
resources/js/Components/Panels/CMSAdminPanel.tsx;265;string_literal;"Create New Page"
resources/js/Components/Panels/CMSAdminPanel.tsx;272;string_literal;Cancel
resources/js/Components/Panels/CMSAdminPanel.tsx;279;string_literal;Saving...
resources/js/Components/Panels/CMSAdminPanel.tsx;279;string_literal;Save
resources/js/Components/Panels/CMSAdminPanel.tsx;291;tag_label;"Slug *"
resources/js/Components/Panels/CMSAdminPanel.tsx;298;string_literal;"help, impressum, privacy-policy..."
resources/js/Components/Panels/CMSAdminPanel.tsx;309;tag_label;"Language *"
resources/js/Components/Panels/CMSAdminPanel.tsx;317;string_literal;"Select a language"
resources/js/Components/Panels/CMSAdminPanel.tsx;328;tag_label;"Title *"
resources/js/Components/Panels/CMSAdminPanel.tsx;335;string_literal;"Page title..."
resources/js/Components/Panels/CMSAdminPanel.tsx;342;tag_label;"Content *"
resources/js/Components/Panels/CMSAdminPanel.tsx;351;string_literal;"WYSIWYG Editor"
resources/js/Components/Panels/CMSAdminPanel.tsx;360;string_literal;"HTML Source"
resources/js/Components/Panels/CMSAdminPanel.tsx;363;tag_content;"HTML Quellcode mit Syntax-Highlighting"
resources/js/Components/Panels/CMSAdminPanel.tsx;365;string_literal;Formatieren
resources/js/Components/Panels/CMSAdminPanel.tsx;393;string_literal;"Fira Code"
resources/js/Components/Panels/CMSAdminPanel.tsx;393;string_literal;Consolas
resources/js/Components/Panels/CMSAdminPanel.tsx;393;string_literal;Monaco
resources/js/Components/Panels/CMSAdminPanel.tsx;393;string_literal;"Courier New"
resources/js/Components/Panels/CMSAdminPanel.tsx;395;string_literal;#1a1a1a
resources/js/Components/Panels/CMSAdminPanel.tsx;396;string_literal;#d4d4d4
resources/js/Components/Panels/CMSAdminPanel.tsx;402;attr_placeholder;"HTML-Code hier einfügen..."
resources/js/Components/Panels/CMSAdminPanel.tsx;424;string_literal;✅
resources/js/Components/Panels/CMSAdminPanel.tsx;424;string_literal;⬜
resources/js/Components/Panels/CodeGenerationPanel.tsx;72;string_literal;"Failed to generate code"
resources/js/Components/Panels/CodeGenerationPanel.tsx;86;string_literal;"No files found for selected table index"
resources/js/Components/Panels/CodeGenerationPanel.tsx;106;string_literal;\n
resources/js/Components/Panels/CodeGenerationPanel.tsx;165;string_literal;"Could not parse JavaScript function\n\n"
resources/js/Components/Panels/CodeGenerationPanel.tsx;166;string_literal;"Raw content:\n"
resources/js/Components/Panels/CodeGenerationPanel.tsx;186;string_literal;"Starting batch execution of all 278 JavaScript functions...\n\n"
resources/js/Components/Panels/CodeGenerationPanel.tsx;280;string_literal;"No generated files to download. Please execute all functions first."
resources/js/Components/Panels/CodeGenerationPanel.tsx;286;string_literal;"# Generated Code Files from Template System\n\n"
resources/js/Components/Panels/CodeGenerationPanel.tsx;296;string_literal;\n\n
resources/js/Components/Panels/CodeGenerationPanel.tsx;300;string_literal;text/plain
resources/js/Components/Panels/CodeGenerationPanel.tsx;327;tag_content;"Code Generation Test Panel"
resources/js/Components/Panels/CodeGenerationPanel.tsx;332;tag_label;"Template ID"
resources/js/Components/Panels/CodeGenerationPanel.tsx;338;attr_placeholder;"Enter template ID (e.g., 1)"
resources/js/Components/Panels/CodeGenerationPanel.tsx;344;tag_label;"Table Index"
resources/js/Components/Panels/CodeGenerationPanel.tsx;351;string_literal;"Select table"
resources/js/Components/Panels/CodeGenerationPanel.tsx;358;string_literal;Generating...
resources/js/Components/Panels/CodeGenerationPanel.tsx;358;string_literal;"Generate Code"
resources/js/Components/Panels/CodeGenerationPanel.tsx;374;tag_content;"Generation Summary:"
resources/js/Components/Panels/CodeGenerationPanel.tsx;387;string_literal;"Clean JavaScript"
resources/js/Components/Panels/CodeGenerationPanel.tsx;395;string_literal;"Execution Result"
resources/js/Components/Panels/CodeGenerationPanel.tsx;399;string_literal;"Execute Single File"
resources/js/Components/Panels/CodeGenerationPanel.tsx;407;string_literal;"Processing All 278..."
resources/js/Components/Panels/CodeGenerationPanel.tsx;407;string_literal;"Execute All Files"
resources/js/Components/Panels/CodeGenerationPanel.tsx;416;string_literal;"Download ZIP"
resources/js/Components/Panels/CodeGenerationPanel.tsx;433;string_literal;"Click ""Execute Single File"" or ""Execute All Files"" to see results..."
resources/js/Components/Panels/CodeGenerationPanel.tsx;445;tag_content;Performance:
resources/js/Components/Panels/DatabaseManagementPanel.tsx;131;string_literal;"Not authenticated"
resources/js/Components/Panels/DatabaseManagementPanel.tsx;145;string_literal;"Failed to load schemas"
resources/js/Components/Panels/DatabaseManagementPanel.tsx;152;string_literal;"Error loading schemas"
resources/js/Components/Panels/DatabaseManagementPanel.tsx;221;string_literal;"Please select at least one language"
resources/js/Components/Panels/DatabaseManagementPanel.tsx;245;string_literal;"Failed to export translations"
resources/js/Components/Panels/DatabaseManagementPanel.tsx;259;string_literal;"Translations exported successfully"
resources/js/Components/Panels/DatabaseManagementPanel.tsx;261;string_literal;"Error exporting translations"
resources/js/Components/Panels/DatabaseManagementPanel.tsx;294;string_literal;"Failed to import translations"
resources/js/Components/Panels/DatabaseManagementPanel.tsx;301;string_literal;"Error importing translations"
resources/js/Components/Panels/DatabaseManagementPanel.tsx;330;string_literal;"Failed to create schema"
resources/js/Components/Panels/DatabaseManagementPanel.tsx;336;string_literal;"Database schema created successfully"
resources/js/Components/Panels/DatabaseManagementPanel.tsx;339;string_literal;"Error creating schema"
resources/js/Components/Panels/DatabaseManagementPanel.tsx;382;string_literal;"Failed to update schema"
resources/js/Components/Panels/DatabaseManagementPanel.tsx;388;string_literal;"Schema updated successfully"
resources/js/Components/Panels/DatabaseManagementPanel.tsx;391;string_literal;"Error updating schema"
resources/js/Components/Panels/DatabaseManagementPanel.tsx;438;string_literal;"Failed to associate schema"
resources/js/Components/Panels/DatabaseManagementPanel.tsx;447;string_literal;"Error associating schema"
resources/js/Components/Panels/DatabaseManagementPanel.tsx;454;string_literal;de-DE
resources/js/Components/Panels/DatabaseManagementPanel.tsx;485;tag_content;"Not assigned"
resources/js/Components/Panels/DatabaseManagementPanel.tsx;529;string_literal;"Failed to remove schema from project"
resources/js/Components/Panels/DatabaseManagementPanel.tsx;536;string_literal;"Error removing schema"
resources/js/Components/Panels/DatabaseManagementPanel.tsx;585;string_literal;"Failed to copy schema"
resources/js/Components/Panels/DatabaseManagementPanel.tsx;594;string_literal;"Error copying schema"
resources/js/Components/Panels/DatabaseManagementPanel.tsx;606;string_literal;"Schema name does not match. Please type the exact schema name to confirm deletion."
resources/js/Components/Panels/DatabaseManagementPanel.tsx;683;string_literal;"Error deleting schema"
resources/js/Components/Panels/DatabaseManagementPanel.tsx;714;string_literal;"Link to project"
resources/js/Components/Panels/DatabaseManagementPanel.tsx;735;string_literal;"Associate to project"
resources/js/Components/Panels/DatabaseManagementPanel.tsx;743;string_literal;"Edit schema"
resources/js/Components/Panels/DatabaseManagementPanel.tsx;749;string_literal;"Copy database"
resources/js/Components/Panels/DatabaseManagementPanel.tsx;756;string_literal;"Open in Designer"
resources/js/Components/Panels/DatabaseManagementPanel.tsx;763;string_literal;"Delete schema"
resources/js/Components/Panels/DatabaseManagementPanel.tsx;771;string_literal;Private
resources/js/Components/Panels/DatabaseManagementPanel.tsx;772;string_literal;Public
resources/js/Components/Panels/DatabaseManagementPanel.tsx;798;tag_content;"Database Management"
resources/js/Components/Panels/DatabaseManagementPanel.tsx;803;string_literal;"New Database"
resources/js/Components/Panels/DatabaseManagementPanel.tsx;811;string_literal;Refresh
resources/js/Components/Panels/DatabaseManagementPanel.tsx;829;string_literal;"My Database Schemas"
resources/js/Components/Panels/DatabaseManagementPanel.tsx;833;string_literal;"No database schemas found. Create your first schema to get started."
resources/js/Components/Panels/DatabaseManagementPanel.tsx;840;string_literal;"Schema Name"
resources/js/Components/Panels/DatabaseManagementPanel.tsx;841;string_literal;Description
resources/js/Components/Panels/DatabaseManagementPanel.tsx;843;string_literal;"Assigned Projects"
resources/js/Components/Panels/DatabaseManagementPanel.tsx;849;string_literal;Visibility
resources/js/Components/Panels/DatabaseManagementPanel.tsx;855;string_literal;Owner
resources/js/Components/Panels/DatabaseManagementPanel.tsx;861;string_literal;Created
resources/js/Components/Panels/DatabaseManagementPanel.tsx;867;string_literal;Actions
resources/js/Components/Panels/DatabaseManagementPanel.tsx;876;string_literal;"Translation Export/Import"
resources/js/Components/Panels/DatabaseManagementPanel.tsx;886;attr_label;"Export Translations"
resources/js/Components/Panels/DatabaseManagementPanel.tsx;893;attr_label;"Import Translations"
resources/js/Components/Panels/DatabaseManagementPanel.tsx;905;string_literal;"Create New Database Schema"
resources/js/Components/Panels/DatabaseManagementPanel.tsx;917;tag_label;"Schema Name *"
resources/js/Components/Panels/DatabaseManagementPanel.tsx;923;string_literal;"Enter schema name"
resources/js/Components/Panels/DatabaseManagementPanel.tsx;937;attr_placeholder;"Enter schema description (optional)"
resources/js/Components/Panels/DatabaseManagementPanel.tsx;952;string_literal;"Select visibility"
resources/js/Components/Panels/DatabaseManagementPanel.tsx;963;string_literal;Cancel
resources/js/Components/Panels/DatabaseManagementPanel.tsx;970;string_literal;Creating...
resources/js/Components/Panels/DatabaseManagementPanel.tsx;970;string_literal;"Create Schema"
resources/js/Components/Panels/DatabaseManagementPanel.tsx;981;string_literal;"Edit Database Schema"
resources/js/Components/Panels/DatabaseManagementPanel.tsx;1043;string_literal;Updating...
resources/js/Components/Panels/DatabaseManagementPanel.tsx;1043;string_literal;"Update Schema"
resources/js/Components/Panels/DatabaseManagementPanel.tsx;1054;string_literal;"Link Schema to Project"
resources/js/Components/Panels/DatabaseManagementPanel.tsx;1070;string_literal;"No description"
resources/js/Components/Panels/DatabaseManagementPanel.tsx;1077;tag_label;"Select Project *"
resources/js/Components/Panels/DatabaseManagementPanel.tsx;1084;string_literal;"Select a project"
resources/js/Components/Panels/DatabaseManagementPanel.tsx;1094;tag_label;"Link to Project:"
resources/js/Components/Panels/DatabaseManagementPanel.tsx;1104;tag_label;"Association Type"
resources/js/Components/Panels/DatabaseManagementPanel.tsx;1123;string_literal;"Custom name for this schema in the project"
resources/js/Components/Panels/DatabaseManagementPanel.tsx;1138;string_literal;Linking...
resources/js/Components/Panels/DatabaseManagementPanel.tsx;1138;string_literal;"Link Schema"
resources/js/Components/Panels/DatabaseManagementPanel.tsx;1163;tag_content;"⚠️ Permanent Deletion Warning"
resources/js/Components/Panels/DatabaseManagementPanel.tsx;1166;tag_content;ALL
resources/js/Components/Panels/DatabaseManagementPanel.tsx;1174;tag_content;"🎨 All schema designer layouts"
resources/js/Components/Panels/DatabaseManagementPanel.tsx;1175;tag_content;"⚙️ All constraints and relationships"
resources/js/Components/Panels/DatabaseManagementPanel.tsx;1180;tag_content;"cannot be undone"
resources/js/Components/Panels/DatabaseManagementPanel.tsx;1193;string_literal;"w-full px-3 py-2 border border-gray-300 rounded focus:outline-none focus:ring-2 focus:ring-red-500 focus:border-red-500"
resources/js/Components/Panels/DatabaseManagementPanel.tsx;1217;string_literal;Deleting...
resources/js/Components/Panels/DatabaseManagementPanel.tsx;1217;string_literal;"🗑️ Delete Forever"
resources/js/Components/Panels/DatabaseManagementPanel.tsx;1229;attr_header;"Export Translations to Excel"
resources/js/Components/Panels/DatabaseManagementPanel.tsx;1244;tag_p;"Select languages to include in the Excel export. The export will contain all tables and fields from linked databases."
resources/js/Components/Panels/DatabaseManagementPanel.tsx;1250;tag_label;"Select Languages *"
resources/js/Components/Panels/DatabaseManagementPanel.tsx;1257;string_literal;"Select languages to export"
resources/js/Components/Panels/DatabaseManagementPanel.tsx;1292;attr_header;"Import Translations from Excel"
resources/js/Components/Panels/DatabaseManagementPanel.tsx;1307;tag_p;"Upload an Excel file with translations. The file must follow the export format."
resources/js/Components/Panels/DatabaseManagementPanel.tsx;1313;tag_label;"Upload Excel File *"
resources/js/Components/Panels/DatabaseManagementPanel.tsx;1324;string_literal;"Choose Excel File"
resources/js/Components/Panels/DatabaseManagementPanel.tsx;1350;string_literal;"Copy Database Schema"
resources/js/Components/Panels/DatabaseManagementPanel.tsx;1365;tag_p;"This will create a complete copy of the database schema including all tables, fields, constraints, and designer layouts. The copy will be set to version 1."
resources/js/Components/Panels/DatabaseManagementPanel.tsx;1371;tag_label;"New Schema Name *"
resources/js/Components/Panels/DatabaseManagementPanel.tsx;1377;string_literal;"Enter name for the copied schema"
resources/js/Components/Panels/DatabaseManagementPanel.tsx;1402;string_literal;Copying...
resources/js/Components/Panels/DatabaseManagementPanel.tsx;1402;string_literal;"Copy Database"
resources/js/Components/Panels/DebugManualGeneratorPanel.tsx;32;string_literal;\n
resources/js/Components/Panels/DebugManualGeneratorPanel.tsx;39;string_literal;\\n
resources/js/Components/Panels/DebugManualGeneratorPanel.tsx;40;string_literal;\\r
resources/js/Components/Panels/DebugManualGeneratorPanel.tsx;41;string_literal;\\t
resources/js/Components/Panels/DebugManualGeneratorPanel.tsx;49;string_literal;#1a1a1a
resources/js/Components/Panels/DebugManualGeneratorPanel.tsx;50;string_literal;#d4d4d4
resources/js/Components/Panels/DebugManualGeneratorPanel.tsx;51;string_literal;"Fira Code"
resources/js/Components/Panels/DebugManualGeneratorPanel.tsx;51;string_literal;Consolas
resources/js/Components/Panels/DebugManualGeneratorPanel.tsx;51;string_literal;Monaco
resources/js/Components/Panels/DebugManualGeneratorPanel.tsx;51;string_literal;"Courier New"
resources/js/Components/Panels/DebugManualGeneratorPanel.tsx;60;string_literal;#0d1117
resources/js/Components/Panels/DebugManualGeneratorPanel.tsx;61;string_literal;#6e7681
resources/js/Components/Panels/DebugManualGeneratorPanel.tsx;111;string_literal;\\u000A
resources/js/Components/Panels/DebugManualGeneratorPanel.tsx;112;string_literal;\\u000D
resources/js/Components/Panels/DebugManualGeneratorPanel.tsx;113;string_literal;\\u0009
resources/js/Components/Panels/DebugManualGeneratorPanel.tsx;136;string_literal;"Hier erscheint der generierte JavaScript-Code..."
resources/js/Components/Panels/DebugManualGeneratorPanel.tsx;162;string_literal;"Clipboard-API nicht verfügbar. Bitte manuell kopieren:\n\n"
resources/js/Components/Panels/DebugManualGeneratorPanel.tsx;165;string_literal;"Clipboard-Zugriff nicht möglich. Bitte prüfen Sie Browser-Einstellungen."
resources/js/Components/Panels/DebugManualGeneratorPanel.tsx;352;string_literal;"Keine Templates gefunden. Bitte erstellen Sie zuerst Templates im Template Management."
resources/js/Components/Panels/DebugManualGeneratorPanel.tsx;358;string_literal;"Fehler beim Laden der Templates"
resources/js/Components/Panels/DebugManualGeneratorPanel.tsx;420;string_literal;"Fehler beim Laden der Template-Dateien"
resources/js/Components/Panels/DebugManualGeneratorPanel.tsx;499;string_literal;"Unknown Table"
resources/js/Components/Panels/DebugManualGeneratorPanel.tsx;746;string_literal;"Bitte Template und Datei auswählen"
resources/js/Components/Panels/DebugManualGeneratorPanel.tsx;753;string_literal;"Bitte Projekt auswählen"
resources/js/Components/Panels/DebugManualGeneratorPanel.tsx;758;string_literal;"Bitte Tabelle auswählen"
resources/js/Components/Panels/DebugManualGeneratorPanel.tsx;763;string_literal;"Bitte Sprache auswählen"
resources/js/Components/Panels/DebugManualGeneratorPanel.tsx;894;string_literal;\\u0020\\u0020
resources/js/Components/Panels/DebugManualGeneratorPanel.tsx;895;string_literal;\\u0020\\u0020\\u0020\\u0020
resources/js/Components/Panels/DebugManualGeneratorPanel.tsx;928;string_literal;"❌ Datei für ausgewählte Konfiguration nicht gefunden\\n\\n"
resources/js/Components/Panels/DebugManualGeneratorPanel.tsx;936;string_literal;Unknown
resources/js/Components/Panels/DebugManualGeneratorPanel.tsx;953;string_literal;"\\n💡 Lösung: Prüfen Sie Template-Konfiguration und Backend-Response."
resources/js/Components/Panels/DebugManualGeneratorPanel.tsx;959;string_literal;"Fehler beim Laden des Codes"
resources/js/Components/Panels/DebugManualGeneratorPanel.tsx;970;string_literal;"Kein Code zum Ausführen vorhanden"
resources/js/Components/Panels/DebugManualGeneratorPanel.tsx;1002;string_literal;\\\\\\\\u0009
resources/js/Components/Panels/DebugManualGeneratorPanel.tsx;1002;string_literal;\t
resources/js/Components/Panels/DebugManualGeneratorPanel.tsx;1005;string_literal;\\\\\\\\u000D
resources/js/Components/Panels/DebugManualGeneratorPanel.tsx;1005;string_literal;\\\\r
resources/js/Components/Panels/DebugManualGeneratorPanel.tsx;1006;string_literal;\\\\\\\\u000A
resources/js/Components/Panels/DebugManualGeneratorPanel.tsx;1006;string_literal;\\\\n
resources/js/Components/Panels/DebugManualGeneratorPanel.tsx;1026;string_literal;"No function found in generated code"
resources/js/Components/Panels/DebugManualGeneratorPanel.tsx;1048;string_literal;"Unbekannter Fehler"
resources/js/Components/Panels/DebugManualGeneratorPanel.tsx;1048;string_literal;"Debug Helper"
resources/js/Components/Panels/DebugManualGeneratorPanel.tsx;1093;string_literal;SyntaxError
resources/js/Components/Panels/DebugManualGeneratorPanel.tsx;1096;string_literal;ReferenceError
resources/js/Components/Panels/DebugManualGeneratorPanel.tsx;1259;tag_content;"🔧 Debug Manual Generator"
resources/js/Components/Panels/DebugManualGeneratorPanel.tsx;1260;tag_p;"Template development and code debugging for individual files"
resources/js/Components/Panels/DebugManualGeneratorPanel.tsx;1270;tag_label;"📄 Template"
resources/js/Components/Panels/DebugManualGeneratorPanel.tsx;1277;string_literal;"Template wählen"
resources/js/Components/Panels/DebugManualGeneratorPanel.tsx;1284;tag_label;"📝 Template Datei"
resources/js/Components/Panels/DebugManualGeneratorPanel.tsx;1293;string_literal;"Datei wählen"
resources/js/Components/Panels/DebugManualGeneratorPanel.tsx;1310;string_literal;"Tabelle wählen"
resources/js/Components/Panels/DebugManualGeneratorPanel.tsx;1310;string_literal;"Nicht benötigt für diesen File-Typ"
resources/js/Components/Panels/DebugManualGeneratorPanel.tsx;1325;string_literal;"Projekt wählen"
resources/js/Components/Panels/DebugManualGeneratorPanel.tsx;1342;string_literal;"Sprache wählen"
resources/js/Components/Panels/DebugManualGeneratorPanel.tsx;1360;tag_label;"Template-Quelle im Code einschließen"
resources/js/Components/Panels/DebugManualGeneratorPanel.tsx;1369;string_literal;"Code wird geholt..."
resources/js/Components/Panels/DebugManualGeneratorPanel.tsx;1369;string_literal;"Code holen"
resources/js/Components/Panels/DebugManualGeneratorPanel.tsx;1377;string_literal;"Code ausführen"
resources/js/Components/Panels/DebugManualGeneratorPanel.tsx;1385;string_literal;"🔍 Debug Helper"
resources/js/Components/Panels/DebugManualGeneratorPanel.tsx;1440;string_literal;\\\\u000A
resources/js/Components/Panels/DebugManualGeneratorPanel.tsx;1473;string_literal;"🔴 No project selected for project_file template"
resources/js/Components/Panels/DebugManualGeneratorPanel.tsx;1476;string_literal;"🔴 No table selected for db_table_file template"
resources/js/Components/Panels/DebugManualGeneratorPanel.tsx;1479;string_literal;"🟡 No language selected for language-enabled template"
resources/js/Components/Panels/DebugManualGeneratorPanel.tsx;1531;string_literal;"1. Vorbereiteter Code"
resources/js/Components/Panels/DebugManualGeneratorPanel.tsx;1534;tag_content;"Editierbarer JavaScript-Code"
resources/js/Components/Panels/DebugManualGeneratorPanel.tsx;1537;string_literal;"GTree kopieren"
resources/js/Components/Panels/DebugManualGeneratorPanel.tsx;1564;string_literal;"GTree downloaden"
resources/js/Components/Panels/DebugManualGeneratorPanel.tsx;1583;string_literal;"Download fehlgeschlagen. Bitte prüfen Sie die GTree-Daten."
resources/js/Components/Panels/DebugManualGeneratorPanel.tsx;1591;string_literal;"Code kopieren"
resources/js/Components/Panels/DebugManualGeneratorPanel.tsx;1621;tag_content;"Code Editor konnte nicht geladen werden"
resources/js/Components/Panels/DebugManualGeneratorPanel.tsx;1622;tag_content;"Verwenden Sie eine einfache Textarea als Fallback"
resources/js/Components/Panels/DebugManualGeneratorPanel.tsx;1628;string_literal;"Klicken Sie auf ""Code abrufen"" um den Code zu sehen..."
resources/js/Components/Panels/DebugManualGeneratorPanel.tsx;1628;string_literal;"Code abrufen"
resources/js/Components/Panels/DebugManualGeneratorPanel.tsx;1679;string_literal;"2. Ausgeführtes Ergebnis"
resources/js/Components/Panels/DebugManualGeneratorPanel.tsx;1683;tag_content;"Generierter PHP-Code"
resources/js/Components/Panels/DebugManualGeneratorPanel.tsx;1707;string_literal;"Code downloaden"
resources/js/Components/Panels/DebugManualGeneratorPanel.tsx;1714;string_literal;text/plain
resources/js/Components/Panels/DebugManualGeneratorPanel.tsx;1724;string_literal;"Download fehlgeschlagen."
resources/js/Components/Panels/DebugManualGeneratorPanel.tsx;1744;string_literal;"Klicken Sie auf ""Code ausführen"" um das Ergebnis zu sehen..."
resources/js/Components/Panels/DebugManualGeneratorPanel.tsx;1750;string_literal;"3. 🔍 Debug Helper"
resources/js/Components/Panels/DebugManualGeneratorPanel.tsx;1760;string_literal;"Klicken Sie auf ""🔍 Debug Helper"" um die Debug-Informationen zu sehen..."
resources/js/Components/Panels/FileModal.tsx;106;string_literal;"ZIP-Datei entfernt"
resources/js/Components/Panels/FileModal.tsx;111;string_literal;"Datei bearbeiten"
resources/js/Components/Panels/FileModal.tsx;111;string_literal;"Neue Datei hinzufügen"
resources/js/Components/Panels/FileModal.tsx;124;tag_label;"Dateiname *"
resources/js/Components/Panels/FileModal.tsx;135;attr_placeholder;"e.g., Model.php, component.tsx, config.json"
resources/js/Components/Panels/FileModal.tsx;147;tag_label;"Template-Typ *"
resources/js/Components/Panels/FileModal.tsx;160;string_literal;"Typ auswählen"
resources/js/Components/Panels/FileModal.tsx;185;tag_content;Pfad:
resources/js/Components/Panels/FileModal.tsx;189;attr_placeholder;"e.g., /components/, /services/, /app/Http/Controllers/"
resources/js/Components/Panels/FileModal.tsx;202;tag_label;"Inhaltstyp auswählen:"
resources/js/Components/Panels/FileModal.tsx;208;attr_label;Text-Eingabe
resources/js/Components/Panels/FileModal.tsx;215;string_literal;ZIP-Upload
resources/js/Components/Panels/FileModal.tsx;268;tag_label;"ZIP-Datei hochladen"
resources/js/Components/Panels/FileModal.tsx;278;string_literal;"ZIP-Datei auswählen"
resources/js/Components/Panels/FileModal.tsx;286;string_literal;#6b7280
resources/js/Components/Panels/FileModal.tsx;287;tag_content;"ZIP-Datei hier ablegen oder klicken zum Auswählen"
resources/js/Components/Panels/FileModal.tsx;288;tag_p;"Unterstützt werden .zip Dateien mit Template-Strukturen"
resources/js/Components/Panels/FileModal.tsx;307;string_literal;Entfernen
resources/js/Components/Panels/FileModal.tsx;321;tag_content;Template-Typen:
resources/js/Components/Panels/FileModal.tsx;334;string_literal;Cancel
resources/js/Components/Panels/FileModal.tsx;340;string_literal;Aktualisieren
resources/js/Components/Panels/FileModal.tsx;340;string_literal;Hinzufügen
resources/js/Components/Panels/ForgotPasswordPanel.tsx;29;string_literal;"Enter email"
resources/js/Components/Panels/ForgotPasswordPanel.tsx;30;string_literal;"Reset password"
resources/js/Components/Panels/ForgotPasswordPanel.tsx;52;string_literal;"Reset link could not be sent"
resources/js/Components/Panels/ForgotPasswordPanel.tsx;55;string_literal;"A reset link has been sent to your email address. Check your inbox."
resources/js/Components/Panels/ForgotPasswordPanel.tsx;59;string_literal;"An error has occurred"
resources/js/Components/Panels/ForgotPasswordPanel.tsx;73;string_literal;"Passwords do not match"
resources/js/Components/Panels/ForgotPasswordPanel.tsx;96;string_literal;"Password could not be reset"
resources/js/Components/Panels/ForgotPasswordPanel.tsx;129;string_literal;"Passwort vergessen"
resources/js/Components/Panels/ForgotPasswordPanel.tsx;130;string_literal;"w-full max-w-md shadow-lg"
resources/js/Components/Panels/ForgotPasswordPanel.tsx;132;string_literal;"border border-gray-200"
resources/js/Components/Panels/ForgotPasswordPanel.tsx;164;tag_p;"Enter your email address to receive a link to reset your password."
resources/js/Components/Panels/ForgotPasswordPanel.tsx;170;tag_label;E-Mail
resources/js/Components/Panels/ForgotPasswordPanel.tsx;178;attr_placeholder;your.email@example.com
resources/js/Components/Panels/ForgotPasswordPanel.tsx;187;string_literal;Send...
resources/js/Components/Panels/ForgotPasswordPanel.tsx;187;string_literal;"Send reset link"
resources/js/Components/Panels/ForgotPasswordPanel.tsx;197;string_literal;"Back to Login"
resources/js/Components/Panels/ForgotPasswordPanel.tsx;209;tag_p;"Enter the reset code from the email and your new password."
resources/js/Components/Panels/ForgotPasswordPanel.tsx;215;tag_label;Reset-Code
resources/js/Components/Panels/ForgotPasswordPanel.tsx;222;string_literal;"Code aus der E-Mail"
resources/js/Components/Panels/ForgotPasswordPanel.tsx;237;string_literal;"Neues Passwort"
resources/js/Components/Panels/ForgotPasswordPanel.tsx;244;string_literal;"Passwort eingeben"
resources/js/Components/Panels/ForgotPasswordPanel.tsx;245;string_literal;Schwach
resources/js/Components/Panels/ForgotPasswordPanel.tsx;246;string_literal;Mittel
resources/js/Components/Panels/ForgotPasswordPanel.tsx;247;string_literal;Stark
resources/js/Components/Panels/ForgotPasswordPanel.tsx;252;tag_label;"Passwort bestätigen"
resources/js/Components/Panels/ForgotPasswordPanel.tsx;259;string_literal;"Passwort wiederholen"
resources/js/Components/Panels/ForgotPasswordPanel.tsx;272;string_literal;Zurück
resources/js/Components/Panels/ForgotPasswordPanel.tsx;280;string_literal;Zurücksetzen...
resources/js/Components/Panels/ForgotPasswordPanel.tsx;280;string_literal;"Passwort zurücksetzen"
resources/js/Components/Panels/LanguageManagementPanel.tsx;76;string_literal;"Unauthorized. System admin access required."
resources/js/Components/Panels/LanguageManagementPanel.tsx;78;string_literal;"Failed to load languages:"
resources/js/Components/Panels/LanguageManagementPanel.tsx;120;string_literal;"Are you sure you want to delete this language?"
resources/js/Components/Panels/LanguageManagementPanel.tsx;121;string_literal;"Delete Language"
resources/js/Components/Panels/LanguageManagementPanel.tsx;124;string_literal;Yes
resources/js/Components/Panels/LanguageManagementPanel.tsx;125;string_literal;No
resources/js/Components/Panels/LanguageManagementPanel.tsx;133;string_literal;"Language deleted successfully"
resources/js/Components/Panels/LanguageManagementPanel.tsx;136;string_literal;"Failed to delete language:"
resources/js/Components/Panels/LanguageManagementPanel.tsx;146;string_literal;"Failed to toggle language status:"
resources/js/Components/Panels/LanguageManagementPanel.tsx;153;string_literal;"Default language updated successfully"
resources/js/Components/Panels/LanguageManagementPanel.tsx;156;string_literal;"Failed to set default language:"
resources/js/Components/Panels/LanguageManagementPanel.tsx;167;string_literal;"Language updated successfully"
resources/js/Components/Panels/LanguageManagementPanel.tsx;173;string_literal;"Language created successfully"
resources/js/Components/Panels/LanguageManagementPanel.tsx;178;string_literal;"Failed to save language:"
resources/js/Components/Panels/LanguageManagementPanel.tsx;183;string_literal;🇺🇸
resources/js/Components/Panels/LanguageManagementPanel.tsx;183;string_literal;"🇺🇸 United States"
resources/js/Components/Panels/LanguageManagementPanel.tsx;184;string_literal;🇬🇧
resources/js/Components/Panels/LanguageManagementPanel.tsx;184;string_literal;"🇬🇧 United Kingdom"
resources/js/Components/Panels/LanguageManagementPanel.tsx;185;string_literal;🇩🇪
resources/js/Components/Panels/LanguageManagementPanel.tsx;185;string_literal;"🇩🇪 Germany"
resources/js/Components/Panels/LanguageManagementPanel.tsx;186;string_literal;🇫🇷
resources/js/Components/Panels/LanguageManagementPanel.tsx;186;string_literal;"🇫🇷 France"
resources/js/Components/Panels/LanguageManagementPanel.tsx;187;string_literal;🇪🇸
resources/js/Components/Panels/LanguageManagementPanel.tsx;187;string_literal;"🇪🇸 Spain"
resources/js/Components/Panels/LanguageManagementPanel.tsx;188;string_literal;🇮🇹
resources/js/Components/Panels/LanguageManagementPanel.tsx;188;string_literal;"🇮🇹 Italy"
resources/js/Components/Panels/LanguageManagementPanel.tsx;189;string_literal;🇳🇱
resources/js/Components/Panels/LanguageManagementPanel.tsx;189;string_literal;"🇳🇱 Netherlands"
resources/js/Components/Panels/LanguageManagementPanel.tsx;190;string_literal;🇵🇹
resources/js/Components/Panels/LanguageManagementPanel.tsx;190;string_literal;"🇵🇹 Portugal"
resources/js/Components/Panels/LanguageManagementPanel.tsx;191;string_literal;🇷🇺
resources/js/Components/Panels/LanguageManagementPanel.tsx;191;string_literal;"🇷🇺 Russia"
resources/js/Components/Panels/LanguageManagementPanel.tsx;192;string_literal;🇯🇵
resources/js/Components/Panels/LanguageManagementPanel.tsx;192;string_literal;"🇯🇵 Japan"
resources/js/Components/Panels/LanguageManagementPanel.tsx;193;string_literal;🇰🇷
resources/js/Components/Panels/LanguageManagementPanel.tsx;193;string_literal;"🇰🇷 South Korea"
resources/js/Components/Panels/LanguageManagementPanel.tsx;194;string_literal;🇨🇳
resources/js/Components/Panels/LanguageManagementPanel.tsx;194;string_literal;"🇨🇳 China"
resources/js/Components/Panels/LanguageManagementPanel.tsx;195;string_literal;🇧🇷
resources/js/Components/Panels/LanguageManagementPanel.tsx;195;string_literal;"🇧🇷 Brazil"
resources/js/Components/Panels/LanguageManagementPanel.tsx;196;string_literal;🇲🇽
resources/js/Components/Panels/LanguageManagementPanel.tsx;196;string_literal;"🇲🇽 Mexico"
resources/js/Components/Panels/LanguageManagementPanel.tsx;197;string_literal;🇨🇦
resources/js/Components/Panels/LanguageManagementPanel.tsx;197;string_literal;"🇨🇦 Canada"
resources/js/Components/Panels/LanguageManagementPanel.tsx;198;string_literal;🇦🇺
resources/js/Components/Panels/LanguageManagementPanel.tsx;198;string_literal;"🇦🇺 Australia"
resources/js/Components/Panels/LanguageManagementPanel.tsx;199;string_literal;🇮🇳
resources/js/Components/Panels/LanguageManagementPanel.tsx;199;string_literal;"🇮🇳 India"
resources/js/Components/Panels/LanguageManagementPanel.tsx;203;string_literal;🏴
resources/js/Components/Panels/LanguageManagementPanel.tsx;214;string_literal;Active
resources/js/Components/Panels/LanguageManagementPanel.tsx;214;string_literal;Inactive
resources/js/Components/Panels/LanguageManagementPanel.tsx;217;string_literal;Default
resources/js/Components/Panels/LanguageManagementPanel.tsx;223;string_literal;System
resources/js/Components/Panels/LanguageManagementPanel.tsx;251;string_literal;Deactivate
resources/js/Components/Panels/LanguageManagementPanel.tsx;251;string_literal;Activate
resources/js/Components/Panels/LanguageManagementPanel.tsx;264;string_literal;"Set as Default"
resources/js/Components/Panels/LanguageManagementPanel.tsx;277;string_literal;"Cannot delete default language"
resources/js/Components/Panels/LanguageManagementPanel.tsx;291;tag_h3;"Language Management"
resources/js/Components/Panels/LanguageManagementPanel.tsx;300;string_literal;"Add Language"
resources/js/Components/Panels/LanguageManagementPanel.tsx;317;string_literal;"RowsPerPageDropdown FirstPageLink PrevPageLink CurrentPageReport NextPageLink LastPageLink"
resources/js/Components/Panels/LanguageManagementPanel.tsx;324;string_literal;"No languages found"
resources/js/Components/Panels/LanguageManagementPanel.tsx;326;string_literal;Flag
resources/js/Components/Panels/LanguageManagementPanel.tsx;327;string_literal;Code
resources/js/Components/Panels/LanguageManagementPanel.tsx;328;string_literal;Name
resources/js/Components/Panels/LanguageManagementPanel.tsx;329;string_literal;"Native Name"
resources/js/Components/Panels/LanguageManagementPanel.tsx;330;string_literal;Status
resources/js/Components/Panels/LanguageManagementPanel.tsx;331;string_literal;"Sort Order"
resources/js/Components/Panels/LanguageManagementPanel.tsx;332;string_literal;Creator
resources/js/Components/Panels/LanguageManagementPanel.tsx;333;string_literal;Description
resources/js/Components/Panels/LanguageManagementPanel.tsx;334;string_literal;Actions
resources/js/Components/Panels/LanguageManagementPanel.tsx;340;string_literal;"Edit Language"
resources/js/Components/Panels/LanguageManagementPanel.tsx;340;string_literal;"Add New Language"
resources/js/Components/Panels/LanguageManagementPanel.tsx;352;string_literal;Cancel
resources/js/Components/Panels/LanguageManagementPanel.tsx;359;string_literal;Update
resources/js/Components/Panels/LanguageManagementPanel.tsx;359;string_literal;Create
resources/js/Components/Panels/LanguageManagementPanel.tsx;371;tag_label;"Language Code *"
resources/js/Components/Panels/LanguageManagementPanel.tsx;378;string_literal;"Please enter language code"
resources/js/Components/Panels/LanguageManagementPanel.tsx;379;string_literal;"Code must be 5 characters or less"
resources/js/Components/Panels/LanguageManagementPanel.tsx;386;attr_placeholder;"e.g., en, de, fr"
resources/js/Components/Panels/LanguageManagementPanel.tsx;410;string_literal;"Select flag"
resources/js/Components/Panels/LanguageManagementPanel.tsx;423;tag_label;"English Name *"
resources/js/Components/Panels/LanguageManagementPanel.tsx;430;string_literal;"Please enter language name"
resources/js/Components/Panels/LanguageManagementPanel.tsx;431;string_literal;"Name must be 100 characters or less"
resources/js/Components/Panels/LanguageManagementPanel.tsx;437;attr_placeholder;"e.g., English, German, French"
resources/js/Components/Panels/LanguageManagementPanel.tsx;449;tag_label;"Native Name *"
resources/js/Components/Panels/LanguageManagementPanel.tsx;456;string_literal;"Please enter native language name"
resources/js/Components/Panels/LanguageManagementPanel.tsx;457;string_literal;"Native name must be 100 characters or less"
resources/js/Components/Panels/LanguageManagementPanel.tsx;463;attr_placeholder;"e.g., English, Deutsch, Français"
resources/js/Components/Panels/LanguageManagementPanel.tsx;483;string_literal;"Description must be 1000 characters or less"
resources/js/Components/Panels/LanguageManagementPanel.tsx;490;string_literal;"Optional description of the language"
resources/js/Components/Panels/LanguageManagementPanel.tsx;503;tag_label;"Sort Order *"
resources/js/Components/Panels/LanguageManagementPanel.tsx;510;string_literal;"Please enter sort order"
resources/js/Components/Panels/LanguageManagementPanel.tsx;511;string_literal;"Sort order must be 0 or greater"
resources/js/Components/Panels/LanguageManagementPanel.tsx;548;tag_label;"Default Language"
resources/js/Components/Panels/LoginPanel.tsx;44;string_literal;"Login failed"
resources/js/Components/Panels/LoginPanel.tsx;74;string_literal;"An error occurred"
resources/js/Components/Panels/LoginPanel.tsx;88;string_literal;Login
resources/js/Components/Panels/LoginPanel.tsx;106;tag_label;E-Mail
resources/js/Components/Panels/LoginPanel.tsx;114;attr_placeholder;your.email@example.com
resources/js/Components/Panels/LoginPanel.tsx;122;tag_label;Password
resources/js/Components/Panels/LoginPanel.tsx;129;string_literal;"Your password"
resources/js/Components/Panels/LoginPanel.tsx;141;string_literal;"Logging in..."
resources/js/Components/Panels/LoginPanel.tsx;152;string_literal;"Don't have an account? Register"
resources/js/Components/Panels/LoginPanel.tsx;160;string_literal;"Forgot password?"
resources/js/Components/Panels/MyApplicationsPanel.tsx;61;string_literal;"Not authenticated"
resources/js/Components/Panels/MyApplicationsPanel.tsx;73;string_literal;"Failed to load applications"
resources/js/Components/Panels/MyApplicationsPanel.tsx;80;string_literal;"Error loading applications"
resources/js/Components/Panels/MyApplicationsPanel.tsx;87;string_literal;de-DE
resources/js/Components/Panels/MyApplicationsPanel.tsx;138;tag_content;"No message"
resources/js/Components/Panels/MyApplicationsPanel.tsx;164;string_literal;"View details"
resources/js/Components/Panels/MyApplicationsPanel.tsx;213;tag_content;"My Applications"
resources/js/Components/Panels/MyApplicationsPanel.tsx;217;string_literal;Refresh
resources/js/Components/Panels/MyApplicationsPanel.tsx;228;string_literal;"Application History"
resources/js/Components/Panels/MyApplicationsPanel.tsx;232;tag_content;"No Applications"
resources/js/Components/Panels/MyApplicationsPanel.tsx;233;tag_content;"You haven't applied to any projects yet."
resources/js/Components/Panels/MyApplicationsPanel.tsx;242;string_literal;"No applications found"
resources/js/Components/Panels/MyApplicationsPanel.tsx;248;string_literal;Project
resources/js/Components/Panels/MyApplicationsPanel.tsx;255;string_literal;Message
resources/js/Components/Panels/MyApplicationsPanel.tsx;261;string_literal;Status
resources/js/Components/Panels/MyApplicationsPanel.tsx;268;string_literal;Applied
resources/js/Components/Panels/MyApplicationsPanel.tsx;276;string_literal;Response
resources/js/Components/Panels/MyApplicationsPanel.tsx;282;string_literal;Actions
resources/js/Components/Panels/MyApplicationsPanel.tsx;292;string_literal;"Application Details"
resources/js/Components/Panels/MyApplicationsPanel.tsx;305;string_literal;"Project Information"
resources/js/Components/Panels/MyApplicationsPanel.tsx;322;string_literal;"Application Information"
resources/js/Components/Panels/MyApplicationsPanel.tsx;326;tag_content;Status:
resources/js/Components/Panels/MyApplicationsPanel.tsx;332;tag_content;Applied:
resources/js/Components/Panels/MyApplicationsPanel.tsx;338;tag_content;"Join Code:"
resources/js/Components/Panels/MyApplicationsPanel.tsx;348;tag_content;"Your Message:"
resources/js/Components/Panels/MyApplicationsPanel.tsx;362;tag_content;"Reviewed by:"
resources/js/Components/Panels/MyApplicationsPanel.tsx;365;tag_content;Date:
resources/js/Components/Panels/MyApplicationsPanel.tsx;369;tag_content;Response:
resources/js/Components/Panels/MyApplicationsPanel.tsx;381;string_literal;Close
resources/js/Components/Panels/NewNavigationPanel.tsx;112;string_literal;"Back to Lobby"
resources/js/Components/Panels/NewNavigationPanel.tsx;120;string_literal;Welcome
resources/js/Components/Panels/NewNavigationPanel.tsx;128;string_literal;Project
resources/js/Components/Panels/NewNavigationPanel.tsx;133;string_literal;"Project Management"
resources/js/Components/Panels/NewNavigationPanel.tsx;138;string_literal;Settings
resources/js/Components/Panels/NewNavigationPanel.tsx;142;string_literal;Projekt-Einstellungen
resources/js/Components/Panels/NewNavigationPanel.tsx;161;string_literal;Teams
resources/js/Components/Panels/NewNavigationPanel.tsx;165;string_literal;"Team Management"
resources/js/Components/Panels/NewNavigationPanel.tsx;170;string_literal;"Teams Assignment"
resources/js/Components/Panels/NewNavigationPanel.tsx;184;string_literal;Templates
resources/js/Components/Panels/NewNavigationPanel.tsx;188;string_literal;"Template Verwaltung"
resources/js/Components/Panels/NewNavigationPanel.tsx;193;string_literal;"Template Assignment"
resources/js/Components/Panels/NewNavigationPanel.tsx;201;string_literal;"DB Schema Dependencies"
resources/js/Components/Panels/NewNavigationPanel.tsx;211;string_literal;"My Applications"
resources/js/Components/Panels/NewNavigationPanel.tsx;216;string_literal;"Public Projects"
resources/js/Components/Panels/NewNavigationPanel.tsx;223;string_literal;Database
resources/js/Components/Panels/NewNavigationPanel.tsx;228;string_literal;"Manage Databases"
resources/js/Components/Panels/NewNavigationPanel.tsx;233;string_literal;Designer
resources/js/Components/Panels/NewNavigationPanel.tsx;238;string_literal;"Schema Translation"
resources/js/Components/Panels/NewNavigationPanel.tsx;258;string_literal;Generator
resources/js/Components/Panels/NewNavigationPanel.tsx;263;string_literal;"Debug Manual Generator"
resources/js/Components/Panels/NewNavigationPanel.tsx;268;string_literal;"Code Generation Panel"
resources/js/Components/Panels/NewNavigationPanel.tsx;273;string_literal;"Query Builder"
resources/js/Components/Panels/NewNavigationPanel.tsx;281;string_literal;Administration
resources/js/Components/Panels/NewNavigationPanel.tsx;285;string_literal;"System Settings"
resources/js/Components/Panels/NewNavigationPanel.tsx;290;string_literal;"Language Management"
resources/js/Components/Panels/NewNavigationPanel.tsx;298;string_literal;"CMS Admin"
resources/js/Components/Panels/NewNavigationPanel.tsx;315;string_literal;Profile
resources/js/Components/Panels/NewNavigationPanel.tsx;320;string_literal;"Change Plan"
resources/js/Components/Panels/NewNavigationPanel.tsx;333;string_literal;Logout
resources/js/Components/Panels/NewNavigationPanel.tsx;359;string_literal;Account
resources/js/Components/Panels/NewNavigationPanel.tsx;364;string_literal;Login
resources/js/Components/Panels/NewNavigationPanel.tsx;369;string_literal;Register
resources/js/Components/Panels/NewNavigationPanel.tsx;384;string_literal;"Expand Menu"
resources/js/Components/Panels/NewNavigationPanel.tsx;384;string_literal;"Collapse Menu"
resources/js/Components/Panels/NewNavigationPanel.tsx;394;tag_content;Navigation
resources/js/Components/Panels/NewNavigationPanel.tsx;402;string_literal;"w-full tiered-menu-sidebar"
resources/js/Components/Panels/NewNavigationPanel.tsx;409;string_literal;"relative group"
resources/js/Components/Panels/NewNavigationPanel.tsx;440;string_literal;"relative group/settings"
resources/js/Components/Panels/NewNavigationPanel.tsx;464;string_literal;"border-t border-gray-600 my-2"
resources/js/Components/Panels/NewNavigationPanel.tsx;466;string_literal;"relative group/teams"
resources/js/Components/Panels/NewNavigationPanel.tsx;493;string_literal;"relative group/sub"
resources/js/Components/Panels/NewNavigationPanel.tsx;510;string_literal;"border-t border-gray-600 my-1"
resources/js/Components/Panels/PanelT1.tsx;103;string_literal;"Unknown User"
resources/js/Components/Panels/PanelT1.tsx;147;string_literal;Databases
resources/js/Components/Panels/PanelT1.tsx;222;string_literal;"File Preview"
resources/js/Components/Panels/PanelT1.tsx;281;string_literal;"Error Loading Projects"
resources/js/Components/Panels/PanelT1.tsx;287;string_literal;"Check Console for Errors"
resources/js/Components/Panels/PanelT1.tsx;293;string_literal;"See browser console for details"
resources/js/Components/Panels/PanelT1.tsx;321;string_literal;🏗️
resources/js/Components/Panels/PanelT1.tsx;323;string_literal;👥
resources/js/Components/Panels/PanelT1.tsx;325;string_literal;👤
resources/js/Components/Panels/PanelT1.tsx;327;string_literal;📄
resources/js/Components/Panels/PanelT1.tsx;329;string_literal;📁
resources/js/Components/Panels/PanelT1.tsx;331;string_literal;💾
resources/js/Components/Panels/PanelT1.tsx;333;string_literal;📊
resources/js/Components/Panels/PanelT1.tsx;335;string_literal;📦
resources/js/Components/Panels/PanelT1.tsx;337;string_literal;📋
resources/js/Components/Panels/PanelT1.tsx;339;string_literal;📂
resources/js/Components/Panels/PanelT1.tsx;341;string_literal;📝
resources/js/Components/Panels/PanelT1.tsx;365;string_literal;▼
resources/js/Components/Panels/PanelT1.tsx;365;string_literal;▶
resources/js/Components/Panels/PanelT1.tsx;680;string_literal;Project
resources/js/Components/Panels/PanelT1.tsx;725;string_literal;Table
resources/js/Components/Panels/PanelT1.tsx;786;tag_content;"📁 Navigation"
resources/js/Components/Panels/PanelT1.tsx;791;string_literal;"Expand All"
resources/js/Components/Panels/PanelT1.tsx;798;string_literal;"Collapse All"
resources/js/Components/Panels/PanelT1.tsx;813;tag_content;"No projects found"
resources/js/Components/Panels/PanelT1.tsx;833;tag_content;Selected:
resources/js/Components/Panels/PanelT1.tsx;835;tag_content;Name:
resources/js/Components/Panels/PanelT1.tsx;837;tag_content;ID:
resources/js/Components/Panels/PanelT1.tsx;839;tag_content;Path:
resources/js/Components/Panels/PanelT1.tsx;842;tag_content;"Project ID:"
resources/js/Components/Panels/PanelT1.tsx;845;tag_content;"Team ID:"
resources/js/Components/Panels/PanelT1.tsx;848;tag_content;Role:
resources/js/Components/Panels/PanelT1.tsx;853;tag_content;"Template ID:"
resources/js/Components/Panels/PanelT1.tsx;856;tag_content;Table:
resources/js/Components/Panels/PanelT1.tsx;859;tag_content;Language:
resources/js/Components/Panels/PanelT1.tsx;873;tag_content;"Total Items"
resources/js/Components/Panels/PanelT1.tsx;879;tag_content;Selected
resources/js/Components/Panels/PanelT2.tsx;64;tag_content;";
  constraints: Array"
resources/js/Components/Panels/PanelT2.tsx;128;tag_content;🗃️
resources/js/Components/Panels/PanelT2.tsx;139;string_literal;"Tabelle bearbeiten"
resources/js/Components/Panels/PanelT2.tsx;151;string_literal;"Tabelle löschen"
resources/js/Components/Panels/PanelT2.tsx;163;string_literal;"h-full overflow-y-auto overflow-x-hidden space-y-1"
resources/js/Components/Panels/PanelT2.tsx;167;tag_content;🔑
resources/js/Components/Panels/PanelT2.tsx;173;tag_span;"NOT NULL"
resources/js/Components/Panels/PanelT2.tsx;179;tag_content;"No fields"
resources/js/Components/Panels/PanelT2.tsx;187;string_literal;#3b82f6
resources/js/Components/Panels/PanelT2.tsx;208;string_literal;"PRIMARY KEY"
resources/js/Components/Panels/PanelT2.tsx;213;string_literal;"FOREIGN KEY"
resources/js/Components/Panels/PanelT2.tsx;326;string_literal;#f59e0b
resources/js/Components/Panels/PanelT2.tsx;330;string_literal;FK
resources/js/Components/Panels/PanelT2.tsx;405;string_literal;"Authentication required"
resources/js/Components/Panels/PanelT2.tsx;439;string_literal;"Failed to load schemas"
resources/js/Components/Panels/PanelT2.tsx;443;string_literal;Authentication
resources/js/Components/Panels/PanelT2.tsx;551;string_literal;"Failed to load schema versions"
resources/js/Components/Panels/PanelT2.tsx;602;string_literal;"Failed to load schema version"
resources/js/Components/Panels/PanelT2.tsx;685;string_literal;"No version available. Please create a schema version first."
resources/js/Components/Panels/PanelT2.tsx;704;string_literal;"No version selected or version ID missing. Please select a schema version first."
resources/js/Components/Panels/PanelT2.tsx;719;string_literal;TEXT
resources/js/Components/Panels/PanelT2.tsx;724;string_literal;ASC
resources/js/Components/Panels/PanelT2.tsx;745;string_literal;"Failed to create table"
resources/js/Components/Panels/PanelT2.tsx;764;string_literal;"No version selected or table to edit. Please select a schema version first."
resources/js/Components/Panels/PanelT2.tsx;806;string_literal;"Failed to update table"
resources/js/Components/Panels/PanelT2.tsx;826;string_literal;"No schema or version selected. Please select a schema first."
resources/js/Components/Panels/PanelT2.tsx;841;string_literal;"Failed to create new version"
resources/js/Components/Panels/PanelT2.tsx;898;string_literal;"No version selected. Please select a schema version first."
resources/js/Components/Panels/PanelT2.tsx;920;string_literal;"Failed to update version"
resources/js/Components/Panels/PanelT2.tsx;1001;string_literal;"Failed to delete table"
resources/js/Components/Panels/PanelT2.tsx;1030;string_literal;"No table selected for deletion"
resources/js/Components/Panels/PanelT2.tsx;1054;string_literal;"Failed to create version and delete table"
resources/js/Components/Panels/PanelT2.tsx;1075;string_literal;"Failed to create new version and delete table"
resources/js/Components/Panels/PanelT2.tsx;1133;string_literal;"No schema selected"
resources/js/Components/Panels/PanelT2.tsx;1144;string_literal;"Create New Version"
resources/js/Components/Panels/PanelT2.tsx;1153;string_literal;"Not authenticated"
resources/js/Components/Panels/PanelT2.tsx;1245;string_literal;"Failed to delete foreign key"
resources/js/Components/Panels/PanelT2.tsx;1282;tag_content;"🗃️ Database Designer"
resources/js/Components/Panels/PanelT2.tsx;1292;string_literal;"No project selected"
resources/js/Components/Panels/PanelT2.tsx;1308;string_literal;"Select Schema"
resources/js/Components/Panels/PanelT2.tsx;1308;string_literal;"No Project Selected"
resources/js/Components/Panels/PanelT2.tsx;1310;string_literal;🔗
resources/js/Components/Panels/PanelT2.tsx;1311;string_literal;📋
resources/js/Components/Panels/PanelT2.tsx;1311;string_literal;📥
resources/js/Components/Panels/PanelT2.tsx;1335;string_literal;de-DE
resources/js/Components/Panels/PanelT2.tsx;1350;tag_button;"🔄 Refresh"
resources/js/Components/Panels/PanelT2.tsx;1358;attr_title;"Create a new version (copies current version)"
resources/js/Components/Panels/PanelT2.tsx;1359;tag_button;"➕ New Version"
resources/js/Components/Panels/PanelT2.tsx;1375;tag_button;"✨ New Table"
resources/js/Components/Panels/PanelT2.tsx;1484;string_literal;#1f2937
resources/js/Components/Panels/PanelT2.tsx;1497;string_literal;#6b7280
resources/js/Components/Panels/PanelT2.tsx;1504;string_literal;#4b5563
resources/js/Components/Panels/PanelT2.tsx;1514;tag_content;🔐
resources/js/Components/Panels/PanelT2.tsx;1515;tag_content;"Authentication Required"
resources/js/Components/Panels/PanelT2.tsx;1516;tag_content;"Your session has expired. Please login to access schema data."
resources/js/Components/Panels/PanelT2.tsx;1517;tag_p;"Use the navigation menu to log in again"
resources/js/Components/Panels/PanelT2.tsx;1524;tag_content;📊
resources/js/Components/Panels/PanelT2.tsx;1525;tag_content;"No Schema Data"
resources/js/Components/Panels/PanelT2.tsx;1528;string_literal;"Select a project to view schemas"
resources/js/Components/Panels/PanelT2.tsx;1530;string_literal;"No schemas associated with this project"
resources/js/Components/Panels/PanelT2.tsx;1531;string_literal;"Select a schema to visualize database structure"
resources/js/Components/Panels/PanelT2.tsx;1549;tag_content;"🔍 Table Details"
resources/js/Components/Panels/PanelT2.tsx;1552;tag_content;Table:
resources/js/Components/Panels/PanelT2.tsx;1556;tag_content;Fields:
resources/js/Components/Panels/PanelT2.tsx;1564;tag_content;"Primary Keys:"
resources/js/Components/Panels/PanelT2.tsx;1595;string_literal;"eine neue Tabelle erstellen"
resources/js/Components/Panels/PanelT2.tsx;1600;string_literal;Current
resources/js/Components/Panels/PanelT2.tsx;1629;tag_content;"Foreign Key Actions"
resources/js/Components/Panels/PanelT2.tsx;1635;tag_content;From:
resources/js/Components/Panels/PanelT2.tsx;1639;tag_content;To:
resources/js/Components/Panels/PanelT2.tsx;1692;tag_p;"Are you sure you want to delete this foreign key constraint?"
resources/js/Components/Panels/PanelT2.tsx;1714;tag_div;"⚠️ A new version will be created for this change."
resources/js/Components/Panels/PanelT2.tsx;1736;string_literal;Deleting...
resources/js/Components/Panels/PanelT2.tsx;1736;string_literal;"Delete Foreign Key"
resources/js/Components/Panels/PanelT3.tsx;67;string_literal;All
resources/js/Components/Panels/PanelT3.tsx;75;string_literal;"Not authenticated"
resources/js/Components/Panels/PanelT3.tsx;90;string_literal;"Failed to load templates"
resources/js/Components/Panels/PanelT3.tsx;103;string_literal;"Error loading templates"
resources/js/Components/Panels/PanelT3.tsx;148;string_literal;"Error loading project templates"
resources/js/Components/Panels/PanelT3.tsx;219;string_literal;"Failed to assign templates"
resources/js/Components/Panels/PanelT3.tsx;231;string_literal;"Error assigning templates"
resources/js/Components/Panels/PanelT3.tsx;272;string_literal;"Error removing template"
resources/js/Components/Panels/PanelT3.tsx;295;string_literal;"All Categories"
resources/js/Components/Panels/PanelT3.tsx;296;string_literal;Web
resources/js/Components/Panels/PanelT3.tsx;297;string_literal;Mobile
resources/js/Components/Panels/PanelT3.tsx;298;string_literal;API
resources/js/Components/Panels/PanelT3.tsx;299;string_literal;Desktop
resources/js/Components/Panels/PanelT3.tsx;300;string_literal;Database
resources/js/Components/Panels/PanelT3.tsx;471;string_literal;de-DE
resources/js/Components/Panels/PanelT5.tsx;38;string_literal;Database
resources/js/Components/Panels/PanelT5.tsx;44;string_literal;"Website Redesign"
resources/js/Components/Panels/PanelT5.tsx;55;string_literal;"Mobile App"
resources/js/Components/Panels/PanelT5.tsx;59;string_literal;MainActivity.java
resources/js/Components/Panels/PanelT5.tsx;72;string_literal;README.md
resources/js/Components/Panels/PanelT5.tsx;77;string_literal;Documents
resources/js/Components/Panels/PanelT5.tsx;81;string_literal;Proposal.pdf
resources/js/Components/Panels/PanelT5.tsx;82;string_literal;Contract.docx
resources/js/Components/Panels/PanelT5.tsx;85;string_literal;Reports
resources/js/Components/Panels/PanelT5.tsx;88;string_literal;Q1-Report.xlsx
resources/js/Components/Panels/PanelT5.tsx;89;string_literal;Q2-Report.xlsx
resources/js/Components/Panels/PanelT5.tsx;96;string_literal;Assets
resources/js/Components/Panels/PanelT5.tsx;121;string_literal;📂
resources/js/Components/Panels/PanelT5.tsx;121;string_literal;📁
resources/js/Components/Panels/PanelT5.tsx;126;string_literal;🌐
resources/js/Components/Panels/PanelT5.tsx;127;string_literal;🎨
resources/js/Components/Panels/PanelT5.tsx;130;string_literal;📄
resources/js/Components/Panels/PanelT5.tsx;131;string_literal;📕
resources/js/Components/Panels/PanelT5.tsx;132;string_literal;📘
resources/js/Components/Panels/PanelT5.tsx;133;string_literal;📊
resources/js/Components/Panels/PanelT5.tsx;134;string_literal;🖼️
resources/js/Components/Panels/PanelT5.tsx;135;string_literal;📝
resources/js/Components/Panels/PanelT5.tsx;158;string_literal;▼
resources/js/Components/Panels/PanelT5.tsx;158;string_literal;▶
resources/js/Components/Panels/PanelT5.tsx;235;tag_content;"📁 Database Explorer"
resources/js/Components/Panels/PanelT5.tsx;240;string_literal;"Expand All"
resources/js/Components/Panels/PanelT5.tsx;247;string_literal;"Collapse All"
resources/js/Components/Panels/PanelT5.tsx;271;tag_content;Selected:
resources/js/Components/Panels/PanelT5.tsx;273;tag_content;Name:
resources/js/Components/Panels/PanelT5.tsx;275;tag_content;ID:
resources/js/Components/Panels/PanelT5.tsx;286;tag_content;"Total Items"
resources/js/Components/Panels/PanelT5.tsx;292;tag_content;Selected
resources/js/Components/Panels/ProfilePanel.tsx;47;string_literal;"Nicht authentifiziert"
resources/js/Components/Panels/ProfilePanel.tsx;58;string_literal;"Benutzer-Daten konnten nicht geladen werden"
resources/js/Components/Panels/ProfilePanel.tsx;69;string_literal;"Ein Fehler ist aufgetreten"
resources/js/Components/Panels/ProfilePanel.tsx;100;string_literal;"Profil konnte nicht aktualisiert werden"
resources/js/Components/Panels/ProfilePanel.tsx;103;string_literal;"Profil erfolgreich aktualisiert"
resources/js/Components/Panels/ProfilePanel.tsx;121;string_literal;"Neue Passwörter stimmen nicht überein"
resources/js/Components/Panels/ProfilePanel.tsx;145;string_literal;"Passwort konnte nicht geändert werden"
resources/js/Components/Panels/ProfilePanel.tsx;148;string_literal;"Passwort erfolgreich geändert"
resources/js/Components/Panels/ProfilePanel.tsx;184;string_literal;de-DE
resources/js/Components/Panels/ProfilePanel.tsx;200;string_literal;"Profil bearbeiten"
resources/js/Components/Panels/ProfilePanel.tsx;204;tag_label;Name
resources/js/Components/Panels/ProfilePanel.tsx;218;tag_label;E-Mail
resources/js/Components/Panels/ProfilePanel.tsx;234;string_literal;Speichern...
resources/js/Components/Panels/ProfilePanel.tsx;234;string_literal;"Profil aktualisieren"
resources/js/Components/Panels/ProfilePanel.tsx;242;string_literal;"Passwort ändern"
resources/js/Components/Panels/ProfilePanel.tsx;246;tag_label;"Aktuelles Passwort"
resources/js/Components/Panels/ProfilePanel.tsx;263;tag_label;"Neues Passwort"
resources/js/Components/Panels/ProfilePanel.tsx;276;string_literal;"Passwort eingeben"
resources/js/Components/Panels/ProfilePanel.tsx;277;string_literal;Schwach
resources/js/Components/Panels/ProfilePanel.tsx;278;string_literal;Mittel
resources/js/Components/Panels/ProfilePanel.tsx;279;string_literal;Stark
resources/js/Components/Panels/ProfilePanel.tsx;284;tag_label;"Neues Passwort bestätigen"
resources/js/Components/Panels/ProfilePanel.tsx;302;string_literal;Ändern...
resources/js/Components/Panels/ProfilePanel.tsx;310;string_literal;"Account Info"
resources/js/Components/Panels/ProfilePanel.tsx;314;tag_label;Benutzer-ID
resources/js/Components/Panels/ProfilePanel.tsx;321;tag_label;"Registriert seit"
resources/js/Components/Panels/ProfilePanel.tsx;330;tag_label;"E-Mail verifiziert"
resources/js/Components/Panels/ProfilePanel.tsx;355;string_literal;"Noch nie angemeldet"
resources/js/Components/Panels/ProjectPanel.tsx;103;string_literal;MySQL
resources/js/Components/Panels/ProjectPanel.tsx;119;string_literal;H:i:s
resources/js/Components/Panels/ProjectPanel.tsx;121;string_literal;Europe/Vienna
resources/js/Components/Panels/ProjectPanel.tsx;232;string_literal;"Not authenticated"
resources/js/Components/Panels/ProjectPanel.tsx;258;string_literal;"Failed to create project"
resources/js/Components/Panels/ProjectPanel.tsx;298;string_literal;"Project created successfully"
resources/js/Components/Panels/ProjectPanel.tsx;304;string_literal;"Error creating project"
resources/js/Components/Panels/ProjectPanel.tsx;361;string_literal;"Failed to delete project"
resources/js/Components/Panels/ProjectPanel.tsx;369;string_literal;"Project deleted successfully"
resources/js/Components/Panels/ProjectPanel.tsx;372;string_literal;"Error deleting project"
resources/js/Components/Panels/ProjectPanel.tsx;390;string_literal;de-DE
resources/js/Components/Panels/ProjectPanel.tsx;416;string_literal;"Failed to load teams"
resources/js/Components/Panels/ProjectPanel.tsx;462;string_literal;"Failed to load schemas"
resources/js/Components/Panels/ProjectPanel.tsx;539;string_literal;Active
resources/js/Components/Panels/ProjectPanel.tsx;561;string_literal;#1976d2
resources/js/Components/Panels/ProjectPanel.tsx;562;string_literal;"Project Overview"
resources/js/Components/Panels/ProjectPanel.tsx;575;string_literal;"Manage members"
resources/js/Components/Panels/ProjectPanel.tsx;583;string_literal;"Edit project"
resources/js/Components/Panels/ProjectPanel.tsx;589;string_literal;"Delete project"
resources/js/Components/Panels/ProjectPanel.tsx;615;tag_content;"Project Management"
resources/js/Components/Panels/ProjectPanel.tsx;626;string_literal;"New Project"
resources/js/Components/Panels/ProjectPanel.tsx;634;string_literal;"Join Project"
resources/js/Components/Panels/ProjectPanel.tsx;642;string_literal;Refresh
resources/js/Components/Panels/ProjectPanel.tsx;662;string_literal;"px-6 pb-6"
resources/js/Components/Panels/ProjectPanel.tsx;671;tag_content;"Current Project"
resources/js/Components/Panels/ProjectPanel.tsx;692;string_literal;"No description provided"
resources/js/Components/Panels/ProjectPanel.tsx;698;tag_content;Owner:
resources/js/Components/Panels/ProjectPanel.tsx;706;tag_content;Created:
resources/js/Components/Panels/ProjectPanel.tsx;716;tag_content;"Join Code"
resources/js/Components/Panels/ProjectPanel.tsx;724;string_literal;"Copy join code"
resources/js/Components/Panels/ProjectPanel.tsx;730;string_literal;Public
resources/js/Components/Panels/ProjectPanel.tsx;730;string_literal;Private
resources/js/Components/Panels/ProjectPanel.tsx;742;tag_content;Teams
resources/js/Components/Panels/ProjectPanel.tsx;748;tag_content;Members
resources/js/Components/Panels/ProjectPanel.tsx;760;tag_content;Databases
resources/js/Components/Panels/ProjectPanel.tsx;773;tag_content;"No Active Project"
resources/js/Components/Panels/ProjectPanel.tsx;774;tag_content;"You don't have an active project yet."
resources/js/Components/Panels/ProjectPanel.tsx;776;string_literal;"Create Project"
resources/js/Components/Panels/ProjectPanel.tsx;786;string_literal;"Quick Actions"
resources/js/Components/Panels/ProjectPanel.tsx;789;string_literal;Applications
resources/js/Components/Panels/ProjectPanel.tsx;796;string_literal;"Project Members"
resources/js/Components/Panels/ProjectPanel.tsx;803;string_literal;"Teams Management"
resources/js/Components/Panels/ProjectPanel.tsx;815;string_literal;Invitations
resources/js/Components/Panels/ProjectPanel.tsx;822;string_literal;Templates
resources/js/Components/Panels/ProjectPanel.tsx;838;string_literal;Database
resources/js/Components/Panels/ProjectPanel.tsx;850;string_literal;"All Projects"
resources/js/Components/Panels/ProjectPanel.tsx;854;string_literal;"No projects found"
resources/js/Components/Panels/ProjectPanel.tsx;859;string_literal;Project
resources/js/Components/Panels/ProjectPanel.tsx;862;string_literal;Owner
resources/js/Components/Panels/ProjectPanel.tsx;868;string_literal;Created
resources/js/Components/Panels/ProjectPanel.tsx;874;string_literal;Status
resources/js/Components/Panels/ProjectPanel.tsx;879;string_literal;Actions
resources/js/Components/Panels/ProjectPanel.tsx;892;string_literal;"Create New Project"
resources/js/Components/Panels/ProjectPanel.tsx;904;string_literal;"Project Settings"
resources/js/Components/Panels/ProjectPanel.tsx;907;tag_label;"Project Name *"
resources/js/Components/Panels/ProjectPanel.tsx;917;attr_placeholder;my_project_name
resources/js/Components/Panels/ProjectPanel.tsx;931;tag_label;Description
resources/js/Components/Panels/ProjectPanel.tsx;938;attr_placeholder;"Enter project description (optional)"
resources/js/Components/Panels/ProjectPanel.tsx;955;tag_label;"Public Project"
resources/js/Components/Panels/ProjectPanel.tsx;959;tag_p;"Public projects are visible to all users and can be discovered in the project gallery."
resources/js/Components/Panels/ProjectPanel.tsx;972;tag_label;"Allow Join Requests"
resources/js/Components/Panels/ProjectPanel.tsx;976;tag_p;"Users can request to join this project using a join code."
resources/js/Components/Panels/ProjectPanel.tsx;984;string_literal;"Database Connection"
resources/js/Components/Panels/ProjectPanel.tsx;987;tag_label;"Database Name"
resources/js/Components/Panels/ProjectPanel.tsx;994;attr_placeholder;project_database
resources/js/Components/Panels/ProjectPanel.tsx;998;tag_div;"Name der Datenbank für dieses Projekt"
resources/js/Components/Panels/ProjectPanel.tsx;1004;tag_label;"Database Type"
resources/js/Components/Panels/ProjectPanel.tsx;1012;string_literal;", value:"
resources/js/Components/Panels/ProjectPanel.tsx;1024;tag_label;Server
resources/js/Components/Panels/ProjectPanel.tsx;1031;attr_placeholder;127.0.0.1
resources/js/Components/Panels/ProjectPanel.tsx;1038;tag_label;Port
resources/js/Components/Panels/ProjectPanel.tsx;1045;attr_placeholder;3306
resources/js/Components/Panels/ProjectPanel.tsx;1053;tag_label;Username
resources/js/Components/Panels/ProjectPanel.tsx;1060;attr_placeholder;database_user
resources/js/Components/Panels/ProjectPanel.tsx;1067;tag_label;Password
resources/js/Components/Panels/ProjectPanel.tsx;1075;attr_placeholder;database_password
resources/js/Components/Panels/ProjectPanel.tsx;1084;string_literal;"Project Properties"
resources/js/Components/Panels/ProjectPanel.tsx;1087;tag_label;"Project Directory"
resources/js/Components/Panels/ProjectPanel.tsx;1094;string_literal;C:\Users\Public\Documents\my_project
resources/js/Components/Panels/ProjectPanel.tsx;1098;tag_div;"Pfad wo generierte Dateien gespeichert werden sollen"
resources/js/Components/Panels/ProjectPanel.tsx;1104;tag_label;"Project URL"
resources/js/Components/Panels/ProjectPanel.tsx;1111;attr_placeholder;"http:
                  className="
resources/js/Components/Panels/ProjectPanel.tsx;1115;tag_div;"URL für den Zugriff auf das Projekt"
resources/js/Components/Panels/ProjectPanel.tsx;1121;tag_label;"Start Page"
resources/js/Components/Panels/ProjectPanel.tsx;1128;attr_placeholder;index.php
resources/js/Components/Panels/ProjectPanel.tsx;1138;tag_label;"Default Language"
resources/js/Components/Panels/ProjectPanel.tsx;1155;tag_div;"Standard-Sprache für Projekt-Generierung"
resources/js/Components/Panels/ProjectPanel.tsx;1161;tag_label;"Filename Short Length"
resources/js/Components/Panels/ProjectPanel.tsx;1185;attr_header;"Localization Settings"
resources/js/Components/Panels/ProjectPanel.tsx;1189;tag_label;"Decimal Separator"
resources/js/Components/Panels/ProjectPanel.tsx;1196;attr_placeholder;,
resources/js/Components/Panels/ProjectPanel.tsx;1207;tag_label;"Thousands Separator"
resources/js/Components/Panels/ProjectPanel.tsx;1214;attr_placeholder;.
resources/js/Components/Panels/ProjectPanel.tsx;1227;tag_label;"Date Format"
resources/js/Components/Panels/ProjectPanel.tsx;1234;attr_placeholder;d.m.Y
resources/js/Components/Panels/ProjectPanel.tsx;1244;tag_label;"Time Format"
resources/js/Components/Panels/ProjectPanel.tsx;1263;tag_label;"Currency Symbol"
resources/js/Components/Panels/ProjectPanel.tsx;1270;attr_placeholder;€
resources/js/Components/Panels/ProjectPanel.tsx;1281;tag_label;Timezone
resources/js/Components/Panels/ProjectPanel.tsx;1303;tag_div;"Standard-Zeitzone für Projekt"
resources/js/Components/Panels/ProjectPanel.tsx;1325;attr_label;Cancel
resources/js/Components/Panels/ProjectPanel.tsx;1342;attr_header;"Delete Project"
resources/js/Components/Panels/ProjectPanel.tsx;1356;tag_h3;"Are you sure you want to delete this project?"
resources/js/Components/Panels/ProjectPanel.tsx;1362;tag_p;"This action will deactivate the project. You can restore it later if needed.
                Teams, templates, and databases associated with this project will remain intact."
resources/js/Components/Panels/ProjectPanel.tsx;1434;tag_content;"📋 Project Properties"
resources/js/Components/Panels/ProjectPanel.tsx;1437;tag_content;Name:
resources/js/Components/Panels/ProjectPanel.tsx;1449;tag_content;"Join Code:"
resources/js/Components/Panels/ProjectPanel.tsx;1453;tag_content;Description:
resources/js/Components/Panels/ProjectPanel.tsx;1461;tag_content;"👤 Project Members"
resources/js/Components/Panels/ProjectPanel.tsx;1468;string_literal;", overflow:"
resources/js/Components/Panels/ProjectPanel.tsx;1529;tag_content;"🗄️ Database Schemas"
resources/js/Components/Panels/ProjectPanel.tsx;1542;tag_div;"No database schemas linked to this project yet."
resources/js/Components/Panels/ProjectPanel.tsx;1550;tag_content;"📄 Linked Templates"
resources/js/Components/Panels/ProjectPanel.tsx;1563;tag_div;"No templates linked to this project yet."
resources/js/Components/Panels/ProjectPanel.tsx;1573;attr_label;Close
resources/js/Components/Panels/ProjectPanel.tsx;1579;attr_label;"Manage Project"
resources/js/Components/Panels/ProjectSettingsPanel.tsx;50;string_literal;MySQL
resources/js/Components/Panels/ProjectSettingsPanel.tsx;65;string_literal;H:i:s
resources/js/Components/Panels/ProjectSettingsPanel.tsx;67;string_literal;Europe/Vienna
resources/js/Components/Panels/ProjectSettingsPanel.tsx;151;string_literal;"Fehler beim Laden der Projektdaten"
resources/js/Components/Panels/ProjectSettingsPanel.tsx;190;string_literal;"Kein Projekt ausgewählt"
resources/js/Components/Panels/ProjectSettingsPanel.tsx;209;string_literal;"Nicht authentifiziert"
resources/js/Components/Panels/ProjectSettingsPanel.tsx;225;string_literal;"Failed to update project"
resources/js/Components/Panels/ProjectSettingsPanel.tsx;243;string_literal;"Failed to save language settings"
resources/js/Components/Panels/ProjectSettingsPanel.tsx;246;string_literal;"Projekt-Einstellungen erfolgreich gespeichert"
resources/js/Components/Panels/ProjectSettingsPanel.tsx;251;string_literal;"Fehler beim Speichern der Projekt-Einstellungen"
resources/js/Components/Panels/ProjectSettingsPanel.tsx;258;string_literal;PROJ-
resources/js/Components/Panels/ProjectSettingsPanel.tsx;275;tag_content;"Bitte wählen Sie ein Projekt aus"
resources/js/Components/Panels/ProjectSettingsPanel.tsx;277;tag_content;"🔍 ProjectSettingsPanel loaded but no project selected"
resources/js/Components/Panels/ProjectSettingsPanel.tsx;295;tag_h2;Projekt-Einstellungen
resources/js/Components/Panels/ProjectSettingsPanel.tsx;304;string_literal;"Alle Änderungen speichern"
resources/js/Components/Panels/ProjectSettingsPanel.tsx;313;tag_content;Allgemein
resources/js/Components/Panels/ProjectSettingsPanel.tsx;316;tag_label;"Projektname *"
resources/js/Components/Panels/ProjectSettingsPanel.tsx;322;attr_placeholder;my_project_name
resources/js/Components/Panels/ProjectSettingsPanel.tsx;331;tag_label;Beschreibung
resources/js/Components/Panels/ProjectSettingsPanel.tsx;338;string_literal;"Projektbeschreibung eingeben"
resources/js/Components/Panels/ProjectSettingsPanel.tsx;344;tag_label;Beitrittscode
resources/js/Components/Panels/ProjectSettingsPanel.tsx;351;attr_placeholder;"Beitrittscode (optional)"
resources/js/Components/Panels/ProjectSettingsPanel.tsx;359;tag_div;"Benutzer können diesem Projekt mit diesem Code beitreten"
resources/js/Components/Panels/ProjectSettingsPanel.tsx;371;tag_label;"Öffentliches Projekt"
resources/js/Components/Panels/ProjectSettingsPanel.tsx;375;tag_div;"Dieses Projekt für alle Benutzer sichtbar machen"
resources/js/Components/Panels/ProjectSettingsPanel.tsx;382;tag_label;"Eigentümerschaft übertragen"
resources/js/Components/Panels/ProjectSettingsPanel.tsx;405;tag_content;Datenbank
resources/js/Components/Panels/ProjectSettingsPanel.tsx;408;tag_label;Datenbankname
resources/js/Components/Panels/ProjectSettingsPanel.tsx;414;attr_placeholder;project_database
resources/js/Components/Panels/ProjectSettingsPanel.tsx;420;tag_label;Datenbanktyp
resources/js/Components/Panels/ProjectSettingsPanel.tsx;428;string_literal;PostgreSQL
resources/js/Components/Panels/ProjectSettingsPanel.tsx;429;string_literal;SQLite
resources/js/Components/Panels/ProjectSettingsPanel.tsx;430;string_literal;"SQL Server"
resources/js/Components/Panels/ProjectSettingsPanel.tsx;430;string_literal;MSSQL
resources/js/Components/Panels/ProjectSettingsPanel.tsx;438;tag_label;Server
resources/js/Components/Panels/ProjectSettingsPanel.tsx;444;attr_placeholder;127.0.0.1
resources/js/Components/Panels/ProjectSettingsPanel.tsx;450;tag_label;Port
resources/js/Components/Panels/ProjectSettingsPanel.tsx;456;attr_placeholder;3306
resources/js/Components/Panels/ProjectSettingsPanel.tsx;463;tag_label;Benutzername
resources/js/Components/Panels/ProjectSettingsPanel.tsx;469;attr_placeholder;database_user
resources/js/Components/Panels/ProjectSettingsPanel.tsx;475;tag_label;Passwort
resources/js/Components/Panels/ProjectSettingsPanel.tsx;481;attr_placeholder;database_password
resources/js/Components/Panels/ProjectSettingsPanel.tsx;489;tag_content;Eigenschaften
resources/js/Components/Panels/ProjectSettingsPanel.tsx;492;tag_label;Projektverzeichnis
resources/js/Components/Panels/ProjectSettingsPanel.tsx;498;string_literal;C:\Users\Public\Documents\my_project
resources/js/Components/Panels/ProjectSettingsPanel.tsx;501;tag_div;"Pfad wo generierte Dateien gespeichert werden sollen"
resources/js/Components/Panels/ProjectSettingsPanel.tsx;507;tag_label;Projekt-URL
resources/js/Components/Panels/ProjectSettingsPanel.tsx;513;attr_placeholder;"http:
                                        className="
resources/js/Components/Panels/ProjectSettingsPanel.tsx;516;tag_div;"URL für den Zugriff auf das Projekt"
resources/js/Components/Panels/ProjectSettingsPanel.tsx;522;tag_label;Startseite
resources/js/Components/Panels/ProjectSettingsPanel.tsx;528;attr_placeholder;index.php
resources/js/Components/Panels/ProjectSettingsPanel.tsx;537;tag_label;Standard-Sprache
resources/js/Components/Panels/ProjectSettingsPanel.tsx;544;string_literal;English
resources/js/Components/Panels/ProjectSettingsPanel.tsx;545;string_literal;Deutsch
resources/js/Components/Panels/ProjectSettingsPanel.tsx;546;string_literal;Français
resources/js/Components/Panels/ProjectSettingsPanel.tsx;547;string_literal;Español
resources/js/Components/Panels/ProjectSettingsPanel.tsx;548;string_literal;Italiano
resources/js/Components/Panels/ProjectSettingsPanel.tsx;552;tag_div;"Standard-Sprache für Projekt-Generierung"
resources/js/Components/Panels/ProjectSettingsPanel.tsx;558;tag_label;"Dateiname Kurzlänge"
resources/js/Components/Panels/ProjectSettingsPanel.tsx;565;string_literal;"2 Zeichen"
resources/js/Components/Panels/ProjectSettingsPanel.tsx;566;string_literal;"3 Zeichen"
resources/js/Components/Panels/ProjectSettingsPanel.tsx;567;string_literal;"4 Zeichen"
resources/js/Components/Panels/ProjectSettingsPanel.tsx;568;string_literal;"5 Zeichen"
resources/js/Components/Panels/ProjectSettingsPanel.tsx;578;tag_content;Lokalisierung
resources/js/Components/Panels/ProjectSettingsPanel.tsx;582;tag_label;Dezimaltrennzeichen
resources/js/Components/Panels/ProjectSettingsPanel.tsx;588;attr_placeholder;,
resources/js/Components/Panels/ProjectSettingsPanel.tsx;592;tag_div;"z.B. "","" für 1,23 oder ""."" für 1.23"
resources/js/Components/Panels/ProjectSettingsPanel.tsx;593;string_literal;"für 1,23 oder"
resources/js/Components/Panels/ProjectSettingsPanel.tsx;598;tag_label;Tausendertrennzeichen
resources/js/Components/Panels/ProjectSettingsPanel.tsx;604;attr_placeholder;.
resources/js/Components/Panels/ProjectSettingsPanel.tsx;608;tag_div;"z.B. ""."" für 1.234 oder "","" für 1,234"
resources/js/Components/Panels/ProjectSettingsPanel.tsx;609;string_literal;"für 1.234 oder"
resources/js/Components/Panels/ProjectSettingsPanel.tsx;616;tag_label;Datumsformat
resources/js/Components/Panels/ProjectSettingsPanel.tsx;622;attr_placeholder;d.m.Y
resources/js/Components/Panels/ProjectSettingsPanel.tsx;631;tag_label;Zeitformat
resources/js/Components/Panels/ProjectSettingsPanel.tsx;648;tag_label;Währungssymbol
resources/js/Components/Panels/ProjectSettingsPanel.tsx;654;attr_placeholder;€
resources/js/Components/Panels/ProjectSettingsPanel.tsx;658;tag_div;"z.B. ""€"", ""$"", ""£"", ""CHF"""
resources/js/Components/Panels/ProjectSettingsPanel.tsx;664;tag_label;Zeitzone
resources/js/Components/Panels/ProjectSettingsPanel.tsx;672;string_literal;Europe/Berlin
resources/js/Components/Panels/ProjectSettingsPanel.tsx;673;string_literal;Europe/Zurich
resources/js/Components/Panels/ProjectSettingsPanel.tsx;674;string_literal;Europe/London
resources/js/Components/Panels/ProjectSettingsPanel.tsx;675;string_literal;America/New_York
resources/js/Components/Panels/ProjectSettingsPanel.tsx;676;string_literal;America/Chicago
resources/js/Components/Panels/ProjectSettingsPanel.tsx;677;string_literal;America/Los_Angeles
resources/js/Components/Panels/ProjectSettingsPanel.tsx;678;string_literal;Asia/Tokyo
resources/js/Components/Panels/ProjectSettingsPanel.tsx;679;string_literal;Asia/Dubai
resources/js/Components/Panels/ProjectSettingsPanel.tsx;680;string_literal;UTC
resources/js/Components/Panels/ProjectSettingsPanel.tsx;689;tag_label;"Google Translate API-Schlüssel"
resources/js/Components/Panels/ProjectSettingsPanel.tsx;695;attr_placeholder;AIzaSy...
resources/js/Components/Panels/ProjectSettingsPanel.tsx;700;tag_div;"API-Schlüssel für automatische Übersetzungen via Google Translate"
resources/js/Components/Panels/ProjectSettingsPanel.tsx;711;tag_content;Sprachen
resources/js/Components/Panels/ProjectSettingsPanel.tsx;727;string_literal;"Verfügbare Sprachen"
resources/js/Components/Panels/ProjectSettingsPanel.tsx;728;string_literal;"Aktivierte Sprachen"
resources/js/Components/Panels/ProjectSettingsPanel.tsx;733;string_literal;Suchen...
resources/js/Components/Panels/ProjectSettingsPanel.tsx;739;tag_content;"Ausgewählte Sprachen:"
resources/js/Components/Panels/ProjectSettingsPanel.tsx;742;string_literal;"Keine Sprachen ausgewählt"
resources/js/Components/Panels/PublicProjectsPanel.tsx;85;string_literal;"Not authenticated"
resources/js/Components/Panels/PublicProjectsPanel.tsx;97;string_literal;"Failed to load public projects"
resources/js/Components/Panels/PublicProjectsPanel.tsx;104;string_literal;"Error loading public projects"
resources/js/Components/Panels/PublicProjectsPanel.tsx;111;string_literal;de-DE
resources/js/Components/Panels/PublicProjectsPanel.tsx;183;string_literal;"Failed to clone project"
resources/js/Components/Panels/PublicProjectsPanel.tsx;222;tag_content;"Public Projects"
resources/js/Components/Panels/PublicProjectsPanel.tsx;227;string_literal;"Join with Code"
resources/js/Components/Panels/PublicProjectsPanel.tsx;234;string_literal;Refresh
resources/js/Components/Panels/PublicProjectsPanel.tsx;253;string_literal;"Search projects by name, description, or owner..."
resources/js/Components/Panels/PublicProjectsPanel.tsx;266;string_literal;"No matching projects"
resources/js/Components/Panels/PublicProjectsPanel.tsx;266;string_literal;"No public projects"
resources/js/Components/Panels/PublicProjectsPanel.tsx;270;string_literal;"Try adjusting your search terms."
resources/js/Components/Panels/PublicProjectsPanel.tsx;271;string_literal;"There are no public projects available at the moment."
resources/js/Components/Panels/PublicProjectsPanel.tsx;276;string_literal;"Clear Search"
resources/js/Components/Panels/PublicProjectsPanel.tsx;296;string_literal;Public
resources/js/Components/Panels/PublicProjectsPanel.tsx;316;string_literal;"No description provided."
resources/js/Components/Panels/PublicProjectsPanel.tsx;335;string_literal;"pt-3 border-t border-gray-700"
resources/js/Components/Panels/PublicProjectsPanel.tsx;338;string_literal;"Your Project"
resources/js/Components/Panels/PublicProjectsPanel.tsx;340;string_literal;"w-full p-button-outlined"
resources/js/Components/Panels/PublicProjectsPanel.tsx;342;string_literal;"This is your own project. Use the Projects tab to duplicate it."
resources/js/Components/Panels/PublicProjectsPanel.tsx;346;string_literal;Cloning...
resources/js/Components/Panels/PublicProjectsPanel.tsx;346;string_literal;"Clone Project"
resources/js/Components/Panels/PublicProjectsPanel.tsx;348;string_literal;"w-full p-button-success"
resources/js/Components/Panels/PublicProjectsPanel.tsx;366;tag_content;"Total Projects"
resources/js/Components/Panels/PublicProjectsPanel.tsx;378;tag_content;Showing
resources/js/Components/Panels/PublicProjectsPanel.tsx;411;tag_label;"Project Name *"
resources/js/Components/Panels/PublicProjectsPanel.tsx;418;string_literal;"Enter project name"
resources/js/Components/Panels/PublicProjectsPanel.tsx;426;tag_label;Description
resources/js/Components/Panels/PublicProjectsPanel.tsx;433;string_literal;"Enter project description"
resources/js/Components/Panels/PublicProjectsPanel.tsx;448;tag_label;"Public Project"
resources/js/Components/Panels/PublicProjectsPanel.tsx;452;tag_p;"Public projects are visible to all users and can be discovered in the project gallery."
resources/js/Components/Panels/PublicProjectsPanel.tsx;455;tag_p;"💡 Note: Private projects may require premium features."
resources/js/Components/Panels/PublicProjectsPanel.tsx;463;tag_content;"Original Project:"
resources/js/Components/Panels/PublicProjectsPanel.tsx;474;string_literal;Cancel
resources/js/Components/Panels/RegisterPanel.tsx;31;string_literal;"Passwörter stimmen nicht überein"
resources/js/Components/Panels/RegisterPanel.tsx;54;string_literal;"Registrierung fehlgeschlagen"
resources/js/Components/Panels/RegisterPanel.tsx;75;string_literal;"Ein Fehler ist aufgetreten"
resources/js/Components/Panels/RegisterPanel.tsx;90;string_literal;Registrieren
resources/js/Components/Panels/RegisterPanel.tsx;91;string_literal;"w-full max-w-md shadow-lg"
resources/js/Components/Panels/RegisterPanel.tsx;93;string_literal;"border border-gray-200"
resources/js/Components/Panels/RegisterPanel.tsx;115;tag_label;Name
resources/js/Components/Panels/RegisterPanel.tsx;123;string_literal;"Ihr vollständiger Name"
resources/js/Components/Panels/RegisterPanel.tsx;131;tag_label;E-Mail
resources/js/Components/Panels/RegisterPanel.tsx;139;attr_placeholder;your.email@example.com
resources/js/Components/Panels/RegisterPanel.tsx;147;tag_label;Passwort
resources/js/Components/Panels/RegisterPanel.tsx;154;string_literal;"Mindestens 8 Zeichen"
resources/js/Components/Panels/RegisterPanel.tsx;161;string_literal;"Passwort eingeben"
resources/js/Components/Panels/RegisterPanel.tsx;162;string_literal;Schwach
resources/js/Components/Panels/RegisterPanel.tsx;163;string_literal;Mittel
resources/js/Components/Panels/RegisterPanel.tsx;164;string_literal;Stark
resources/js/Components/Panels/RegisterPanel.tsx;169;tag_label;"Passwort bestätigen"
resources/js/Components/Panels/RegisterPanel.tsx;176;string_literal;"Passwort wiederholen"
resources/js/Components/Panels/RegisterPanel.tsx;188;string_literal;"Registrierung läuft..."
resources/js/Components/Panels/RegisterPanel.tsx;198;string_literal;"Bereits ein Konto? Anmelden"
resources/js/Components/Panels/SchemaTranslationPanel.tsx;104;string_literal;"Failed to load languages:"
resources/js/Components/Panels/SchemaTranslationPanel.tsx;133;string_literal;"Failed to load schema structure:"
resources/js/Components/Panels/SchemaTranslationPanel.tsx;203;string_literal;#9333ea
resources/js/Components/Panels/SchemaTranslationPanel.tsx;281;string_literal;"Please select at least one language"
resources/js/Components/Panels/SchemaTranslationPanel.tsx;289;string_literal;"Not authenticated"
resources/js/Components/Panels/SchemaTranslationPanel.tsx;303;string_literal;"Failed to export translations"
resources/js/Components/Panels/SchemaTranslationPanel.tsx;317;string_literal;"Translations exported successfully"
resources/js/Components/Panels/SchemaTranslationPanel.tsx;319;string_literal;"Failed to export:"
resources/js/Components/Panels/SchemaTranslationPanel.tsx;319;string_literal;"Unknown error"
resources/js/Components/Panels/SchemaTranslationPanel.tsx;334;string_literal;"Please select a file and at least one language"
resources/js/Components/Panels/SchemaTranslationPanel.tsx;364;string_literal;"Failed to import translations"
resources/js/Components/Panels/SchemaTranslationPanel.tsx;377;string_literal;"Failed to import:"
resources/js/Components/Panels/SchemaTranslationPanel.tsx;385;string_literal;"No project selected"
resources/js/Components/Panels/SchemaTranslationPanel.tsx;449;string_literal;"Please select at least one target language"
resources/js/Components/Panels/SchemaTranslationPanel.tsx;481;string_literal;"Auto-translate failed:"
resources/js/Components/Panels/SchemaTranslationPanel.tsx;505;string_literal;"Translation failed"
resources/js/Components/Panels/SchemaTranslationPanel.tsx;640;string_literal;Table
resources/js/Components/Panels/SchemaTranslationPanel.tsx;641;string_literal;📁
resources/js/Components/Panels/SchemaTranslationPanel.tsx;648;string_literal;Field
resources/js/Components/Panels/SchemaTranslationPanel.tsx;649;string_literal;📄
resources/js/Components/Panels/SchemaTranslationPanel.tsx;661;tag_content;🌍
resources/js/Components/Panels/SchemaTranslationPanel.tsx;662;tag_content;"Select an item to translate"
resources/js/Components/Panels/SchemaTranslationPanel.tsx;663;tag_content;"Choose a table or field from the schema tree to manage its translations"
resources/js/Components/Panels/SchemaTranslationPanel.tsx;688;tag_content;Auto-saving...
resources/js/Components/Panels/SchemaTranslationPanel.tsx;702;tag_p;"Enter translations below to create new entries. They will be auto-saved after 1 second of inactivity."
resources/js/Components/Panels/SchemaTranslationPanel.tsx;714;string_literal;🏴
resources/js/Components/Panels/SchemaTranslationPanel.tsx;743;tag_h3;"Schema Translation Manager"
resources/js/Components/Panels/SchemaTranslationPanel.tsx;746;tag_p;"Translate database table and field names for internationalization"
resources/js/Components/Panels/SchemaTranslationPanel.tsx;753;attr_label;Export
resources/js/Components/Panels/SchemaTranslationPanel.tsx;762;attr_label;Import
resources/js/Components/Panels/SchemaTranslationPanel.tsx;791;tag_content;"Database Schema"
resources/js/Components/Panels/SchemaTranslationPanel.tsx;802;string_literal;"Expand All"
resources/js/Components/Panels/SchemaTranslationPanel.tsx;812;string_literal;"Collapse All"
resources/js/Components/Panels/SchemaTranslationPanel.tsx;818;tag_content;"Select tables and fields to translate"
resources/js/Components/Panels/SchemaTranslationPanel.tsx;826;tag_content;📋
resources/js/Components/Panels/SchemaTranslationPanel.tsx;827;tag_content;"Please select a project first"
resources/js/Components/Panels/SchemaTranslationPanel.tsx;833;tag_content;📭
resources/js/Components/Panels/SchemaTranslationPanel.tsx;834;tag_content;"No schema tables found"
resources/js/Components/Panels/SchemaTranslationPanel.tsx;835;tag_content;"This project has no schema data to translate"
resources/js/Components/Panels/SchemaTranslationPanel.tsx;893;string_literal;#3b82f6
resources/js/Components/Panels/SchemaTranslationPanel.tsx;908;attr_header;"Export Translations to Excel"
resources/js/Components/Panels/SchemaTranslationPanel.tsx;923;tag_p;"Select languages to include in the Excel export. The export will contain all tables and fields from linked databases."
resources/js/Components/Panels/SchemaTranslationPanel.tsx;931;tag_label;"Select Languages *"
resources/js/Components/Panels/SchemaTranslationPanel.tsx;938;string_literal;"Select languages to export"
resources/js/Components/Panels/SchemaTranslationPanel.tsx;950;string_literal;Cancel
resources/js/Components/Panels/SchemaTranslationPanel.tsx;969;attr_header;"Import Translations from Excel"
resources/js/Components/Panels/SchemaTranslationPanel.tsx;987;tag_p;"Upload an Excel file with translations. Select which languages to import."
resources/js/Components/Panels/SchemaTranslationPanel.tsx;995;tag_label;"Upload Excel File *"
resources/js/Components/Panels/SchemaTranslationPanel.tsx;1006;string_literal;"Choose Excel File"
resources/js/Components/Panels/SchemaTranslationPanel.tsx;1015;tag_label;"Select Languages to Import *"
resources/js/Components/Panels/SchemaTranslationPanel.tsx;1022;string_literal;"Select languages to import"
resources/js/Components/Panels/SchemaTranslationPanel.tsx;1056;string_literal;"Auto-Translate with Google Translate"
resources/js/Components/Panels/SchemaTranslationPanel.tsx;1074;string_literal;"Translate All Items"
resources/js/Components/Panels/SchemaTranslationPanel.tsx;1074;string_literal;Auto-Translate
resources/js/Components/Panels/SchemaTranslationPanel.tsx;1078;string_literal;"All tables and fields with the source language will be translated automatically."
resources/js/Components/Panels/SchemaTranslationPanel.tsx;1103;tag_label;"🚀 Translate all tables and fields"
resources/js/Components/Panels/SchemaTranslationPanel.tsx;1113;tag_label;"Source Language *"
resources/js/Components/Panels/SchemaTranslationPanel.tsx;1128;string_literal;✓
resources/js/Components/Panels/SchemaTranslationPanel.tsx;1139;tag_label;"Target Languages *"
resources/js/Components/Panels/SchemaTranslationPanel.tsx;1148;string_literal;"Select target languages"
resources/js/Components/Panels/SchemaTranslationPanel.tsx;1205;string_literal;Translating...
resources/js/Components/Panels/SchemaTranslationPanel.tsx;1205;string_literal;"Translate Now"
resources/js/Components/Panels/SystemSettingsPanel.tsx;48;string_literal;"Failed to load settings:"
resources/js/Components/Panels/SystemSettingsPanel.tsx;69;string_literal;"Failed to update settings:"
resources/js/Components/Panels/SystemSettingsPanel.tsx;86;tag_h3;"⚙️ System Settings"
resources/js/Components/Panels/SystemSettingsPanel.tsx;89;tag_p;"Configure global system settings for Scoriet"
resources/js/Components/Panels/SystemSettingsPanel.tsx;99;tag_h4;"🌍 Google Translate API"
resources/js/Components/Panels/SystemSettingsPanel.tsx;102;tag_p;"Configure the global Google Translate API key for Business plan users"
resources/js/Components/Panels/SystemSettingsPanel.tsx;107;tag_label;"Global API Key"
resources/js/Components/Panels/SystemSettingsPanel.tsx;117;string_literal;"Enter Google Translate API key..."
resources/js/Components/Panels/SystemSettingsPanel.tsx;132;tag_h4;"💰 Subscription Pricing"
resources/js/Components/Panels/SystemSettingsPanel.tsx;135;tag_p;"Set monthly subscription prices for each plan tier"
resources/js/Components/Panels/SystemSettingsPanel.tsx;148;string_literal;"Please enter Premium price"
resources/js/Components/Panels/SystemSettingsPanel.tsx;149;string_literal;"Price must be positive"
resources/js/Components/Panels/SystemSettingsPanel.tsx;157;string_literal;USD
resources/js/Components/Panels/SystemSettingsPanel.tsx;158;string_literal;en-US
resources/js/Components/Panels/SystemSettingsPanel.tsx;163;attr_placeholder;9.99
resources/js/Components/Panels/SystemSettingsPanel.tsx;180;string_literal;"Please enter Business price"
resources/js/Components/Panels/SystemSettingsPanel.tsx;195;attr_placeholder;29.99
resources/js/Components/Panels/SystemSettingsPanel.tsx;212;string_literal;"Please enter Patron minimum price"
resources/js/Components/Panels/SystemSettingsPanel.tsx;227;attr_placeholder;99.99
resources/js/Components/Panels/SystemSettingsPanel.tsx;242;string_literal;Reset
resources/js/Components/Panels/SystemSettingsPanel.tsx;251;string_literal;Saving...
resources/js/Components/Panels/SystemSettingsPanel.tsx;251;string_literal;"Save Settings"
resources/js/Components/Panels/TeamManagementPanel.tsx;105;string_literal;"Not authenticated"
resources/js/Components/Panels/TeamManagementPanel.tsx;155;string_literal;"Failed to load teams"
resources/js/Components/Panels/TeamManagementPanel.tsx;174;string_literal;Error
resources/js/Components/Panels/TeamManagementPanel.tsx;200;string_literal;"Delete Team"
resources/js/Components/Panels/TeamManagementPanel.tsx;221;string_literal;"Failed to delete team"
resources/js/Components/Panels/TeamManagementPanel.tsx;226;string_literal;Success
resources/js/Components/Panels/TeamManagementPanel.tsx;227;string_literal;"Team deleted successfully"
resources/js/Components/Panels/TeamManagementPanel.tsx;259;string_literal;"Team updated successfully"
resources/js/Components/Panels/TeamManagementPanel.tsx;259;string_literal;"Team created successfully"
resources/js/Components/Panels/TeamManagementPanel.tsx;277;string_literal;"New Team"
resources/js/Components/Panels/TeamManagementPanel.tsx;291;string_literal;"Search teams here..."
resources/js/Components/Panels/TeamManagementPanel.tsx;316;string_literal;Unknown
resources/js/Components/Panels/TeamManagementPanel.tsx;334;string_literal;Active
resources/js/Components/Panels/TeamManagementPanel.tsx;334;string_literal;Inactive
resources/js/Components/Panels/TeamManagementPanel.tsx;361;tag_content;"No Projects"
resources/js/Components/Panels/TeamManagementPanel.tsx;368;string_literal;de-DE
resources/js/Components/Panels/TeamManagementPanel.tsx;386;string_literal;"Manage Members"
resources/js/Components/Panels/TeamManagementPanel.tsx;394;string_literal;"Edit Team"
resources/js/Components/Panels/TeamManagementPanel.tsx;416;string_literal;"Team Management"
resources/js/Components/Panels/TeamManagementPanel.tsx;417;tag_div;"Create, manage, and organize your teams. Assign team members and control access permissions."
resources/js/Components/Panels/TeamManagementPanel.tsx;427;string_literal;"border border-gray-200 rounded"
resources/js/Components/Panels/TeamManagementPanel.tsx;439;string_literal;"No teams found"
resources/js/Components/Panels/TeamManagementPanel.tsx;451;string_literal;"Team Name"
resources/js/Components/Panels/TeamManagementPanel.tsx;458;string_literal;Owner
resources/js/Components/Panels/TeamManagementPanel.tsx;465;string_literal;Members
resources/js/Components/Panels/TeamManagementPanel.tsx;471;string_literal;Status
resources/js/Components/Panels/TeamManagementPanel.tsx;478;string_literal;Projects
resources/js/Components/Panels/TeamManagementPanel.tsx;485;string_literal;Created
resources/js/Components/Panels/TeamManagementPanel.tsx;491;string_literal;Actions
resources/js/Components/Panels/TeamsPanel.tsx;91;string_literal;"Not authenticated"
resources/js/Components/Panels/TeamsPanel.tsx;128;string_literal;"Error loading data"
resources/js/Components/Panels/TeamsPanel.tsx;172;string_literal;"Error loading project teams"
resources/js/Components/Panels/TeamsPanel.tsx;193;string_literal;"Failed to load projects"
resources/js/Components/Panels/TeamsPanel.tsx;199;string_literal;"Error loading projects"
resources/js/Components/Panels/TeamsPanel.tsx;238;string_literal;"Failed to load teams"
resources/js/Components/Panels/TeamsPanel.tsx;255;string_literal;"Error loading teams"
resources/js/Components/Panels/TeamsPanel.tsx;295;string_literal;"Failed to assign teams"
resources/js/Components/Panels/TeamsPanel.tsx;350;string_literal;"Error assigning teams"
resources/js/Components/Panels/TeamsPanel.tsx;425;string_literal;"Error removing team"
resources/js/Components/Panels/TeamsPanel.tsx;457;string_literal;Project
resources/js/Components/Panels/TeamsPanel.tsx;457;string_literal;"Teams Assignment"
resources/js/Components/Panels/TeamsPanel.tsx;457;string_literal;"Project Teams"
resources/js/Components/Panels/TeamsPanel.tsx;487;string_literal;"Search projects or teams..."
resources/js/Components/Panels/TeamsPanel.tsx;494;tag_div;"No projects found"
resources/js/Components/Panels/TeamsPanel.tsx;527;tag_div;"No teams available for this project"
resources/js/Components/Panels/TeamsPanel.tsx;544;string_literal;Unknown
resources/js/Components/Panels/TeamsPanel.tsx;552;string_literal;Assigned
resources/js/Components/Panels/TeamsPanel.tsx;552;string_literal;Unassigned
resources/js/Components/Panels/TeamsPanel.tsx;563;string_literal;"Remove from project"
resources/js/Components/Panels/TeamsPanel.tsx;608;string_literal;"Clear Selection"
resources/js/Components/Panels/TeamsPanel.tsx;630;string_literal;"No teams found"
resources/js/Components/Panels/TeamsPanel.tsx;697;string_literal;"Team Name"
resources/js/Components/Panels/TeamsPanel.tsx;698;string_literal;Description
resources/js/Components/Panels/TeamsPanel.tsx;701;string_literal;Owner
resources/js/Components/Panels/TeamsPanel.tsx;711;string_literal;Members
resources/js/Components/Panels/TeamsPanel.tsx;721;string_literal;Status
resources/js/Components/Panels/TeamsPanel.tsx;726;string_literal;Active
resources/js/Components/Panels/TeamsPanel.tsx;726;string_literal;Inactive
resources/js/Components/Panels/TeamsPanel.tsx;732;string_literal;Created
resources/js/Components/Panels/TeamsPanel.tsx;733;string_literal;de-DE
resources/js/Components/Panels/TeamsPanel_Old.tsx;97;string_literal;"No authentication token found"
resources/js/Components/Panels/TeamsPanel_Old.tsx;147;string_literal;"An error occurred"
resources/js/Components/Panels/TeamsPanel_Old.tsx;192;string_literal;"Failed to accept invitation"
resources/js/Components/Panels/TeamsPanel_Old.tsx;216;string_literal;"Failed to decline invitation"
resources/js/Components/Panels/TeamsPanel_Old.tsx;236;tag_content;"Error Loading Teams"
resources/js/Components/Panels/TeamsPanel_Old.tsx;241;tag_button;Retry
resources/js/Components/Panels/TeamsPanel_Old.tsx;263;tag_content;"Create Team"
resources/js/Components/Panels/TeamsPanel_Old.tsx;270;string_literal;"Owned Teams"
resources/js/Components/Panels/TeamsPanel_Old.tsx;271;string_literal;"Member Of"
resources/js/Components/Panels/TeamsPanel_Old.tsx;272;string_literal;Invitations
resources/js/Components/Panels/TeamsPanel_Old.tsx;297;tag_content;"No Teams Yet"
resources/js/Components/Panels/TeamsPanel_Old.tsx;298;tag_content;"Create your first team to start collaborating"
resources/js/Components/Panels/TeamsPanel_Old.tsx;316;tag_span;Owner
resources/js/Components/Panels/TeamsPanel_Old.tsx;360;tag_content;"Not a Member of Any Teams"
resources/js/Components/Panels/TeamsPanel_Old.tsx;361;string_literal;"ll see teams you"
resources/js/Components/Panels/TeamsPanel_Old.tsx;361;tag_content;"You'll see teams you're invited to join here"
resources/js/Components/Panels/TeamsPanel_Old.tsx;373;tag_span;Member
resources/js/Components/Panels/TeamsPanel_Old.tsx;415;tag_content;"No Pending Invitations"
resources/js/Components/Panels/TeamsPanel_Old.tsx;416;tag_content;"Team invitations will appear here"
resources/js/Components/Panels/TemplateDbSchemaDependenciesPanel.tsx;102;string_literal;"Failed to load DB schemas"
resources/js/Components/Panels/TemplateDbSchemaDependenciesPanel.tsx;123;string_literal;"DB schema dependency added successfully"
resources/js/Components/Panels/TemplateDbSchemaDependenciesPanel.tsx;128;string_literal;"Failed to add dependency"
resources/js/Components/Panels/TemplateDbSchemaDependenciesPanel.tsx;144;tag_content;"Add DB Schema Dependency"
resources/js/Components/Panels/TemplateDbSchemaDependenciesPanel.tsx;158;tag_label;"Database Schema *"
resources/js/Components/Panels/TemplateDbSchemaDependenciesPanel.tsx;164;string_literal;"Please select a database schema"
resources/js/Components/Panels/TemplateDbSchemaDependenciesPanel.tsx;176;string_literal;"Select a database schema"
resources/js/Components/Panels/TemplateDbSchemaDependenciesPanel.tsx;203;tag_label;"Required Dependency"
resources/js/Components/Panels/TemplateDbSchemaDependenciesPanel.tsx;231;string_literal;"Enter an alias for this DB schema in the template"
resources/js/Components/Panels/TemplateDbSchemaDependenciesPanel.tsx;242;string_literal;Cancel
resources/js/Components/Panels/TemplateDbSchemaDependenciesPanel.tsx;248;string_literal;"Add Dependency"
resources/js/Components/Panels/TemplateDbSchemaDependenciesPanel.tsx;324;string_literal;"Failed to load templates"
resources/js/Components/Panels/TemplateDbSchemaDependenciesPanel.tsx;346;string_literal;"Failed to load template dependencies"
resources/js/Components/Panels/TemplateDbSchemaDependenciesPanel.tsx;367;string_literal;"Dependency removed successfully"
resources/js/Components/Panels/TemplateDbSchemaDependenciesPanel.tsx;372;string_literal;"Failed to remove dependency"
resources/js/Components/Panels/TemplateDbSchemaDependenciesPanel.tsx;390;string_literal;Inactive
resources/js/Components/Panels/TemplateDbSchemaDependenciesPanel.tsx;404;string_literal;"View Only"
resources/js/Components/Panels/TemplateDbSchemaDependenciesPanel.tsx;405;string_literal;"You can only edit your own templates"
resources/js/Components/Panels/TemplateDbSchemaDependenciesPanel.tsx;415;string_literal;Manage
resources/js/Components/Panels/TemplateDbSchemaDependenciesPanel.tsx;440;string_literal;Required
resources/js/Components/Panels/TemplateDbSchemaDependenciesPanel.tsx;442;string_literal;Optional
resources/js/Components/Panels/TemplateDbSchemaDependenciesPanel.tsx;444;string_literal;#9333ea
resources/js/Components/Panels/TemplateDbSchemaDependenciesPanel.tsx;457;string_literal;"Read-only template"
resources/js/Components/Panels/TemplateDbSchemaDependenciesPanel.tsx;469;string_literal;"Remove Dependency"
resources/js/Components/Panels/TemplateDbSchemaDependenciesPanel.tsx;483;tag_content;"Template - DB Schema Dependencies"
resources/js/Components/Panels/TemplateDbSchemaDependenciesPanel.tsx;496;tag_content;Templates
resources/js/Components/Panels/TemplateDbSchemaDependenciesPanel.tsx;504;string_literal;All
resources/js/Components/Panels/TemplateDbSchemaDependenciesPanel.tsx;505;string_literal;System
resources/js/Components/Panels/TemplateDbSchemaDependenciesPanel.tsx;506;string_literal;Public
resources/js/Components/Panels/TemplateDbSchemaDependenciesPanel.tsx;507;string_literal;Project
resources/js/Components/Panels/TemplateDbSchemaDependenciesPanel.tsx;517;string_literal;"Search templates..."
resources/js/Components/Panels/TemplateDbSchemaDependenciesPanel.tsx;519;string_literal;#4b5563
resources/js/Components/Panels/TemplateDbSchemaDependenciesPanel.tsx;519;string_literal;#6b7280
resources/js/Components/Panels/TemplateDbSchemaDependenciesPanel.tsx;519;string_literal;#f3f4f6
resources/js/Components/Panels/TemplateDbSchemaDependenciesPanel.tsx;527;string_literal;"No templates available"
resources/js/Components/Panels/TemplateDbSchemaDependenciesPanel.tsx;536;string_literal;Template
resources/js/Components/Panels/TemplateDbSchemaDependenciesPanel.tsx;541;string_literal;Actions
resources/js/Components/Panels/TemplateDbSchemaDependenciesPanel.tsx;559;string_literal;Add
resources/js/Components/Panels/TemplateDbSchemaDependenciesPanel.tsx;570;string_literal;"No DB schema dependencies"
resources/js/Components/Panels/TemplateDbSchemaDependenciesPanel.tsx;578;string_literal;"Database Schema"
resources/js/Components/Panels/TemplateDbSchemaDependenciesPanel.tsx;583;string_literal;Status
resources/js/Components/Panels/TemplateDbSchemaDependenciesPanel.tsx;595;tag_div;"Select a template to view its DB schema dependencies"
resources/js/Components/Panels/TemplateFileManager.tsx;108;string_literal;Aktualisieren
resources/js/Components/Panels/TemplateFileManager.tsx;108;string_literal;Erstellen
resources/js/Components/Panels/TemplateFileManager.tsx;116;string_literal;"Datei erfolgreich gelöscht"
resources/js/Components/Panels/TemplateFileManager.tsx;120;string_literal;"Fehler beim Löschen der Datei"
resources/js/Components/Panels/TemplateFileManager.tsx;131;string_literal;"Fehler beim Verschieben der Datei"
resources/js/Components/Panels/TemplateFileManager.tsx;137;string_literal;"Sind Sie sicher, dass Sie diese Datei löschen möchten?"
resources/js/Components/Panels/TemplateFileManager.tsx;138;string_literal;"Datei löschen?"
resources/js/Components/Panels/TemplateFileManager.tsx;141;string_literal;Ja
resources/js/Components/Panels/TemplateFileManager.tsx;142;string_literal;Nein
resources/js/Components/Panels/TemplateFileManager.tsx;175;string_literal;"Nach oben"
resources/js/Components/Panels/TemplateFileManager.tsx;185;string_literal;"Nach unten"
resources/js/Components/Panels/TemplateFileManager.tsx;195;string_literal;Bearbeiten
resources/js/Components/Panels/TemplateFileManager.tsx;205;string_literal;Löschen
resources/js/Components/Panels/TemplateFileManager.tsx;216;tag_content;"Template Dateien verwalten"
resources/js/Components/Panels/TemplateFileManager.tsx;220;string_literal;"Neue Datei"
resources/js/Components/Panels/TemplateFileManager.tsx;227;string_literal;Schließen
resources/js/Components/Panels/TemplateFileManager.tsx;241;string_literal;"Keine Dateien vorhanden"
resources/js/Components/Panels/TemplateFileManager.tsx;243;string_literal;Name
resources/js/Components/Panels/TemplateFileManager.tsx;244;string_literal;Typ
resources/js/Components/Panels/TemplateFileManager.tsx;245;string_literal;Reihenfolge
resources/js/Components/Panels/TemplateFileManager.tsx;246;string_literal;Größe
resources/js/Components/Panels/TemplateFileManager.tsx;247;string_literal;Aktionen
resources/js/Components/Panels/TemplateFileManager.tsx;252;string_literal;"Datei bearbeiten"
resources/js/Components/Panels/TemplateFileManager.tsx;252;string_literal;"Neue Datei erstellen"
resources/js/Components/Panels/TemplateFileManager.tsx;265;tag_label;"Dateiname *"
resources/js/Components/Panels/TemplateFileManager.tsx;276;attr_placeholder;"e.g., Model.php, component.tsx"
resources/js/Components/Panels/TemplateFileManager.tsx;288;tag_label;"Typ *"
resources/js/Components/Panels/TemplateFileManager.tsx;301;string_literal;"Typ auswählen"
resources/js/Components/Panels/TemplateFileManager.tsx;335;tag_label;"Dateiinhalt *"
resources/js/Components/Panels/TemplateFileManager.tsx;347;string_literal;"Template-Code hier eingeben..."
resources/js/Components/Panels/TemplateFileManager.tsx;361;string_literal;Abbrechen
resources/js/Components/Panels/TemplateManagementPanel.tsx;96;string_literal;All
resources/js/Components/Panels/TemplateManagementPanel.tsx;113;string_literal;Web
resources/js/Components/Panels/TemplateManagementPanel.tsx;113;string_literal;Mobile
resources/js/Components/Panels/TemplateManagementPanel.tsx;113;string_literal;API
resources/js/Components/Panels/TemplateManagementPanel.tsx;113;string_literal;Desktop
resources/js/Components/Panels/TemplateManagementPanel.tsx;113;string_literal;Database
resources/js/Components/Panels/TemplateManagementPanel.tsx;115;string_literal;"Static File"
resources/js/Components/Panels/TemplateManagementPanel.tsx;116;string_literal;"Static directory as ZIP archive"
resources/js/Components/Panels/TemplateManagementPanel.tsx;117;string_literal;"Project File"
resources/js/Components/Panels/TemplateManagementPanel.tsx;117;string_literal;"Project-specific file with placeholders"
resources/js/Components/Panels/TemplateManagementPanel.tsx;118;string_literal;"DB Table File"
resources/js/Components/Panels/TemplateManagementPanel.tsx;119;string_literal;"Project-specific file with language support"
resources/js/Components/Panels/TemplateManagementPanel.tsx;120;string_literal;"File per database table with language support"
resources/js/Components/Panels/TemplateManagementPanel.tsx;150;string_literal;"Fehler beim Laden der Templates. Bitte zuerst einloggen."
resources/js/Components/Panels/TemplateManagementPanel.tsx;202;string_literal;"Fehler beim Laden der Template-Details"
resources/js/Components/Panels/TemplateManagementPanel.tsx;211;string_literal;"Template endgültig gelöscht"
resources/js/Components/Panels/TemplateManagementPanel.tsx;216;string_literal;"Fehler beim endgültigen Löschen des Templates"
resources/js/Components/Panels/TemplateManagementPanel.tsx;230;string_literal;"Fehler beim Ändern des Template-Status"
resources/js/Components/Panels/TemplateManagementPanel.tsx;286;string_literal;"Template erfolgreich geklont"
resources/js/Components/Panels/TemplateManagementPanel.tsx;291;string_literal;"Fehler beim Klonen des Templates"
resources/js/Components/Panels/TemplateManagementPanel.tsx;335;string_literal;Aktualisieren
resources/js/Components/Panels/TemplateManagementPanel.tsx;335;string_literal;Erstellen
resources/js/Components/Panels/TemplateManagementPanel.tsx;359;string_literal;"Template erfolgreich gespeichert"
resources/js/Components/Panels/TemplateManagementPanel.tsx;395;string_literal;"Fehler beim Speichern des Templates"
resources/js/Components/Panels/TemplateManagementPanel.tsx;410;string_literal;"Template erfolgreich importiert"
resources/js/Components/Panels/TemplateManagementPanel.tsx;413;string_literal;"Fehler beim Importieren des Templates"
resources/js/Components/Panels/TemplateManagementPanel.tsx;419;string_literal;"Ein Template mit diesem Namen existiert bereits. Möchten Sie es überschreiben?"
resources/js/Components/Panels/TemplateManagementPanel.tsx;420;string_literal;"Template existiert bereits"
resources/js/Components/Panels/TemplateManagementPanel.tsx;428;string_literal;"Template erfolgreich importiert und überschrieben"
resources/js/Components/Panels/TemplateManagementPanel.tsx;433;string_literal;"Fehler beim Überschreiben des Templates"
resources/js/Components/Panels/TemplateManagementPanel.tsx;436;string_literal;"Ja, überschreiben"
resources/js/Components/Panels/TemplateManagementPanel.tsx;437;string_literal;Abbrechen
resources/js/Components/Panels/TemplateManagementPanel.tsx;464;string_literal;"Template erfolgreich exportiert"
resources/js/Components/Panels/TemplateManagementPanel.tsx;467;string_literal;"Fehler beim Exportieren des Templates"
resources/js/Components/Panels/TemplateManagementPanel.tsx;485;string_literal;"Kein Template ausgewählt"
resources/js/Components/Panels/TemplateManagementPanel.tsx;517;string_literal;"Fehler beim Löschen der Datei"
resources/js/Components/Panels/TemplateManagementPanel.tsx;521;string_literal;"Fehler beim Löschen der Datei:"
resources/js/Components/Panels/TemplateManagementPanel.tsx;595;string_literal;hinzugefügt
resources/js/Components/Panels/TemplateManagementPanel.tsx;597;string_literal;"Fehler beim Speichern der Datei"
resources/js/Components/Panels/TemplateManagementPanel.tsx;601;string_literal;"Fehler beim Speichern der Datei:"
resources/js/Components/Panels/TemplateManagementPanel.tsx;613;string_literal;"Template Verwaltung"
resources/js/Components/Panels/TemplateManagementPanel.tsx;618;string_literal;"Neues Template"
resources/js/Components/Panels/TemplateManagementPanel.tsx;624;attr_label;Import
resources/js/Components/Panels/TemplateManagementPanel.tsx;646;string_literal;"Templates suchen..."
resources/js/Components/Panels/TemplateManagementPanel.tsx;653;string_literal;Kategorie
resources/js/Components/Panels/TemplateManagementPanel.tsx;667;string_literal;"Keine Templates gefunden"
resources/js/Components/Panels/TemplateManagementPanel.tsx;668;string_literal;"RowsPerPageDropdown FirstPageLink PrevPageLink CurrentPageReport NextPageLink LastPageLink"
resources/js/Components/Panels/TemplateManagementPanel.tsx;672;string_literal;Name
resources/js/Components/Panels/TemplateManagementPanel.tsx;684;string_literal;Sprache
resources/js/Components/Panels/TemplateManagementPanel.tsx;693;string_literal;Tags
resources/js/Components/Panels/TemplateManagementPanel.tsx;706;string_literal;Dateien
resources/js/Components/Panels/TemplateManagementPanel.tsx;711;string_literal;Status
resources/js/Components/Panels/TemplateManagementPanel.tsx;716;string_literal;Aktiv
resources/js/Components/Panels/TemplateManagementPanel.tsx;716;string_literal;Inaktiv
resources/js/Components/Panels/TemplateManagementPanel.tsx;721;string_literal;Typ
resources/js/Components/Panels/TemplateManagementPanel.tsx;736;string_literal;Public
resources/js/Components/Panels/TemplateManagementPanel.tsx;736;string_literal;Private
resources/js/Components/Panels/TemplateManagementPanel.tsx;743;string_literal;Erstellt
resources/js/Components/Panels/TemplateManagementPanel.tsx;744;string_literal;de-DE
resources/js/Components/Panels/TemplateManagementPanel.tsx;747;string_literal;Aktionen
resources/js/Components/Panels/TemplateManagementPanel.tsx;757;string_literal;Anzeigen
resources/js/Components/Panels/TemplateManagementPanel.tsx;764;string_literal;Bearbeiten
resources/js/Components/Panels/TemplateManagementPanel.tsx;771;attr_tooltip;Exportieren
resources/js/Components/Panels/TemplateManagementPanel.tsx;777;string_literal;Klonen
resources/js/Components/Panels/TemplateManagementPanel.tsx;785;string_literal;Deaktivieren
resources/js/Components/Panels/TemplateManagementPanel.tsx;785;string_literal;Aktivieren
resources/js/Components/Panels/TemplateManagementPanel.tsx;795;string_literal;"Endgültig löschen"
resources/js/Components/Panels/TemplateManagementPanel.tsx;859;string_literal;"Keine Beschreibung"
resources/js/Components/Panels/TemplateManagementPanel.tsx;859;tag_content;Beschreibung:
resources/js/Components/Panels/TemplateManagementPanel.tsx;862;tag_content;Kategorie:
resources/js/Components/Panels/TemplateManagementPanel.tsx;865;tag_content;Sprache:
resources/js/Components/Panels/TemplateManagementPanel.tsx;868;tag_content;Tags:
resources/js/Components/Panels/TemplateManagementPanel.tsx;893;tag_content;"Keine Dateien vorhanden"
resources/js/Components/Panels/TemplateManagementPanel.tsx;916;string_literal;#6b7280
resources/js/Components/Panels/TemplateManagementPanel.tsx;933;tag_label;"Neuer Template-Name"
resources/js/Components/Panels/TemplateManagementPanel.tsx;939;string_literal;"Template-Name eingeben..."
resources/js/Components/Panels/TemplateManagementPanel.tsx;941;string_literal;#fff
resources/js/Components/Panels/TemplateManagementPanel.tsx;944;tag_div;"🔍 Prüfe Verfügbarkeit..."
resources/js/Components/Panels/TemplateManagementPanel.tsx;949;tag_div;"❌ Name darf nicht doppelt vergeben werden"
resources/js/Components/Panels/TemplateManagementPanel.tsx;954;tag_div;"✅ Name ist verfügbar"
resources/js/Components/Panels/TemplateManagementPanel.tsx;961;tag_label;Sichtbarkeit
resources/js/Components/Panels/TemplateManagementPanel.tsx;976;tag_content;Quelle:
resources/js/Components/Panels/TemplateManagementPanel.tsx;977;string_literal;System
resources/js/Components/Panels/TemplateManagementPanel.tsx;977;tag_content;Typ:
resources/js/Components/Panels/TemplateModal.tsx;147;string_literal;"Template bearbeiten"
resources/js/Components/Panels/TemplateModal.tsx;147;string_literal;"Neues Template erstellen"
resources/js/Components/Panels/TemplateModal.tsx;159;tag_label;"Name *"
resources/js/Components/Panels/TemplateModal.tsx;176;attr_placeholder;my_template_name
resources/js/Components/Panels/TemplateModal.tsx;195;tag_label;Beschreibung
resources/js/Components/Panels/TemplateModal.tsx;206;attr_placeholder;"Template Beschreibung (optional)"
resources/js/Components/Panels/TemplateModal.tsx;220;tag_label;"Kategorie *"
resources/js/Components/Panels/TemplateModal.tsx;235;string_literal;All
resources/js/Components/Panels/TemplateModal.tsx;236;string_literal;"Kategorie auswählen"
resources/js/Components/Panels/TemplateModal.tsx;248;tag_label;"Sprache *"
resources/js/Components/Panels/TemplateModal.tsx;259;attr_placeholder;"e.g., PHP, JavaScript, TypeScript"
resources/js/Components/Panels/TemplateModal.tsx;276;tag_label;Tags
resources/js/Components/Panels/TemplateModal.tsx;290;attr_placeholder;"Tags hinzufügen (Enter drücken)"
resources/js/Components/Panels/TemplateModal.tsx;301;tag_label;"Sichtbarkeit *"
resources/js/Components/Panels/TemplateModal.tsx;317;string_literal;Public
resources/js/Components/Panels/TemplateModal.tsx;318;string_literal;Private
resources/js/Components/Panels/TemplateModal.tsx;320;string_literal;"Sichtbarkeit wählen"
resources/js/Components/Panels/TemplateModal.tsx;333;tag_label;"System Template"
resources/js/Components/Panels/TemplateModal.tsx;362;tag_content;"Template Dateien"
resources/js/Components/Panels/TemplateModal.tsx;379;tag_div;"Bitte speichern Sie das Template, erst dann können Sie Dateien zum Template hinzufügen"
resources/js/Components/Panels/TemplateModal.tsx;395;tag_content;Name
resources/js/Components/Panels/TemplateModal.tsx;396;tag_content;Typ
resources/js/Components/Panels/TemplateModal.tsx;397;tag_content;Größe
resources/js/Components/Panels/TemplateModal.tsx;398;tag_content;Aktionen
resources/js/Components/Panels/TemplateModal.tsx;404;string_literal;"px-3 py-2"
resources/js/Components/Panels/TemplateModal.tsx;448;tag_div;"Keine Dateien hinzugefügt. Klicken Sie auf ""Datei hinzufügen"" um zu beginnen."
resources/js/Components/Panels/TemplateModal.tsx;449;string_literal;"Datei hinzufügen"
resources/js/Components/Panels/TemplateModal.tsx;469;tag_label;"Template ist aktiv"
resources/js/Components/Panels/TemplateModal.tsx;491;string_literal;"Gespeichert ✓"
resources/js/Components/Panels/TemplateModal.tsx;491;string_literal;Speichern
resources/js/Components/Panels/TemplateModal.tsx;502;string_literal;Aktualisieren
resources/js/Components/Panels/TemplateModal.tsx;502;string_literal;"Keine Änderungen"
resources/js/Components/Panels/TemplateModal.tsx;503;string_literal;Erstellen
resources/js/Components/SqlImportModal.tsx;65;string_literal;"Not authenticated"
resources/js/Components/SqlImportModal.tsx;76;string_literal;"Failed to load schemas"
resources/js/Components/SqlImportModal.tsx;87;string_literal;"Error loading schemas"
resources/js/Components/SqlImportModal.tsx;106;string_literal;"No project selected. Please select a project first."
resources/js/Components/SqlImportModal.tsx;129;string_literal;"SQL script is required"
resources/js/Components/SqlImportModal.tsx;134;string_literal;"Please select a target schema"
resources/js/Components/SqlImportModal.tsx;139;string_literal;"No project selected"
resources/js/Components/SqlImportModal.tsx;144;string_literal;"No schema selected"
resources/js/Components/SqlImportModal.tsx;154;string_literal;"Authentication required"
resources/js/Components/SqlImportModal.tsx;177;string_literal;"Failed to import SQL"
resources/js/Components/SqlImportModal.tsx;211;string_literal;"📥 Import SQL Schema"
resources/js/Components/SqlImportModal.tsx;222;string_literal;#1f2937
resources/js/Components/SqlImportModal.tsx;277;tag_label;"Target Schema"
resources/js/Components/SqlImportModal.tsx;301;string_literal;"No editable schemas in project"
resources/js/Components/SqlImportModal.tsx;313;string_literal;"Brief description..."
resources/js/Components/SqlImportModal.tsx;322;tag_label;"SQL Script"
resources/js/Components/SqlImportModal.tsx;328;string_literal;"Paste your SQL CREATE TABLE statements here..."
resources/js/Components/SqlImportModal.tsx;332;tag_div;"Supports MySQL CREATE TABLE, ALTER TABLE statements and constraints"
resources/js/Components/SqlImportModal.tsx;338;tag_label;"Upload SQL File"
resources/js/Components/SqlImportModal.tsx;352;tag_content;✅
resources/js/Components/SqlImportModal.tsx;367;tag_content;📁
resources/js/Components/SqlImportModal.tsx;368;tag_content;"Click to select SQL file"
resources/js/Components/SqlImportModal.tsx;369;tag_p;"Supports .sql and .txt files"
resources/js/Components/SqlImportModal.tsx;405;tag_button;Cancel
resources/js/Components/SqlImportModal.tsx;423;string_literal;"📥 Import Schema"
resources/js/Components/TopBar.tsx;71;string_literal;Scoriet
resources/js/Components/TopBar.tsx;75;tag_content;"Enterprise Code Generator"
resources/js/Components/TopBar.tsx;98;string_literal;"Select Project"
resources/js/Components/TopBar.tsx;102;string_literal;"No projects found"
resources/js/Components/VersionConfirmationModal.tsx;19;string_literal;Current
resources/js/Components/VersionConfirmationModal.tsx;29;tag_h3;"💡 Neue Version erstellen?"
resources/js/Components/VersionConfirmationModal.tsx;35;tag_button;✕
resources/js/Components/VersionConfirmationModal.tsx;53;tag_p;"Möchtest du dafür eine neue Version erstellen?"
resources/js/Components/VersionConfirmationModal.tsx;65;tag_content;🔄
resources/js/Components/VersionConfirmationModal.tsx;67;tag_content;"Ja, neue Version erstellen"
resources/js/Components/VersionConfirmationModal.tsx;81;tag_content;✏️
resources/js/Components/VersionConfirmationModal.tsx;84;tag_div;"Direkt ändern ohne neue Version"
resources/js/Components/VersionConfirmationModal.tsx;92;tag_div;"ℹ️ Du kannst später jederzeit mit ""Save as new version"" eine neue Version erstellen."
resources/js/Components/VersionConfirmationModal.tsx;93;string_literal;"Save as new version"
resources/js/Components/VersionConfirmationModal.tsx;102;tag_button;Abbrechen
resources/js/app.tsx;12;string_literal;Laravel
resources/js/app.tsx;38;string_literal;EUR
resources/js/app.tsx;82;string_literal;#4B5563
resources/js/contexts/ToastContext.tsx;19;string_literal;Erfolg
resources/js/contexts/ToastContext.tsx;28;string_literal;Fehler
resources/js/contexts/ToastContext.tsx;37;string_literal;Info
resources/js/contexts/ToastContext.tsx;46;string_literal;Warnung
resources/js/pages/CMSPage.tsx;190;string_literal;"Scoriet Logo"
resources/js/pages/CMSPage.tsx;194;string_literal;BETA
resources/js/pages/CMSPage.tsx;208;string_literal;Home
resources/js/pages/CMSPage.tsx;352;tag_content;Scoriet
resources/js/pages/CMSPage.tsx;353;tag_p;"The future of code generation. Built by developers, for developers."
resources/js/pages/CMSPage.tsx;387;tag_content;Impressum
resources/js/pages/CMSPage.tsx;412;string_literal;"Choose Your Plan"
resources/js/pages/CMSPage.tsx;415;string_literal;#1f2937
resources/js/pages/CMSPage.tsx;422;tag_content;"Current Plan"
resources/js/pages/CMSPage.tsx;423;string_literal;Free
resources/js/pages/CMSPage.tsx;426;tag_content;"Free plan"
resources/js/pages/CMSPage.tsx;435;tag_content;Premium
resources/js/pages/CMSPage.tsx;440;tag_content;"Best for professional developers"
resources/js/pages/CMSPage.tsx;462;string_literal;"Choose Premium"
resources/js/pages/CMSPage.tsx;464;string_literal;", paddingTop:"
resources/js/pages/CMSPage.tsx;464;string_literal;", paddingBottom:"
resources/js/pages/CMSPage.tsx;473;string_literal;"MOST POPULAR"
resources/js/pages/CMSPage.tsx;474;tag_content;Business
resources/js/pages/CMSPage.tsx;479;tag_content;"Best for teams and agencies"
resources/js/pages/CMSPage.tsx;501;string_literal;"Choose Business"
resources/js/pages/CMSPage.tsx;520;tag_content;"Support the community"
resources/js/pages/CMSPage.tsx;542;string_literal;"Become Patron"
resources/js/pages/CMSPage.tsx;553;tag_content;"You can change or cancel your plan at any time. All plans include a 30-day money-back guarantee."
resources/js/pages/EmailVerification.tsx;13;string_literal;"E-Mail bestätigen - Scoriet"
resources/js/pages/Index.tsx;96;string_literal;#ff4d4f
resources/js/pages/Index.tsx;258;string_literal;"Team Verwaltung"
resources/js/pages/Index.tsx;265;string_literal;"card custom"
resources/js/pages/Index.tsx;293;string_literal;"Template Verwaltung"
resources/js/pages/Index.tsx;333;string_literal;"Database Management"
resources/js/pages/Index.tsx;378;string_literal;"Debug Manual Generator"
resources/js/pages/Index.tsx;400;string_literal;Welcome
resources/js/pages/Index.tsx;413;string_literal;"Database Designer"
resources/js/pages/Index.tsx;426;string_literal;Templates
resources/js/pages/Index.tsx;439;string_literal;"Database Explorer"
resources/js/pages/Index.tsx;476;string_literal;Teams
resources/js/pages/Index.tsx;495;string_literal;"Project Management"
resources/js/pages/Index.tsx;508;string_literal;"My Applications"
resources/js/pages/Index.tsx;521;string_literal;"Public Projects"
resources/js/pages/Index.tsx;534;string_literal;Protect
resources/js/pages/Index.tsx;539;tag_content;"Removal of this tab will be rejected"
resources/js/pages/Index.tsx;540;tag_content;"This is done in the onLayoutChange callback"
resources/js/pages/Index.tsx;542;tag_content;"Try Alt+P to update this tab"
resources/js/pages/Index.tsx;543;tag_content;"Try Alt+M to maximize this tab"
resources/js/pages/Index.tsx;544;tag_content;"Try Alt+L to log current layout"
resources/js/pages/Index.tsx;545;tag_content;"Try Alt+C to copy layout to clipboard"
resources/js/pages/Index.tsx;556;string_literal;Login
resources/js/pages/Index.tsx;676;string_literal;"Template - DB Schema Dependencies"
resources/js/pages/Index.tsx;689;string_literal;"🔧 Debug Manual Generator"
resources/js/pages/Index.tsx;711;string_literal;"Code Generation Test Panel"
resources/js/pages/Index.tsx;724;string_literal;"Language Management"
resources/js/pages/Index.tsx;737;string_literal;"Schema Translation"
resources/js/pages/Index.tsx;750;string_literal;"System Settings"
resources/js/pages/Index.tsx;763;string_literal;"Project Settings"
resources/js/pages/Index.tsx;776;string_literal;"CMS Admin"
resources/js/pages/Index.tsx;792;string_literal;"Auth Modal"
resources/js/pages/Index.tsx;796;tag_content;"📋 Information"
resources/js/pages/Index.tsx;797;tag_content;"Authentication is now handled via modal windows."
resources/js/pages/Index.tsx;798;tag_content;"Use the navigation menu to access Login, Register, or Profile."
resources/js/pages/Index.tsx;861;string_literal;Project
resources/js/pages/Index.tsx;918;tag_content;"This tab ID is not defined in loadTab function."
resources/js/pages/Index.tsx;919;tag_content;"Available tabs: t2, t3, t5, protect1, login, register, profile, forgot"
resources/js/pages/Index.tsx;1415;string_literal;"Close All Tabs"
resources/js/pages/Index.tsx;1671;string_literal;alt+p
resources/js/pages/Index.tsx;1687;string_literal;alt+m
resources/js/pages/Index.tsx;1705;string_literal;alt+n
resources/js/pages/Index.tsx;1739;string_literal;alt+u
resources/js/pages/Index.tsx;1754;string_literal;alt+l
resources/js/pages/Index.tsx;1758;string_literal;alt+r
resources/js/pages/Index.tsx;1759;string_literal;"Clear saved layout and reset to default?"
resources/js/pages/Index.tsx;1764;string_literal;alt+c
resources/js/pages/Index.tsx;1788;string_literal;"See console for manual copying."
resources/js/pages/Index.tsx;1825;string_literal;"display: none"
resources/js/pages/Index.tsx;1851;string_literal;INPUT
resources/js/pages/Index.tsx;1851;string_literal;TEXTAREA
resources/js/pages/Index.tsx;1851;string_literal;SELECT
resources/js/pages/Index.tsx;1928;string_literal;"Reset Password - Scoriet"
resources/js/pages/Index.tsx;1928;string_literal;"Scoriet - Enterprise Code Generator"
resources/js/pages/Index.tsx;1947;string_literal;#1a1a1a
resources/js/pages/Index.tsx;1965;string_literal;#2a2a2a
resources/js/pages/Index.tsx;1976;string_literal;#3d3df5
resources/js/pages/Index.tsx;1986;string_literal;#1e1e1e
resources/js/pages/Index.tsx;2058;string_literal;"Registration Successful"
resources/js/pages/LandingPage.tsx;69;string_literal;EUR
resources/js/pages/LandingPage.tsx;110;string_literal;"Error loading user data:"
resources/js/pages/LandingPage.tsx;152;string_literal;"Perfect for personal projects"
resources/js/pages/LandingPage.tsx;154;string_literal;"Up to 3 projects"
resources/js/pages/LandingPage.tsx;155;string_literal;"Basic templates"
resources/js/pages/LandingPage.tsx;156;string_literal;"SQL schema parsing"
resources/js/pages/LandingPage.tsx;157;string_literal;"Community support"
resources/js/pages/LandingPage.tsx;168;string_literal;"Best for professional developers"
resources/js/pages/LandingPage.tsx;170;string_literal;"Unlimited projects"
resources/js/pages/LandingPage.tsx;171;string_literal;"Advanced templates"
resources/js/pages/LandingPage.tsx;172;string_literal;"Custom template creation"
resources/js/pages/LandingPage.tsx;173;string_literal;"Priority support"
resources/js/pages/LandingPage.tsx;174;string_literal;"Advanced SQL features"
resources/js/pages/LandingPage.tsx;175;string_literal;"Team collaboration"
resources/js/pages/LandingPage.tsx;182;string_literal;Business
resources/js/pages/LandingPage.tsx;186;string_literal;"Best for teams and agencies"
resources/js/pages/LandingPage.tsx;188;string_literal;"All Premium features"
resources/js/pages/LandingPage.tsx;189;string_literal;"Team collaboration tools"
resources/js/pages/LandingPage.tsx;190;string_literal;"Google Translate API integration"
resources/js/pages/LandingPage.tsx;191;string_literal;"Advanced analytics"
resources/js/pages/LandingPage.tsx;192;string_literal;"Priority support with SLA"
resources/js/pages/LandingPage.tsx;193;string_literal;"Custom branding options"
resources/js/pages/LandingPage.tsx;195;string_literal;"Go Business"
resources/js/pages/LandingPage.tsx;203;string_literal;"Support the community"
resources/js/pages/LandingPage.tsx;205;string_literal;"All Business features"
resources/js/pages/LandingPage.tsx;206;string_literal;"Early access to features"
resources/js/pages/LandingPage.tsx;207;string_literal;"Influence development"
resources/js/pages/LandingPage.tsx;208;string_literal;"Community Discord access"
resources/js/pages/LandingPage.tsx;288;string_literal;"Scoriet - Enterprise Code Generator"
resources/js/pages/LandingPage.tsx;304;string_literal;"Welcome Tab"
resources/js/pages/LandingPage.tsx;311;tag_label;"Open this tab on app start"
resources/js/pages/LandingPage.tsx;316;tag_div;"Close this tab to focus on your projects"
resources/js/pages/LandingPage.tsx;332;string_literal;"Scoriet Logo"
resources/js/pages/LandingPage.tsx;336;string_literal;BETA
resources/js/pages/LandingPage.tsx;479;string_literal;"MOST POPULAR"
resources/js/pages/LandingPage.tsx;479;string_literal;"px-3 py-1"
resources/js/pages/LandingPage.tsx;486;string_literal;Patreon
resources/js/pages/LandingPage.tsx;514;string_literal;Free
resources/js/pages/LandingPage.tsx;573;string_literal;User
resources/js/pages/LandingPage.tsx;594;string_literal;Custom
resources/js/pages/LandingPage.tsx;629;tag_content;Scoriet
resources/js/pages/LandingPage.tsx;630;tag_p;"The future of code generation. Built by developers, for developers."
resources/js/pages/LandingPage.tsx;664;tag_content;Impressum
resources/js/pages/LandingPage.tsx;689;string_literal;"Scoriet Demo"
resources/js/pages/LandingPage.tsx;692;string_literal;#1f2937
resources/js/pages/LandingPage.tsx;703;string_literal;video/x-msvideo
resources/js/pages/LandingPage.tsx;704;string_literal;video/mp4
resources/js/pages/LandingPage.tsx;705;string_literal;video/webm
resources/js/pages/LandingPage.tsx;716;string_literal;"Choose Your Plan"
resources/js/pages/LandingPage.tsx;726;tag_content;"Current Plan"
resources/js/pages/LandingPage.tsx;730;tag_content;"Free plan"
resources/js/pages/LandingPage.tsx;766;string_literal;", paddingTop:"
resources/js/pages/LandingPage.tsx;766;string_literal;", paddingBottom:"
resources/js/pages/LandingPage.tsx;782;tag_content;"You can change or cancel your plan at any time. All plans include a 30-day money-back guarantee."
resources/js/pages/LandingPage.tsx;800;string_literal;",
                summary:"
resources/js/pages/ProjectInvitationResponse.tsx;70;string_literal;"Invalid or expired invitation"
resources/js/pages/ProjectInvitationResponse.tsx;77;string_literal;"Failed to load invitation"
resources/js/pages/ProjectInvitationResponse.tsx;133;string_literal;"Please fill in all required fields"
resources/js/pages/ProjectInvitationResponse.tsx;138;string_literal;"Passwords do not match"
resources/js/pages/ProjectInvitationResponse.tsx;167;string_literal;"Registration failed"
resources/js/pages/ProjectInvitationResponse.tsx;170;string_literal;"Error during registration"
resources/js/pages/ProjectInvitationResponse.tsx;192;tag_content;"🚀 Scoriet"
resources/js/pages/ProjectInvitationResponse.tsx;193;tag_content;"Enterprise Code Generator"
resources/js/pages/ProjectInvitationResponse.tsx;223;tag_p;"You've been invited to join a project, but first you need to create an account"
resources/js/pages/ProjectInvitationResponse.tsx;235;tag_p;"You've been invited to join a project on Scoriet"
resources/js/pages/ProjectInvitationResponse.tsx;256;tag_content;"Invited by:"
resources/js/pages/ProjectInvitationResponse.tsx;266;tag_content;Role:
resources/js/pages/ProjectInvitationResponse.tsx;273;tag_content;"Project Owner:"
resources/js/pages/ProjectInvitationResponse.tsx;283;tag_content;Expires:
resources/js/pages/ProjectInvitationResponse.tsx;291;string_literal;"border-t border-gray-600 pt-4"
resources/js/pages/ProjectInvitationResponse.tsx;292;tag_content;"Personal message:"
resources/js/pages/ProjectInvitationResponse.tsx;307;attr_label;"🚀 Create Account & Join Project"
resources/js/pages/ProjectInvitationResponse.tsx;334;string_literal;"✅ Accept Invitation"
resources/js/pages/ProjectInvitationResponse.tsx;348;string_literal;"❌ Decline Invitation"
resources/js/pages/ProjectInvitationResponse.tsx;355;tag_p;"You can decline this invitation if you're not interested in joining this project."
resources/js/pages/ProjectInvitationResponse.tsx;386;string_literal;"Go to Scoriet App"
resources/js/pages/ProjectInvitationResponse.tsx;399;tag_content;"This is an automated message from Scoriet - Enterprise Code Generator"
resources/js/pages/ProjectInvitationResponse.tsx;407;string_literal;"Create Your Scoriet Account"
resources/js/pages/ProjectInvitationResponse.tsx;417;tag_content;"Full Name *"
resources/js/pages/ProjectInvitationResponse.tsx;422;string_literal;"John Doe"
resources/js/pages/ProjectInvitationResponse.tsx;428;tag_content;"Username *"
resources/js/pages/ProjectInvitationResponse.tsx;433;attr_placeholder;johndoe
resources/js/pages/ProjectInvitationResponse.tsx;436;tag_content;"Only lowercase letters, numbers, hyphens and underscores"
resources/js/pages/ProjectInvitationResponse.tsx;440;tag_content;"Email Address *"
resources/js/pages/ProjectInvitationResponse.tsx;449;tag_content;"Pre-filled from invitation"
resources/js/pages/ProjectInvitationResponse.tsx;453;tag_content;"Password *"
resources/js/pages/ProjectInvitationResponse.tsx;458;string_literal;"Enter your password"
resources/js/pages/ProjectInvitationResponse.tsx;466;tag_content;"Confirm Password *"
resources/js/pages/ProjectInvitationResponse.tsx;471;string_literal;"Confirm your password"
resources/js/pages/ProjectInvitationResponse.tsx;480;string_literal;Cancel
resources/js/pages/ProjectInvitationResponse.tsx;487;string_literal;"Create Account"
resources/js/ssr.tsx;7;string_literal;Laravel
