=== Translation Replacement Log ===
Started: 2025-10-24 10:47:45


resources/js/app.tsx:
  Line   38: [single-quote] 'EUR' → {t.app48}
  Line   48: [single-quote] 'EUR' → {t.app48}
  Line   59: [single-quote] 'EUR' → {t.app48}

resources/js/Components/AuthModals/AuthModalManager.tsx:
  Line    3: [single-quote] './RegisterModal' → {t.authmodalmanager3}
  Line    5: [single-quote] './ProfileModal' → {t.authmodalmanager5}
  Line    7: [single-quote] './PlanModal' → {t.authmodalmanager7}

resources/js/Components/AuthModals/ForgotPasswordModal.tsx:
  Line   50: [single-quote] 'An error occurred' → {t.authmodalsegistermodal109}
  Line   43: [single-quote] 'Error sending email' → {t.forgotpasswordmodal43}
  Line   46: [single-quote] 'A password reset link has been sent to your email ...' → {t.forgotpasswordmodal46}
  Line   72: [double-quote] 'Forgot Password' → {t.forgotpasswordmodal73}
  Line  113: [double-quote] 'your.email@example.com' → {t.forgotpasswordmodal113}
  Line  122: [double-quote] 'Reset-Link senden' → {t.forgotpasswordmodal122}
  Line  131: [double-quote] 'Back to Login' → {t.forgotpasswordmodal131}

resources/js/Components/AuthModals/LoginModal.tsx:
  Line   93: [single-quote] 'Login failed' → {t.authcontroller156}
  Line  139: [single-quote] 'Login failed' → {t.authcontroller156}
  Line  136: [single-quote] 'An error occurred' → {t.authmodalsegistermodal109}
  Line   46: [single-quote] 'languageChanged' → {t.loginmodal46}
  Line   49: [single-quote] 'languageChanged' → {t.loginmodal46}
  Line   88: [single-quote] 'E-Mail-Adresse muss bestätigt werden. Bitte prüf...' → {t.loginmodal88}
  Line  139: [single-quote] 'E-Mail/Benutzername oder Passwort ist falsch.' → {t.loginmodal140}
  Line  141: [single-quote] 'E-Mail-Adresse muss bestätigt werden.' → {t.loginmodal142}
  Line  180: [single-quote] 'Bestätigungs-E-Mail wurde erneut gesendet!' → {t.loginmodal184}
  Line  184: [single-quote] 'Fehler beim Senden der E-Mail. Bitte versuchen Sie...' → {t.loginmodal189}
  Line  202: [double-quote] 'Login' → {t.loginmodal212}
  Line  241: [double-quote] 'Bestätigungs-E-Mail erneut senden' → {t.loginmodal246}
  Line  299: [single-quote] 'demo-admin or demo-user' → {t.LoginEmailOrUserNameHint}
  Line  315: [single-quote] 'Leave empty for demo' → {t.loginmodal317}
  Line  329: [single-quote] 'rememberMe' → {t.loginmodal334}
  Line   74: [single-quote] 'password' → {t.registermodal291}
  Line  312: [single-quote] 'password' → {t.registermodal291}

resources/js/Components/AuthModals/PlanModal.tsx:
  Line   26: [single-quote] 'EUR' → {t.app48}
  Line   43: [single-quote] 'Free' → {t.planmodal43}
  Line  173: [single-quote] 'Free' → {t.planmodal43}
  Line  175: [single-quote] 'Free' → {t.planmodal43}
  Line  177: [single-quote] 'Free' → {t.planmodal43}
  Line  127: [double-quote] 'Free' → {t.planmodal43}
  Line   46: [double-quote] 'Perfect for personal projects' → {t.planmodal46}
  Line   48: [double-quote] 'Up to 3 projects' → {t.planmodal48}
  Line   49: [double-quote] 'Basic templates' → {t.planmodal49}
  Line   50: [double-quote] 'SQL schema parsing' → {t.planmodal50}
  Line   50: [double-quote] 'Community support' → {t.planmodal51}
  Line   53: [double-quote] 'Current Plan' → {t.planmodal53}
  Line   57: [single-quote] 'Premium' → {t.planmodal58}
  Line   62: [double-quote] 'Best for professional developers' → {t.planmodal62}
  Line   62: [double-quote] 'Unlimited projects' → {t.planmodal64}
  Line   64: [double-quote] 'Advanced templates' → {t.planmodal65}
  Line   64: [double-quote] 'Custom template creation' → {t.planmodal66}
  Line   65: [double-quote] 'Priority support' → {t.planmodal67}
  Line   66: [double-quote] 'Advanced SQL features' → {t.planmodal68}
  Line   67: [double-quote] 'Team collaboration' → {t.planmodal69}
  Line   68: [double-quote] 'Choose Premium' → {t.planmodal71}
  Line   72: [single-quote] 'Business' → {t.planmodal76}
  Line   79: [double-quote] 'Best for teams and agencies' → {t.planmodal80}
  Line   80: [double-quote] 'All Premium features' → {t.planmodal82}
  Line   80: [double-quote] 'Team collaboration tools' → {t.planmodal83}
  Line   81: [double-quote] 'Google Translate API integration' → {t.planmodal84}
  Line   82: [double-quote] 'Advanced analytics' → {t.planmodal85}
  Line   83: [double-quote] 'Priority support with SLA' → {t.planmodal86}
  Line   83: [double-quote] 'Custom branding options' → {t.planmodal87}
  Line   84: [double-quote] 'Choose Business' → {t.planmodal89}
  Line   87: [single-quote] 'Patron' → {t.planmodal94}
  Line  145: [single-quote] 'Patron' → {t.planmodal94}
  Line   92: [double-quote] 'Support the community' → {t.planmodal97}
  Line   95: [double-quote] 'All Business features' → {t.planmodal99}
  Line   95: [double-quote] 'Early access to features' → {t.planmodal100}
  Line   96: [double-quote] 'Influence development' → {t.planmodal101}
  Line   97: [double-quote] 'Community Discord access' → {t.planmodal102}
  Line   97: [double-quote] 'Custom amount (€5-50+)' → {t.planmodal103}
  Line   99: [double-quote] 'Choose Patron' → {t.planmodal105}
  Line  105: [double-quote] 'Choose Your Plan' → {t.planmodal116}
  Line  139: [double-quote] 'MOST POPULAR' → {t.planmodal143}
  Line  148: [single-quote] 'Custom' → {t.planmodal151}

resources/js/Components/AuthModals/ProfileModal.tsx:
  Line  333: [single-quote] 'Fehler beim Löschen des Accounts' → {t.authcontroller492}
  Line  282: [single-quote] 'An error occurred' → {t.authmodalsegistermodal109}
  Line  348: [single-quote] 'Ein Fehler ist aufgetreten' → {t.authmodalsegistermodal109}
  Line  449: [double-quote] 'Your full name' → {t.authmodalsegistermodal239}
  Line   42: [single-quote] 'languageChanged' → {t.loginmodal46}
  Line   45: [single-quote] 'languageChanged' → {t.loginmodal46}
  Line  216: [single-quote] 'languageChanged' → {t.loginmodal46}
  Line  619: [double-quote] 'Free' → {t.planmodal43}
  Line  117: [single-quote] 'Not logged in' → {t.profilemodal115}
  Line  169: [single-quote] 'Not logged in' → {t.profilemodal115}
  Line  256: [single-quote] 'Not logged in' → {t.profilemodal115}
  Line  316: [single-quote] 'Not logged in' → {t.profilemodal115}
  Line  129: [single-quote] 'Error loading user data' → {t.profilemodal127}
  Line  148: [single-quote] 'Error loading' → {t.profilemodal146}
  Line  188: [single-quote] 'Error updating' → {t.profilemodal186}
  Line  199: [single-quote] 'Profile update error' → {t.profilemodal197}
  Line  248: [single-quote] 'New passwords do not match' → {t.profilemodal246}
  Line  275: [single-quote] 'Error changing password' → {t.profilemodal273}
  Line  307: [single-quote] 'DELETE' → {t.profilemodal305}
  Line  320: [single-quote] 'DELETE' → {t.profilemodal305}
  Line  769: [single-quote] 'DELETE' → {t.profilemodal305}
  Line  308: [double-quote] 'DELETE' → {t.profilemodal305}
  Line  747: [double-quote] 'DELETE' → {t.profilemodal305}
  Line  754: [double-quote] 'DELETE' → {t.profilemodal305}
  Line  760: [double-quote] 'DELETE' → {t.profilemodal305}
  Line  336: [single-quote] 'Account erfolgreich gelöscht. Sie werden automati...' → {t.profilemodal334}
  Line  465: [double-quote] 'ihre.email@example.com' → {t.profilemodal463}
  Line  557: [double-quote] 'Your current password' → {t.profilemodal555}
  Line  734: [double-quote] 'Your current password' → {t.profilemodal555}
  Line  575: [double-quote] 'Your new password' → {t.profilemodal573}
  Line  593: [double-quote] 'Repeat new password' → {t.profilemodal591}
  Line  613: [double-quote] 'Plans & Billing' → {t.profilemodal611}
  Line  642: [double-quote] 'Current' → {t.profilemodal640}
  Line  660: [double-quote] 'Upgrade' → {t.profilemodal658}
  Line  663: [single-quote] 'Upgrade to Premium - Coming Soon!' → {t.profilemodal661}
  Line  682: [double-quote] 'Become Patron' → {t.profilemodal680}
  Line  685: [single-quote] 'Become Patron - Coming Soon!' → {t.profilemodal683}
  Line  752: [single-quote] 'confirmText' → {t.profilemodal750}
  Line  574: [single-quote] 'password' → {t.registermodal291}
  Line  733: [single-quote] 'password' → {t.registermodal291}

resources/js/Components/AuthModals/RegisterModal.tsx:
  Line  384: [double-quote] 'Register' → {t.authmodalsegistermodal203}
  Line  244: [double-quote] 'Your full name' → {t.authmodalsegistermodal239}
  Line  298: [double-quote] 'Your password' → {t.authmodalsegistermodal293}
  Line  318: [double-quote] 'Repeat password' → {t.authmodalsegistermodal312}
  Line  341: [double-quote] 'Select Language' → {t.authmodalsegistermodal335}
  Line  394: [double-quote] 'Already have an account? Login' → {t.authmodalsegistermodal388}
  Line  282: [double-quote] 'your.email@example.com' → {t.forgotpasswordmodal113}
  Line  261: [double-quote] 'username123' → {t.registermodal261}
  Line  297: [single-quote] 'password' → {t.registermodal291}
  Line  385: [double-quote] 'Registration in progress...' → {t.registermodal379}

resources/js/Components/AuthModals/ResetPasswordModal.tsx:
  Line  287: [double-quote] 'Repeat password' → {t.authmodalsegistermodal312}
  Line   73: [single-quote] 'This reset link is invalid or expired.' → {t.authmodalsesetpasswordmodal73}
  Line   79: [single-quote] 'Error validating reset link.' → {t.authmodalsesetpasswordmodal79}
  Line  122: [single-quote] 'Password error: ' → {t.authmodalsesetpasswordmodal122}
  Line  124: [single-quote] 'Token error: ' → {t.authmodalsesetpasswordmodal124}
  Line  127: [single-quote] 'An unknown error occurred. Please try again.' → {t.authmodalsesetpasswordmodal127}
  Line  131: [single-quote] 'Network error - please try again later.' → {t.authmodalsesetpasswordmodal131}
  Line  163: [double-quote] 'Close' → {t.authmodalsesetpasswordmodal162}
  Line  266: [double-quote] 'Enter new password' → {t.authmodalsesetpasswordmodal265}
  Line  323: [single-quote] 'Reset Password' → {t.authmodalsesetpasswordmodal319}
  Line  268: [single-quote] 'password' → {t.registermodal291}
  Line  265: [double-quote] 'password' → {t.registermodal291}
  Line  288: [double-quote] 'password' → {t.registermodal291}
  Line   59: [single-quote] 'XMLHttpRequest' → {t.resetpasswordmodal59}
  Line  100: [single-quote] 'XMLHttpRequest' → {t.resetpasswordmodal59}

resources/js/Components/DatabaseExportModal.tsx:
  Line   71: [single-quote] 'Failed to load schemas' → {t.databaseexportmodal71}
  Line   93: [single-quote] 'Failed to load schemas' → {t.databaseexportmodal71}
  Line  114: [single-quote] 'Failed to load schema versions' → {t.databaseexportmodal114}
  Line  141: [single-quote] 'Failed to load schema versions' → {t.databaseexportmodal114}
  Line  169: [single-quote] 'No project selected. Please select a project first...' → {t.databaseexportmodal169}
  Line  194: [single-quote] 'Please select a database and version to export' → {t.databaseexportmodal195}
  Line  213: [single-quote] 'No tables found in this schema. The schema might b...' → {t.databaseexportmodal214}
  Line  214: [single-quote] 'Access denied to this schema. Please check your pe...' → {t.databaseexportmodal216}
  Line  218: [single-quote] 'Export failed' → {t.databaseexportmodal225}
  Line  235: [single-quote] 'Export failed' → {t.databaseexportmodal225}
  Line  222: [single-quote] '-- No SQL generated' → {t.databaseexportmodal228}
  Line  267: [single-quote] ' (Current)' → {t.databaseexportmodal269}
  Line  277: [double-quote] '📤 Export Database Schema' → {t.databaseexportmodal285}
  Line  335: [double-quote] 'Select database...' → {t.databaseexportmodal338}
  Line  337: [double-quote] 'w-full custom-dropdown' → {t.databaseexportmodal339}
  Line  362: [double-quote] 'w-full custom-dropdown' → {t.databaseexportmodal339}
  Line  343: [single-quote] 'No project selected' → {t.databaseexportmodal344}
  Line  361: [double-quote] 'Select version...' → {t.databaseexportmodal363}
  Line  377: [double-quote] '📥 Download .sql' → {t.databaseexportmodal380}
  Line  384: [double-quote] '👁️ View SQL' → {t.databaseexportmodal388}
  Line  404: [double-quote] '📋 Copy' → {t.databaseexportmodal406}
  Line  409: [double-quote] '💾 Download' → {t.databaseexportmodal412}

resources/js/Components/EmailVerification.tsx:
  Line   55: [single-quote] 'Fehler bei der E-Mail-Bestätigung' → {t.emailverification55}
  Line   59: [single-quote] 'Netzwerkfehler - bitte versuchen Sie es später er...' → {t.emailverification59}
  Line   66: [single-quote] 'Ungültiger Bestätigungslink' → {t.emailverification68}
  Line  139: [double-quote] 'Go to App Now' → {t.emailverification141}
  Line  154: [double-quote] 'Zur Startseite' → {t.emailverification155}

resources/js/Components/ErrorFallback.tsx:
  Line   34: [double-quote] 'Ein unerwarteter Fehler ist aufgetreten. Keine Sor...' → {t.errorfallback34}
  Line   56: [double-quote] 'Erneut versuchen' → {t.errorfallback58}
  Line   61: [double-quote] 'Seite neu laden & Reset' → {t.errorfallback65}
  Line   75: [double-quote] 'Reset' → {t.systemsettingspanel242}

resources/js/Components/LanguageSelector.tsx:
  Line   68: [double-quote] 'Select Language' → {t.authmodalsegistermodal335}
  Line   69: [double-quote] 'Select Language' → {t.authmodalsegistermodal335}

resources/js/Components/Modals/ApplicationsModal.tsx:
  Line  252: [single-quote] 'Unknown' → {t.testprojectschemas50}
  Line  364: [double-quote] 'Close' → {t.authmodalsesetpasswordmodal162}
  Line   66: [single-quote] 'Not authenticated' → {t.applicationsmodal66}
  Line  106: [single-quote] 'Not authenticated' → {t.applicationsmodal66}
  Line   78: [single-quote] 'Failed to load applications' → {t.applicationsmodal78}
  Line   85: [single-quote] 'Error loading applications' → {t.applicationsmodal85}
  Line  125: [single-quote] 'Failed to review application' → {t.applicationsmodal125}
  Line  143: [single-quote] 'Error reviewing application' → {t.applicationsmodal143}
  Line  228: [double-quote] 'Approve application' → {t.applicationsmodal228}
  Line  234: [double-quote] 'Reject application' → {t.applicationsmodal234}
  Line  301: [double-quote] 'No applications found' → {t.applicationsmodal301}
  Line  313: [double-quote] 'Refresh' → {t.applicationsmodal313}
  Line  323: [double-quote] 'Applicant' → {t.applicationsmodal322}
  Line  330: [double-quote] 'Message' → {t.applicationsmodal329}
  Line  337: [double-quote] 'Status' → {t.applicationsmodal335}
  Line  343: [double-quote] 'Applied' → {t.applicationsmodal342}
  Line  350: [double-quote] 'Reviewed By' → {t.applicationsmodal348}
  Line  357: [double-quote] 'Actions' → {t.applicationsmodal354}
  Line  377: [single-quote] 'Reject' → {t.applicationsmodal374}
  Line  441: [single-quote] 'Reject' → {t.applicationsmodal374}
  Line  417: [single-quote] 'Rejection Reason' → {t.applicationsmodal412}
  Line  424: [double-quote] 'Welcome them to the project...' → {t.applicationsmodal420}
  Line  425: [double-quote] 'Let them know why their application was rejected.....' → {t.applicationsmodal421}
  Line  435: [double-quote] 'Cancel' → {t.applicationsmodal432}
  Line  440: [double-quote] 'Processing...' → {t.applicationsmodal439}
  Line  158: [single-quote] 'de-DE' → {t.membermodal509}
  Line  137: [single-quote] 'applicationsUpdated' → {t.topbar57}
  Line  172: [single-quote] 'warning' → {t.toastcontext46}

resources/js/Components/Modals/CreateTableModal.tsx:
  Line  191: [single-quote] 'Table name is required' → {t.createtablemodal189}
  Line  196: [single-quote] 'All fields must have a name' → {t.createtablemodal194}
  Line  203: [single-quote] 'Field names must be unique' → {t.createtablemodal201}
  Line  302: [double-quote] 'e.g., users, products, orders' → {t.createtablemodal300}
  Line  318: [double-quote] 'Type or select a key name' → {t.createtablemodal316}
  Line  341: [double-quote] 'e.g., CustomUser, ProductCatalog' → {t.createtablemodal339}
  Line  400: [double-quote] 'field_name' → {t.createtablemodal398}
  Line  499: [double-quote] 'Remove field' → {t.createtablemodal497}

resources/js/Components/Modals/CreateTeamModal.tsx:
  Line   49: [single-quote] 'Failed to create team' → {t.createteammodal49}
  Line   52: [single-quote] 'Network error occurred' → {t.createteammodal52}
  Line   97: [double-quote] 'e.g., Core Team, Quality Check' → {t.createteammodal97}
  Line  110: [double-quote] 'What does this team do?' → {t.createteammodal110}

resources/js/Components/Modals/EditProjectModal.tsx:
  Line   97: [single-quote] 'd.m.Y' → {t.projectcontroller187}
  Line  131: [single-quote] 'd.m.Y' → {t.projectcontroller187}
  Line  569: [double-quote] 'd.m.Y' → {t.projectcontroller187}
  Line  573: [double-quote] 'd.m.Y' → {t.projectcontroller187}
  Line   99: [single-quote] 'H:i:s' → {t.projectcontroller188}
  Line  133: [single-quote] 'H:i:s' → {t.projectcontroller188}
  Line  588: [double-quote] 'H:i:s' → {t.projectcontroller188}
  Line  592: [double-quote] 'H:i:s' → {t.projectcontroller188}
  Line  102: [single-quote] 'Europe/Vienna' → {t.projectcontroller190}
  Line  136: [single-quote] 'Europe/Vienna' → {t.projectcontroller190}
  Line  622: [single-quote] 'Europe/Vienna' → {t.projectcontroller190}
  Line  622: [single-quote] 'Europe/Vienna' → {t.projectcontroller190}
  Line  416: [double-quote] 'password' → {t.registermodal291}
  Line  647: [double-quote] 'password' → {t.registermodal291}
  Line  171: [single-quote] 'Not authenticated' → {t.applicationsmodal66}
  Line  696: [double-quote] 'Cancel' → {t.applicationsmodal432}
  Line  188: [single-quote] 'Failed to update project' → {t.editprojectmodal183}
  Line  203: [single-quote] 'Error updating project' → {t.editprojectmodal197}
  Line  218: [double-quote] 'Edit Project' → {t.editprojectmodal215}
  Line  229: [double-quote] 'Project Settings' → {t.editprojectmodal227}
  Line  243: [double-quote] 'my_project_name' → {t.editprojectmodal240}
  Line  265: [double-quote] 'Enter project description' → {t.editprojectmodal260}
  Line  277: [double-quote] 'Enter join code (optional)' → {t.editprojectmodal274}
  Line  281: [single-quote] 'PROJ-' → {t.editprojectmodal280}
  Line  285: [double-quote] 'Generate random join code' → {t.editprojectmodal281}
  Line  334: [double-quote] 'Database Connection' → {t.editprojectmodal332}
  Line  429: [double-quote] 'Project Properties' → {t.editprojectmodal426}
  Line  486: [single-quote] 'English' → {t.editprojectmodal484}
  Line  488: [single-quote] 'Deutsch' → {t.editprojectmodal485}
  Line  489: [single-quote] 'Français' → {t.editprojectmodal486}
  Line  491: [single-quote] 'Español' → {t.editprojectmodal487}
  Line  493: [single-quote] 'Italiano' → {t.editprojectmodal488}
  Line  509: [single-quote] '2 characters' → {t.editprojectmodal506}
  Line  512: [single-quote] '3 characters' → {t.editprojectmodal507}
  Line  514: [single-quote] '4 characters' → {t.editprojectmodal508}
  Line  515: [single-quote] '5 characters' → {t.editprojectmodal509}
  Line  526: [double-quote] 'Localization Settings' → {t.editprojectmodal522}
  Line  100: [single-quote] '€' → {t.editprojectmodal602}
  Line  135: [single-quote] '€' → {t.editprojectmodal602}
  Line  612: [double-quote] '€' → {t.editprojectmodal602}
  Line  618: [double-quote] '€' → {t.editprojectmodal602}
  Line  618: [double-quote] 'CHF' → {t.editprojectmodal608}
  Line  626: [single-quote] 'Europe/Berlin' → {t.editprojectmodal621}
  Line  627: [single-quote] 'Europe/Berlin' → {t.editprojectmodal621}
  Line  627: [single-quote] 'Europe/Zurich' → {t.editprojectmodal622}
  Line  628: [single-quote] 'Europe/Zurich' → {t.editprojectmodal622}
  Line  629: [single-quote] 'Europe/London' → {t.editprojectmodal623}
  Line  629: [single-quote] 'Europe/London' → {t.editprojectmodal623}
  Line  632: [single-quote] 'America/New_York' → {t.editprojectmodal624}
  Line  632: [single-quote] 'America/New_York' → {t.editprojectmodal624}
  Line  634: [single-quote] 'America/Chicago' → {t.editprojectmodal625}
  Line  634: [single-quote] 'America/Chicago' → {t.editprojectmodal625}
  Line  636: [single-quote] 'America/Los_Angeles' → {t.editprojectmodal626}
  Line  637: [single-quote] 'America/Los_Angeles' → {t.editprojectmodal626}
  Line  640: [single-quote] 'Asia/Tokyo' → {t.editprojectmodal627}
  Line  641: [single-quote] 'Asia/Tokyo' → {t.editprojectmodal627}
  Line  642: [single-quote] 'Asia/Dubai' → {t.editprojectmodal628}
  Line  642: [single-quote] 'Asia/Dubai' → {t.editprojectmodal628}
  Line  644: [single-quote] 'UTC' → {t.editprojectmodal629}
  Line  645: [single-quote] 'UTC' → {t.editprojectmodal629}
  Line  704: [double-quote] 'Save Changes' → {t.editprojectmodal696}
  Line   91: [single-quote] 'index.php' → {t.projectpanel1128}
  Line  126: [single-quote] 'index.php' → {t.projectpanel1128}
  Line  472: [double-quote] 'index.php' → {t.projectpanel1128}

resources/js/Components/Modals/EditTableModal.tsx:
  Line  319: [single-quote] 'Table name is required' → {t.createtablemodal189}
  Line  324: [single-quote] 'All fields must have a name' → {t.createtablemodal194}
  Line  331: [single-quote] 'Field names must be unique' → {t.createtablemodal201}
  Line  409: [double-quote] 'e.g., users, products, orders' → {t.createtablemodal300}
  Line  447: [double-quote] 'e.g., CustomUser, ProductCatalog' → {t.createtablemodal339}
  Line  506: [double-quote] 'field_name' → {t.createtablemodal398}
  Line  634: [double-quote] 'Remove field' → {t.createtablemodal497}
  Line  337: [single-quote] 'File key name is required' → {t.edittablemodal335}
  Line  343: [single-quote] 'Selected file key name must be a primary key, uniq...' → {t.edittablemodal342}
  Line  622: [double-quote] 'Field description' → {t.edittablemodal621}

resources/js/Components/Modals/JoinCodeModal.tsx:
  Line   51: [single-quote] 'Not authenticated' → {t.applicationsmodal66}
  Line   95: [single-quote] 'Not authenticated' → {t.applicationsmodal66}
  Line  288: [double-quote] 'Cancel' → {t.applicationsmodal432}
  Line   40: [single-quote] 'Please enter a join code' → {t.joincodemodal40}
  Line   66: [single-quote] 'Invalid join code' → {t.joincodemodal66}
  Line   73: [single-quote] 'You have already applied to this project' → {t.joincodemodal73}
  Line   80: [single-quote] 'Error looking up project' → {t.joincodemodal80}
  Line  113: [single-quote] 'Failed to submit application' → {t.joincodemodal113}
  Line  116: [single-quote] 'Application submitted successfully! The project ow...' → {t.joincodemodal117}
  Line  125: [single-quote] 'Error submitting application' → {t.joincodemodal129}
  Line  148: [double-quote] 'Join Project' → {t.joincodemodal156}
  Line  153: [double-quote] 'Apply to Project' → {t.joincodemodal157}
  Line  304: [double-quote] 'Apply to Project' → {t.joincodemodal157}
  Line  156: [double-quote] 'Application Sent' → {t.joincodemodal158}
  Line  192: [single-quote] 'Enter' → {t.joincodemodal194}
  Line  197: [double-quote] 'Lookup' → {t.joincodemodal200}
  Line  213: [double-quote] 'Project Information' → {t.joincodemodal215}
  Line  219: [single-quote] 'No description provided' → {t.joincodemodal220}
  Line  296: [double-quote] 'Back' → {t.joincodemodal299}
  Line  305: [double-quote] 'Submitting...' → {t.joincodemodal306}
  Line  314: [double-quote] 'Done' → {t.joincodemodal316}
  Line  142: [single-quote] 'de-DE' → {t.membermodal509}

resources/js/Components/Modals/ManageTeamModal.tsx:
  Line  321: [single-quote] 'Unknown' → {t.testprojectschemas50}
  Line  144: [single-quote] 'DELETE' → {t.profilemodal305}
  Line  194: [single-quote] 'DELETE' → {t.profilemodal305}
  Line  132: [single-quote] 'Network error occurred' → {t.createteammodal52}
  Line  129: [single-quote] 'Failed to send invitation' → {t.manageteammodal129}
  Line  139: [single-quote] 'Remove this member from the team?' → {t.manageteammodal139}
  Line  155: [single-quote] 'Failed to remove member' → {t.manageteammodal155}
  Line  158: [single-quote] 'Failed to remove member' → {t.manageteammodal155}
  Line  181: [single-quote] 'Failed to change role' → {t.manageteammodal181}
  Line  183: [single-quote] 'Failed to change role' → {t.manageteammodal181}
  Line  189: [single-quote] 'Cancel this invitation?' → {t.manageteammodal189}
  Line  206: [single-quote] 'Failed to cancel invitation' → {t.manageteammodal206}
  Line  209: [single-quote] 'Failed to cancel invitation' → {t.manageteammodal206}
  Line  283: [single-quote] 'Overview' → {t.manageteammodal283}
  Line  328: [single-quote] 'Inactive' → {t.manageteammodal328}
  Line  383: [double-quote] 'Optional notification email' → {t.manageteammodal383}
  Line  404: [double-quote] 'Welcome message for the invitation' → {t.manageteammodal404}
  Line  469: [double-quote] 'Promote to Admin' → {t.manageteammodal469}
  Line  477: [double-quote] 'Demote to Member' → {t.manageteammodal477}
  Line  485: [double-quote] 'Remove Member' → {t.manageteammodal485}
  Line  534: [double-quote] 'Cancel Invitation' → {t.manageteammodal534}
  Line  328: [single-quote] 'Active' → {t.templatesStatusActive}

resources/js/Components/Modals/MemberModal.tsx:
  Line  408: [single-quote] 'Cannot change owner role' → {t.projectcontroller844}
  Line  438: [single-quote] 'Member role updated successfully' → {t.projectcontroller849}
  Line  349: [single-quote] 'Cannot remove team owner' → {t.teamcontroller236}
  Line  384: [single-quote] 'Member removed successfully' → {t.teamcontroller241}
  Line  624: [double-quote] 'Close' → {t.authmodalsesetpasswordmodal162}
  Line  369: [single-quote] 'DELETE' → {t.profilemodal305}
  Line  179: [single-quote] 'Not authenticated' → {t.applicationsmodal66}
  Line  297: [single-quote] 'Not authenticated' → {t.applicationsmodal66}
  Line  365: [single-quote] 'Not authenticated' → {t.applicationsmodal66}
  Line  417: [single-quote] 'Not authenticated' → {t.applicationsmodal66}
  Line  614: [double-quote] 'Actions' → {t.applicationsmodal354}
  Line  378: [single-quote] 'Failed to remove member' → {t.manageteammodal155}
  Line  395: [single-quote] 'Failed to remove member' → {t.manageteammodal155}
  Line  603: [double-quote] 'Role' → {t.manageteammodal388}
  Line  458: [single-quote] 'Member' → {t.manageteammodal394}
  Line  598: [double-quote] 'Member' → {t.manageteammodal394}
  Line  459: [single-quote] 'Admin' → {t.manageteammodal395}
  Line  357: [single-quote] 'Remove Member' → {t.manageteammodal485}
  Line  191: [single-quote] 'Failed to load team details' → {t.membermodal191}
  Line  244: [single-quote] 'Failed to load data' → {t.membermodal244}
  Line  316: [single-quote] 'Failed to add member to team' → {t.membermodal316}
  Line  336: [single-quote] 'Failed to add member to team' → {t.membermodal316}
  Line  322: [single-quote] 'Success' → {t.membermodal323}
  Line  383: [single-quote] 'Success' → {t.membermodal323}
  Line  436: [single-quote] 'Success' → {t.membermodal323}
  Line  335: [single-quote] 'Error' → {t.membermodal335}
  Line  394: [single-quote] 'Error' → {t.membermodal335}
  Line  448: [single-quote] 'Error' → {t.membermodal335}
  Line  348: [single-quote] 'Warning' → {t.membermodal348}
  Line  408: [single-quote] 'Warning' → {t.membermodal348}
  Line  433: [single-quote] 'Failed to update role' → {t.membermodal432}
  Line  450: [single-quote] 'Failed to update role' → {t.membermodal432}
  Line  482: [double-quote] 'Available' → {t.membermodal479}
  Line  487: [double-quote] 'Available' → {t.membermodal479}
  Line  583: [double-quote] 'Available' → {t.membermodal479}
  Line  512: [single-quote] 'de-DE' → {t.membermodal509}
  Line  538: [double-quote] 'Remove from Team' → {t.membermodal536}
  Line  551: [double-quote] 'Assign to Team' → {t.membermodal549}
  Line  593: [double-quote] 'No members found' → {t.membermodal590}
  Line  614: [double-quote] 'Joined' → {t.membermodal609}
  Line  499: [single-quote] 'warning' → {t.toastcontext46}

resources/js/Components/Modals/PendingInvitationModal.tsx:
  Line  118: [single-quote] 'Failed to accept invitation' → {t.projectinvitationcontroller150}
  Line  157: [single-quote] 'Failed to decline invitation' → {t.projectinvitationcontroller179}
  Line  151: [single-quote] 'Invitation declined' → {t.projectinvitationcontroller358}
  Line   53: [single-quote] 'Not authenticated' → {t.applicationsmodal66}
  Line   97: [single-quote] 'Not authenticated' → {t.applicationsmodal66}
  Line  136: [single-quote] 'Not authenticated' → {t.applicationsmodal66}
  Line   70: [single-quote] 'Failed to load pending invitation' → {t.pendinginvitationmodal70}
  Line   76: [single-quote] 'Error loading invitation' → {t.pendinginvitationmodal76}
  Line  112: [single-quote] 'Welcome to the team! 🎉' → {t.pendinginvitationmodal112}
  Line  121: [single-quote] 'Error accepting invitation' → {t.pendinginvitationmodal121}
  Line  161: [single-quote] 'Error declining invitation' → {t.pendinginvitationmodal160}
  Line  170: [double-quote] '✅ Accept & Join Project' → {t.pendinginvitationmodal169}
  Line  177: [double-quote] '❌ Decline' → {t.pendinginvitationmodal176}
  Line  190: [double-quote] '🎉 Project Invitation' → {t.pendinginvitationmodal189}

resources/js/Components/Modals/ProjectInvitationsModal.tsx:
  Line  171: [single-quote] 'You' → {t.projectinvitationmail33}
  Line  338: [double-quote] 'Close' → {t.authmodalsesetpasswordmodal162}
  Line  213: [single-quote] 'DELETE' → {t.profilemodal305}
  Line   74: [single-quote] 'Not authenticated' → {t.applicationsmodal66}
  Line  122: [single-quote] 'Not authenticated' → {t.applicationsmodal66}
  Line  435: [double-quote] 'Status' → {t.applicationsmodal335}
  Line  452: [double-quote] 'Actions' → {t.applicationsmodal354}
  Line  144: [single-quote] 'Failed to send invitation' → {t.manageteammodal129}
  Line  230: [single-quote] 'Failed to cancel invitation' → {t.manageteammodal206}
  Line  233: [single-quote] 'Failed to cancel invitation' → {t.manageteammodal206}
  Line  427: [double-quote] 'Role' → {t.manageteammodal388}
  Line   45: [single-quote] 'Member' → {t.manageteammodal394}
  Line   46: [single-quote] 'Admin' → {t.manageteammodal395}
  Line  400: [double-quote] 'Send Invitation' → {t.manageteammodal437}
  Line  205: [single-quote] 'Cancel Invitation' → {t.manageteammodal534}
  Line   87: [single-quote] 'Failed to load invitations' → {t.projectinvitationsmodal86}
  Line   94: [single-quote] 'Error loading invitations' → {t.projectinvitationsmodal93}
  Line  100: [single-quote] '=== useEffect triggered ===' → {t.projectinvitationsmodal100}
  Line  103: [single-quote] 'Loading invitations...' → {t.projectinvitationsmodal102}
  Line  114: [single-quote] '=== SEND INVITATION START ===' → {t.projectinvitationsmodal113}
  Line  120: [single-quote] 'States cleared, about to fetch' → {t.projectinvitationsmodal118}
  Line  143: [single-quote] 'Response received:' → {t.projectinvitationsmodal141}
  Line  148: [single-quote] 'Setting success message...' → {t.projectinvitationsmodal147}
  Line  148: [single-quote] '✅ Invitation sent successfully! Email delivered.' → {t.projectinvitationsmodal148}
  Line  151: [single-quote] 'Clearing form...' → {t.projectinvitationsmodal150}
  Line  153: [single-quote] 'SUCCESS MESSAGE IS NOW SET - Should be visible!' → {t.projectinvitationsmodal153}
  Line  157: [single-quote] 'Adding invitation to list - raw data:' → {t.projectinvitationsmodal157}
  Line  177: [single-quote] 'Adding enriched invitation:' → {t.projectinvitationsmodal177}
  Line  183: [single-quote] 'Calling onSuccess callback...' → {t.projectinvitationsmodal182}
  Line  187: [single-quote] 'Auto-clearing success message after 5 seconds' → {t.projectinvitationsmodal187}
  Line  191: [single-quote] '=== SEND INVITATION END - SUCCESS ===' → {t.projectinvitationsmodal191}
  Line  193: [single-quote] 'Error sending invitation' → {t.projectinvitationsmodal193}
  Line  220: [single-quote] '✅ Invitation cancelled successfully' → {t.projectinvitationsmodal220}
  Line  243: [single-quote] 'Resend Invitation' → {t.projectinvitationsmodal243}
  Line  261: [single-quote] 'Resent invitation' → {t.projectinvitationsmodal261}
  Line  266: [single-quote] '✅ Invitation resent successfully! Email delivere...' → {t.projectinvitationsmodal266}
  Line  275: [single-quote] 'Failed to resend invitation' → {t.projectinvitationsmodal275}
  Line  278: [single-quote] 'Failed to resend invitation' → {t.projectinvitationsmodal275}
  Line  286: [single-quote] 'Pending' → {t.projectinvitationsmodal286}
  Line  288: [single-quote] 'Accepted' → {t.projectinvitationsmodal287}
  Line  289: [single-quote] 'Declined' → {t.projectinvitationsmodal288}
  Line  292: [single-quote] 'Expired' → {t.projectinvitationsmodal289}
  Line  310: [double-quote] 'Cancel invitation' → {t.projectinvitationsmodal305}
  Line  319: [double-quote] 'Resend invitation' → {t.projectinvitationsmodal314}
  Line  376: [double-quote] 'user@example.com' → {t.projectinvitationsmodal370}
  Line  398: [double-quote] 'Add a personal message to the invitation...' → {t.projectinvitationsmodal392}
  Line  419: [double-quote] 'No invitations sent yet' → {t.projectinvitationsmodal414}
  Line  426: [double-quote] 'Email' → {t.projectinvitationsmodal420}
  Line  444: [double-quote] 'Sent' → {t.projectinvitationsmodal439}
  Line  451: [double-quote] 'Expires' → {t.projectinvitationsmodal445}
  Line  286: [single-quote] 'warning' → {t.toastcontext46}

resources/js/Components/Modals/ProjectMembersModal.tsx:
  Line  131: [single-quote] 'Member role updated successfully' → {t.projectcontroller849}
  Line   98: [single-quote] 'Member removed successfully' → {t.teamcontroller241}
  Line  296: [double-quote] 'Close' → {t.authmodalsesetpasswordmodal162}
  Line   84: [single-quote] 'DELETE' → {t.profilemodal305}
  Line  287: [double-quote] 'Actions' → {t.applicationsmodal354}
  Line   95: [single-quote] 'Failed to remove member' → {t.manageteammodal155}
  Line  193: [double-quote] 'Owner' → {t.manageteammodal320}
  Line  276: [double-quote] 'Role' → {t.manageteammodal388}
  Line  176: [single-quote] 'Member' → {t.manageteammodal394}
  Line  177: [single-quote] 'Admin' → {t.manageteammodal395}
  Line  265: [double-quote] 'No members found' → {t.membermodal590}
  Line  284: [double-quote] 'Joined' → {t.membermodal609}
  Line   56: [single-quote] 'Failed to load project members' → {t.projectmembersmodal56}
  Line   63: [single-quote] 'Error loading project members' → {t.projectmembersmodal63}
  Line  101: [single-quote] 'Error removing member' → {t.projectmembersmodal101}
  Line  128: [single-quote] 'Failed to update member role' → {t.projectmembersmodal128}
  Line  134: [single-quote] 'Error updating member role' → {t.projectmembersmodal134}
  Line  140: [single-quote] 'Confirm Removal' → {t.projectmembersmodal141}
  Line  208: [double-quote] 'Select role' → {t.projectmembersmodal206}
  Line  222: [double-quote] 'Remove member' → {t.projectmembersmodal221}
  Line  272: [double-quote] 'User' → {t.projectmembersmodal270}
  Line  183: [single-quote] 'warning' → {t.toastcontext46}

resources/js/Components/Modals/TeamModal.tsx:
  Line  108: [single-quote] 'Not authenticated' → {t.applicationsmodal66}
  Line  232: [double-quote] 'Cancel' → {t.applicationsmodal432}
  Line   98: [single-quote] 'Team name is required' → {t.teammodal98}
  Line  132: [single-quote] 'Failed to save team' → {t.teammodal132}
  Line  137: [single-quote] 'Failed to save team' → {t.teammodal132}
  Line  146: [single-quote] 'Select Project' → {t.teammodal146}
  Line  155: [single-quote] 'Create New Team' → {t.teammodal155}
  Line  176: [double-quote] 'Enter team name' → {t.teammodal176}
  Line  189: [double-quote] 'Enter team description (optional)' → {t.teammodal189}
  Line  205: [double-quote] 'Select projects' → {t.teammodal206}
  Line  240: [single-quote] 'Create' → {t.teammodal240}
  Line  155: [single-quote] 'Edit Team' → {t.teammanagementpanel394}

resources/js/Components/Panels/AuthPanel.tsx:
  Line    3: [single-quote] './RegisterPanel' → {t.authpanel3}
  Line    4: [single-quote] './ProfilePanel' → {t.authpanel4}

resources/js/Components/Panels/CMSAdminPanel.tsx:
  Line  150: [single-quote] 'DELETE' → {t.profilemodal305}
  Line  247: [double-quote] 'Status' → {t.applicationsmodal335}
  Line  257: [double-quote] 'Actions' → {t.applicationsmodal354}
  Line  274: [double-quote] 'Cancel' → {t.applicationsmodal432}
  Line   40: [single-quote] 'English' → {t.editprojectmodal484}
  Line   41: [single-quote] 'Deutsch' → {t.editprojectmodal485}
  Line   43: [single-quote] 'Français' → {t.editprojectmodal486}
  Line   44: [single-quote] 'Español' → {t.editprojectmodal487}
  Line   47: [single-quote] 'Italiano' → {t.editprojectmodal488}
  Line  200: [single-quote] 'Inactive' → {t.manageteammodal328}
  Line  110: [single-quote] 'Please fill in all required fields' → {t.cmsadminpanel106}
  Line  124: [single-quote] 'Page updated successfully!' → {t.cmsadminpanel122}
  Line  132: [single-quote] 'Page created successfully!' → {t.cmsadminpanel129}
  Line  145: [single-quote] 'Confirm Deletion' → {t.cmsadminpanel144}
  Line  153: [single-quote] 'Page deleted successfully!' → {t.cmsadminpanel152}
  Line  173: [double-quote] 'Edit' → {t.cmsadminpanel170}
  Line  181: [double-quote] 'Delete' → {t.cmsadminpanel178}
  Line  192: [double-quote] 'View Page' → {t.cmsadminpanel186}
  Line  268: [single-quote] 'Create New Page' → {t.cmsadminpanel224}
  Line  227: [double-quote] 'Create New Page' → {t.cmsadminpanel224}
  Line  244: [double-quote] 'No pages found' → {t.cmsadminpanel241}
  Line  245: [double-quote] 'Slug' → {t.cmsadminpanel244}
  Line  246: [double-quote] 'Language' → {t.cmsadminpanel245}
  Line  247: [double-quote] 'Title' → {t.cmsadminpanel246}
  Line  253: [double-quote] 'Last Updated' → {t.cmsadminpanel250}
  Line  284: [single-quote] 'Save' → {t.cmsadminpanel279}
  Line  303: [double-quote] 'help, impressum, privacy-policy...' → {t.cmsadminpanel298}
  Line  322: [double-quote] 'Select a language' → {t.cmsadminpanel317}
  Line  342: [double-quote] 'Page title...' → {t.cmsadminpanel335}
  Line  362: [double-quote] 'HTML Source' → {t.cmsadminpanel360}
  Line  369: [double-quote] 'Formatieren' → {t.cmsadminpanel365}
  Line  411: [double-quote] 'HTML-Code hier einfügen...' → {t.cmsadminpanel402}
  Line  397: [double-quote] 'Fira Code' → {t.debugmanualgeneratorpanel51}
  Line  398: [double-quote] 'Courier New' → {t.debugmanualgeneratorpanel1739}
  Line  200: [single-quote] 'Active' → {t.templatesStatusActive}

resources/js/Components/Panels/CodeGenerationPanel.tsx:
  Line   72: [single-quote] 'Failed to generate code' → {t.codegenerationpanel72}
  Line   75: [single-quote] 'Failed to generate code' → {t.codegenerationpanel72}
  Line   86: [single-quote] 'No files found for selected table index' → {t.codegenerationpanel86}
  Line  279: [single-quote] 'No generated files to download. Please execute all...' → {t.codegenerationpanel280}
  Line  299: [single-quote] 'text/plain' → {t.codegenerationpanel300}
  Line  337: [double-quote] 'Enter template ID (e.g., 1)' → {t.codegenerationpanel338}
  Line  350: [double-quote] 'Select table' → {t.codegenerationpanel351}
  Line  358: [double-quote] 'Generate Code' → {t.codegenerationpanel358}
  Line  387: [double-quote] 'Clean JavaScript' → {t.codegenerationpanel387}
  Line  395: [double-quote] 'Execution Result' → {t.codegenerationpanel395}
  Line  399: [double-quote] 'Execute Single File' → {t.codegenerationpanel399}
  Line  433: [double-quote] 'Execute Single File' → {t.codegenerationpanel399}
  Line  407: [double-quote] 'Execute All Files' → {t.codegenerationpanel407}
  Line  433: [double-quote] 'Execute All Files' → {t.codegenerationpanel407}
  Line  416: [double-quote] 'Download ZIP' → {t.codegenerationpanel416}

resources/js/Components/Panels/DatabaseManagementPanel.tsx:
  Line  551: [single-quote] ' (Copy)' → {t.dbschemacontroller288}
  Line  388: [single-quote] 'Schema updated successfully' → {t.schemacontroller193}
  Line 1070: [single-quote] 'No description' → {t.schemaexportcontroller226}
  Line  520: [single-quote] 'DELETE' → {t.profilemodal305}
  Line  622: [single-quote] 'DELETE' → {t.profilemodal305}
  Line  652: [single-quote] 'DELETE' → {t.profilemodal305}
  Line 1044: [double-quote] 'Updating...' → {t.updating}
  Line 1218: [double-quote] 'Deleting...' → {t.deleting}
  Line  145: [single-quote] 'Failed to load schemas' → {t.databaseexportmodal71}
  Line  131: [single-quote] 'Not authenticated' → {t.applicationsmodal66}
  Line  231: [single-quote] 'Not authenticated' → {t.applicationsmodal66}
  Line  277: [single-quote] 'Not authenticated' → {t.applicationsmodal66}
  Line  315: [single-quote] 'Not authenticated' → {t.applicationsmodal66}
  Line  367: [single-quote] 'Not authenticated' → {t.applicationsmodal66}
  Line  419: [single-quote] 'Not authenticated' → {t.applicationsmodal66}
  Line  516: [single-quote] 'Not authenticated' → {t.applicationsmodal66}
  Line  568: [single-quote] 'Not authenticated' → {t.applicationsmodal66}
  Line  617: [single-quote] 'Not authenticated' → {t.applicationsmodal66}
  Line  813: [double-quote] 'Refresh' → {t.applicationsmodal313}
  Line  871: [double-quote] 'Actions' → {t.applicationsmodal354}
  Line  966: [double-quote] 'Cancel' → {t.applicationsmodal432}
  Line 1039: [double-quote] 'Cancel' → {t.applicationsmodal432}
  Line 1134: [double-quote] 'Cancel' → {t.applicationsmodal432}
  Line 1213: [double-quote] 'Cancel' → {t.applicationsmodal432}
  Line 1276: [double-quote] 'Cancel' → {t.applicationsmodal432}
  Line 1341: [double-quote] 'Cancel' → {t.applicationsmodal432}
  Line 1398: [double-quote] 'Cancel' → {t.applicationsmodal432}
  Line  972: [double-quote] 'Creating...' → {t.createtablemodal614}
  Line  844: [double-quote] 'Description' → {t.createteammodal103}
  Line  860: [double-quote] 'Owner' → {t.manageteammodal320}
  Line  455: [single-quote] 'de-DE' → {t.membermodal509}
  Line  152: [single-quote] 'Error loading schemas' → {t.databasemanagementpanel152}
  Line  221: [single-quote] 'Please select at least one language' → {t.databasemanagementpanel221}
  Line  245: [single-quote] 'Failed to export translations' → {t.databasemanagementpanel245}
  Line  259: [single-quote] 'Translations exported successfully' → {t.databasemanagementpanel259}
  Line  261: [single-quote] 'Error exporting translations' → {t.databasemanagementpanel261}
  Line  294: [single-quote] 'Failed to import translations' → {t.databasemanagementpanel294}
  Line  301: [single-quote] 'Error importing translations' → {t.databasemanagementpanel301}
  Line  330: [single-quote] 'Failed to create schema' → {t.databasemanagementpanel330}
  Line  336: [single-quote] 'Database schema created successfully' → {t.databasemanagementpanel336}
  Line  339: [single-quote] 'Error creating schema' → {t.databasemanagementpanel339}
  Line  382: [single-quote] 'Failed to update schema' → {t.databasemanagementpanel382}
  Line  391: [single-quote] 'Error updating schema' → {t.databasemanagementpanel391}
  Line  438: [single-quote] 'Failed to associate schema' → {t.databasemanagementpanel438}
  Line  448: [single-quote] 'Error associating schema' → {t.databasemanagementpanel447}
  Line  532: [single-quote] 'Failed to remove schema from project' → {t.databasemanagementpanel529}
  Line  540: [single-quote] 'Error removing schema' → {t.databasemanagementpanel536}
  Line  589: [single-quote] 'Failed to copy schema' → {t.databasemanagementpanel585}
  Line  597: [single-quote] 'Error copying schema' → {t.databasemanagementpanel594}
  Line  607: [single-quote] 'Schema name does not match. Please type the exact ...' → {t.databasemanagementpanel606}
  Line  685: [single-quote] 'Error deleting schema' → {t.databasemanagementpanel683}
  Line  715: [double-quote] 'Link to project' → {t.databasemanagementpanel714}
  Line  736: [double-quote] 'Associate to project' → {t.databasemanagementpanel735}
  Line  747: [double-quote] 'Edit schema' → {t.databasemanagementpanel743}
  Line  753: [double-quote] 'Copy database' → {t.databasemanagementpanel749}
  Line  760: [double-quote] 'Open in Designer' → {t.databasemanagementpanel756}
  Line  771: [double-quote] 'Delete schema' → {t.databasemanagementpanel763}
  Line  776: [single-quote] 'Private' → {t.databasemanagementpanel771}
  Line  777: [single-quote] 'Public' → {t.databasemanagementpanel772}
  Line  781: [single-quote] 'Linked (Read-only reference)' → {t.databasemanagementpanel776}
  Line  783: [single-quote] 'Cloned (Private copy)' → {t.databasemanagementpanel777}
  Line  785: [single-quote] 'Imported (Merge into existing)' → {t.databasemanagementpanel778}
  Line  807: [double-quote] 'New Database' → {t.databasemanagementpanel803}
  Line  834: [double-quote] 'My Database Schemas' → {t.databasemanagementpanel829}
  Line  840: [double-quote] 'No database schemas found. Create your first schem...' → {t.databasemanagementpanel833}
  Line  845: [double-quote] 'Schema Name' → {t.databasemanagementpanel840}
  Line  851: [double-quote] 'Assigned Projects' → {t.databasemanagementpanel843}
  Line  858: [double-quote] 'Visibility' → {t.databasemanagementpanel849}
  Line  871: [double-quote] 'Created' → {t.databasemanagementpanel861}
  Line  880: [double-quote] 'Translation Export/Import' → {t.databasemanagementpanel876}
  Line  894: [double-quote] 'Export Translations' → {t.databasemanagementpanel886}
  Line  905: [double-quote] 'Import Translations' → {t.databasemanagementpanel893}
  Line  916: [double-quote] 'Create New Database Schema' → {t.databasemanagementpanel905}
  Line  935: [double-quote] 'Enter schema name' → {t.databasemanagementpanel923}
  Line 1011: [double-quote] 'Enter schema name' → {t.databasemanagementpanel923}
  Line  949: [double-quote] 'Enter schema description (optional)' → {t.databasemanagementpanel937}
  Line 1025: [double-quote] 'Enter schema description (optional)' → {t.databasemanagementpanel937}
  Line  961: [double-quote] 'Select visibility' → {t.databasemanagementpanel952}
  Line 1040: [double-quote] 'Select visibility' → {t.databasemanagementpanel952}
  Line  982: [double-quote] 'Create Schema' → {t.databasemanagementpanel970}
  Line  993: [double-quote] 'Edit Database Schema' → {t.databasemanagementpanel981}
  Line 1056: [double-quote] 'Update Schema' → {t.databasemanagementpanel1043}
  Line 1066: [double-quote] 'Link Schema to Project' → {t.databasemanagementpanel1054}
  Line 1096: [double-quote] 'Select a project' → {t.databasemanagementpanel1084}
  Line 1138: [double-quote] 'Custom name for this schema in the project' → {t.databasemanagementpanel1123}
  Line 1152: [double-quote] 'Link Schema' → {t.databasemanagementpanel1138}
  Line 1231: [double-quote] '🗑️ Delete Forever' → {t.databasemanagementpanel1217}
  Line 1243: [double-quote] 'Export Translations to Excel' → {t.databasemanagementpanel1229}
  Line 1274: [double-quote] 'Select languages to export' → {t.databasemanagementpanel1257}
  Line 1295: [double-quote] 'Export to Excel' → {t.databasemanagementpanel1280}
  Line 1307: [double-quote] 'Import Translations from Excel' → {t.databasemanagementpanel1292}
  Line 1342: [double-quote] 'Choose Excel File' → {t.databasemanagementpanel1324}
  Line 1366: [double-quote] 'Copy Database Schema' → {t.databasemanagementpanel1350}
  Line 1396: [double-quote] 'Enter name for the copied schema' → {t.databasemanagementpanel1377}
  Line 1413: [double-quote] 'Copy Database' → {t.databasemanagementpanel1402}
  Line  857: [double-quote] 'visibility' → {t.templatemanagementpanel961}
  Line  472: [single-quote] 'warning' → {t.toastcontext46}
  Line  498: [single-quote] 'warning' → {t.toastcontext46}

resources/js/Components/Panels/DebugManualGeneratorPanel.tsx:
  Line  936: [single-quote] 'Unknown' → {t.testprojectschemas50}
  Line  940: [single-quote] 'Unknown' → {t.testprojectschemas50}
  Line  946: [single-quote] 'Unknown' → {t.testprojectschemas50}
  Line 1107: [single-quote] 'Unknown' → {t.testprojectschemas50}
  Line 1229: [single-quote] 'Unknown' → {t.testprojectschemas50}
  Line 1398: [single-quote] 'Unknown' → {t.testprojectschemas50}
  Line 1206: [single-quote] 'Unbekannt' → {t.testprojectschemas50}
  Line 1716: [single-quote] 'text/plain' → {t.codegenerationpanel300}
  Line   51: [double-quote] 'Fira Code' → {t.debugmanualgeneratorpanel51}
  Line  127: [double-quote] 'Fira Code' → {t.debugmanualgeneratorpanel51}
  Line 1741: [double-quote] 'Fira Code' → {t.debugmanualgeneratorpanel51}
  Line 1757: [double-quote] 'Fira Code' → {t.debugmanualgeneratorpanel51}
  Line  136: [double-quote] 'Hier erscheint der generierte JavaScript-Code...' → {t.debugmanualgeneratorpanel136}
  Line  165: [single-quote] 'Clipboard-Zugriff nicht möglich. Bitte prüfen Si...' → {t.debugmanualgeneratorpanel165}
  Line  351: [single-quote] 'Keine Templates gefunden. Bitte erstellen Sie zuer...' → {t.debugmanualgeneratorpanel352}
  Line  355: [single-quote] 'Fehler beim Laden der Templates' → {t.debugmanualgeneratorpanel358}
  Line  417: [single-quote] 'Fehler beim Laden der Template-Dateien' → {t.debugmanualgeneratorpanel420}
  Line  499: [single-quote] 'Unknown Table' → {t.debugmanualgeneratorpanel499}
  Line  563: [single-quote] 'Unknown Table' → {t.debugmanualgeneratorpanel499}
  Line  599: [single-quote] 'Demo Schema (Fallback)' → {t.debugmanualgeneratorpanel600}
  Line  745: [single-quote] 'Bitte Template und Datei auswählen' → {t.debugmanualgeneratorpanel746}
  Line  752: [single-quote] 'Bitte Projekt auswählen' → {t.debugmanualgeneratorpanel753}
  Line  757: [single-quote] 'Bitte Tabelle auswählen' → {t.debugmanualgeneratorpanel758}
  Line  762: [single-quote] 'Bitte Sprache auswählen' → {t.debugmanualgeneratorpanel763}
  Line  767: [single-quote] 'Diese Datei unterstützt keine Code-Generierung (S...' → {t.debugmanualgeneratorpanel768}
  Line  959: [single-quote] 'Fehler beim Laden des Codes' → {t.debugmanualgeneratorpanel959}
  Line  961: [single-quote] 'Fehler beim Laden des Codes' → {t.debugmanualgeneratorpanel959}
  Line  970: [single-quote] 'Kein Code zum Ausführen vorhanden' → {t.debugmanualgeneratorpanel970}
  Line 1026: [single-quote] 'No function found in generated code' → {t.debugmanualgeneratorpanel1026}
  Line 1048: [double-quote] 'Debug Helper' → {t.debugmanualgeneratorpanel1048}
  Line 1093: [single-quote] 'SyntaxError' → {t.debugmanualgeneratorpanel1093}
  Line 1111: [single-quote] 'SyntaxError' → {t.debugmanualgeneratorpanel1093}
  Line 1096: [single-quote] 'ReferenceError' → {t.debugmanualgeneratorpanel1096}
  Line 1183: [single-quote] 'Unbekannter Fallback-Fehler' → {t.debugmanualgeneratorpanel1183}
  Line 1214: [single-quote] 'Unbenannt (Unbekannt)' → {t.debugmanualgeneratorpanel1210}
  Line 1297: [double-quote] 'Datei wählen' → {t.debugmanualgeneratorpanel1293}
  Line 1313: [double-quote] 'Nicht benötigt für diesen File-Typ' → {t.debugmanualgeneratorpanel1310}
  Line 1328: [double-quote] 'Nicht benötigt für diesen File-Typ' → {t.debugmanualgeneratorpanel1310}
  Line 1344: [double-quote] 'Nicht benötigt für diesen File-Typ' → {t.debugmanualgeneratorpanel1310}
  Line 1344: [double-quote] 'Sprache wählen' → {t.debugmanualgeneratorpanel1342}
  Line 1357: [double-quote] 'includeTemplateSource' → {t.debugmanualgeneratorpanel1355}
  Line 1362: [double-quote] 'includeTemplateSource' → {t.debugmanualgeneratorpanel1355}
  Line 1372: [double-quote] 'Code holen' → {t.debugmanualgeneratorpanel1369}
  Line 1381: [double-quote] 'Code ausführen' → {t.debugmanualgeneratorpanel1377}
  Line 1750: [double-quote] 'Code ausführen' → {t.debugmanualgeneratorpanel1377}
  Line 1391: [double-quote] '🔍 Debug Helper' → {t.debugmanualgeneratorpanel1385}
  Line 1772: [double-quote] '🔍 Debug Helper' → {t.debugmanualgeneratorpanel1385}
  Line 1399: [single-quote] 'Not selected' → {t.debugmanualgeneratorpanel1396}
  Line 1400: [single-quote] 'Not selected' → {t.debugmanualgeneratorpanel1396}
  Line 1403: [single-quote] 'Not selected' → {t.debugmanualgeneratorpanel1396}
  Line 1405: [single-quote] 'Not selected' → {t.debugmanualgeneratorpanel1396}
  Line 1478: [single-quote] '🔴 No project selected for project_file template' → {t.debugmanualgeneratorpanel1473}
  Line 1481: [single-quote] '🔴 No table selected for db_table_file template' → {t.debugmanualgeneratorpanel1476}
  Line 1485: [single-quote] '🟡 No language selected for language-enabled tem...' → {t.debugmanualgeneratorpanel1479}
  Line 1487: [single-quote] '🔴 Found tables[] - missing table index' → {t.debugmanualgeneratorpanel1482}
  Line 1534: [double-quote] '1. Vorbereiteter Code' → {t.debugmanualgeneratorpanel1531}
  Line 1542: [double-quote] 'GTree kopieren' → {t.debugmanualgeneratorpanel1537}
  Line 1569: [double-quote] 'GTree downloaden' → {t.debugmanualgeneratorpanel1564}
  Line 1588: [single-quote] 'Download fehlgeschlagen. Bitte prüfen Sie die GTr...' → {t.debugmanualgeneratorpanel1583}
  Line 1597: [double-quote] 'Code kopieren' → {t.debugmanualgeneratorpanel1591}
  Line 1692: [double-quote] 'Code kopieren' → {t.debugmanualgeneratorpanel1591}
  Line 1635: [double-quote] 'Code abrufen' → {t.debugmanualgeneratorpanel1628}
  Line 1682: [double-quote] '2. Ausgeführtes Ergebnis' → {t.debugmanualgeneratorpanel1679}
  Line 1732: [single-quote] 'Download fehlgeschlagen.' → {t.debugmanualgeneratorpanel1724}
  Line   51: [double-quote] 'Courier New' → {t.debugmanualgeneratorpanel1739}
  Line  128: [double-quote] 'Courier New' → {t.debugmanualgeneratorpanel1739}
  Line 1748: [double-quote] 'Courier New' → {t.debugmanualgeneratorpanel1739}
  Line 1765: [double-quote] 'Courier New' → {t.debugmanualgeneratorpanel1739}
  Line 1757: [double-quote] '3. 🔍 Debug Helper' → {t.debugmanualgeneratorpanel1750}
  Line 1049: [single-quote] 'Unbekannter Fehler' → {t.schematranslationpanel319}
  Line 1107: [single-quote] 'Unbekannter Fehler' → {t.schematranslationpanel319}

resources/js/Components/Panels/FileModal.tsx:
  Line  340: [single-quote] 'Aktualisieren' → {t.applicationsmodal313}
  Line  334: [double-quote] 'Cancel' → {t.applicationsmodal432}
  Line   95: [single-quote] 'Bitte wählen Sie eine ZIP-Datei aus!' → {t.filemodal95}
  Line  105: [single-quote] 'ZIP-Datei entfernt' → {t.filemodal106}
  Line  111: [single-quote] 'Neue Datei hinzufügen' → {t.filemodal111}
  Line  130: [single-quote] 'Bitte Dateinamen eingeben!' → {t.filemodal130}
  Line  135: [double-quote] 'e.g., Model.php, component.tsx, config.json' → {t.filemodal135}
  Line  152: [single-quote] 'Bitte Typ auswählen!' → {t.filemodal153}
  Line  181: [single-quote] 'Bitte Zielverzeichnis eingeben!' → {t.filemodal182}
  Line  187: [double-quote] 'e.g., /components/, /services/, /app/Http/Controll...' → {t.filemodal189}
  Line  205: [double-quote] 'Text-Eingabe' → {t.filemodal208}
  Line  211: [double-quote] 'ZIP-Upload' → {t.filemodal215}
  Line  230: [single-quote] 'Bitte Dateiinhalt eingeben!' → {t.filemodal232}
  Line  275: [double-quote] 'ZIP-Datei auswählen' → {t.filemodal278}
  Line  304: [double-quote] 'Entfernen' → {t.filemodal307}
  Line  338: [single-quote] 'Hinzufügen' → {t.filemodal340}

resources/js/Components/Panels/ForgotPasswordPanel.tsx:
  Line   73: [single-quote] 'Passwords do not match' → {t.authmodalsegistermodal58}
  Line  259: [double-quote] 'Passwort wiederholen' → {t.authmodalsegistermodal312}
  Line  280: [double-quote] 'Passwort zurücksetzen' → {t.authmodalsesetpasswordmodal319}
  Line  129: [double-quote] 'Passwort vergessen' → {t.forgotpasswordmodal73}
  Line  178: [double-quote] 'your.email@example.com' → {t.forgotpasswordmodal113}
  Line  197: [double-quote] 'Back to Login' → {t.forgotpasswordmodal131}
  Line  292: [double-quote] 'Back to Login' → {t.forgotpasswordmodal131}
  Line   59: [single-quote] 'An error has occurred' → {t.profilemodal346}
  Line  109: [single-quote] 'An error has occurred' → {t.profilemodal346}
  Line  237: [double-quote] 'Neues Passwort' → {t.newPassword}
  Line  230: [double-quote] 'password' → {t.registermodal291}
  Line  235: [double-quote] 'password' → {t.registermodal291}
  Line  273: [double-quote] 'Zurück' → {t.joincodemodal299}
  Line  245: [double-quote] 'Passwort eingeben' → {t.panelsegisterpanel161}
  Line  246: [double-quote] 'Schwach' → {t.panelsegisterpanel162}
  Line  248: [double-quote] 'Mittel' → {t.panelsegisterpanel163}
  Line  251: [double-quote] 'Stark' → {t.panelsegisterpanel164}
  Line   29: [single-quote] 'Enter email' → {t.forgotpasswordpanel29}
  Line   30: [single-quote] 'Reset password' → {t.forgotpasswordpanel30}
  Line   52: [single-quote] 'Reset link could not be sent' → {t.forgotpasswordpanel52}
  Line   55: [single-quote] 'A reset link has been sent to your email address. ...' → {t.forgotpasswordpanel55}
  Line   96: [single-quote] 'Password could not be reset' → {t.forgotpasswordpanel96}
  Line   96: [single-quote] 'Password successfully reset! You can now log in wi...' → {t.forgotpasswordpanel99}
  Line  185: [double-quote] 'Send reset link' → {t.forgotpasswordpanel187}
  Line  221: [double-quote] 'Code aus der E-Mail' → {t.forgotpasswordpanel222}

resources/js/Components/Panels/LanguageManagementPanel.tsx:
  Line   76: [single-quote] 'Unauthorized. System admin access required.' → {t.languagecontroller17}
  Line  223: [single-quote] 'System' → {t.ultimatetemplatecontroller301}
  Line  132: [single-quote] 'DELETE' → {t.profilemodal305}
  Line  328: [double-quote] 'Name' → {t.registermodal236}
  Line  330: [double-quote] 'Status' → {t.applicationsmodal335}
  Line  334: [double-quote] 'Actions' → {t.applicationsmodal354}
  Line  354: [double-quote] 'Cancel' → {t.applicationsmodal432}
  Line  333: [double-quote] 'Description' → {t.createteammodal103}
  Line  214: [single-quote] 'Inactive' → {t.manageteammodal328}
  Line  362: [single-quote] 'Create' → {t.teammodal240}
  Line  119: [single-quote] 'Are you sure you want to delete this language?' → {t.languagemanagementpanel120}
  Line  120: [single-quote] 'Delete Language' → {t.languagemanagementpanel121}
  Line  277: [single-quote] 'Delete Language' → {t.languagemanagementpanel121}
  Line  123: [single-quote] 'Yes' → {t.languagemanagementpanel124}
  Line  133: [single-quote] 'Language deleted successfully' → {t.languagemanagementpanel133}
  Line  142: [single-quote] 'PATCH' → {t.languagemanagementpanel142}
  Line  152: [single-quote] 'PATCH' → {t.languagemanagementpanel142}
  Line  154: [single-quote] 'Default language updated successfully' → {t.languagemanagementpanel153}
  Line  168: [single-quote] 'Language updated successfully' → {t.languagemanagementpanel167}
  Line  175: [single-quote] 'Language created successfully' → {t.languagemanagementpanel173}
  Line  184: [single-quote] '🇺🇸 United States' → {t.languagemanagementpanel183}
  Line  185: [single-quote] '🇬🇧 United Kingdom' → {t.languagemanagementpanel184}
  Line  186: [single-quote] '🇩🇪 Germany' → {t.languagemanagementpanel185}
  Line  187: [single-quote] '🇫🇷 France' → {t.languagemanagementpanel186}
  Line  189: [single-quote] '🇪🇸 Spain' → {t.languagemanagementpanel187}
  Line  190: [single-quote] '🇮🇹 Italy' → {t.languagemanagementpanel188}
  Line  191: [single-quote] '🇳🇱 Netherlands' → {t.languagemanagementpanel189}
  Line  192: [single-quote] '🇵🇹 Portugal' → {t.languagemanagementpanel190}
  Line  193: [single-quote] '🇷🇺 Russia' → {t.languagemanagementpanel191}
  Line  195: [single-quote] '🇯🇵 Japan' → {t.languagemanagementpanel192}
  Line  196: [single-quote] '🇰🇷 South Korea' → {t.languagemanagementpanel193}
  Line  197: [single-quote] '🇨🇳 China' → {t.languagemanagementpanel194}
  Line  198: [single-quote] '🇧🇷 Brazil' → {t.languagemanagementpanel195}
  Line  202: [single-quote] '🇲🇽 Mexico' → {t.languagemanagementpanel196}
  Line  203: [single-quote] '🇨🇦 Canada' → {t.languagemanagementpanel197}
  Line  206: [single-quote] '🇦🇺 Australia' → {t.languagemanagementpanel198}
  Line  207: [single-quote] '🇮🇳 India' → {t.languagemanagementpanel199}
  Line  262: [single-quote] 'Activate' → {t.languagemanagementpanel251}
  Line  276: [double-quote] 'Set as Default' → {t.languagemanagementpanel264}
  Line  288: [single-quote] 'Cannot delete default language' → {t.languagemanagementpanel277}
  Line  311: [double-quote] 'Add Language' → {t.languagemanagementpanel300}
  Line  324: [double-quote] 'RowsPerPageDropdown FirstPageLink PrevPageLink Cur...' → {t.languagemanagementpanel317}
  Line  328: [double-quote] 'No languages found' → {t.languagemanagementpanel324}
  Line  329: [double-quote] 'Flag' → {t.languagemanagementpanel326}
  Line  330: [double-quote] 'Code' → {t.languagemanagementpanel327}
  Line  333: [double-quote] 'Native Name' → {t.languagemanagementpanel329}
  Line  337: [double-quote] 'Sort Order' → {t.languagemanagementpanel331}
  Line  341: [double-quote] 'Creator' → {t.languagemanagementpanel332}
  Line  355: [single-quote] 'Add New Language' → {t.languagemanagementpanel340}
  Line  387: [single-quote] 'Please enter language code' → {t.languagemanagementpanel378}
  Line  390: [single-quote] 'Code must be 5 characters or less' → {t.languagemanagementpanel379}
  Line  426: [double-quote] 'Select flag' → {t.languagemanagementpanel410}
  Line  443: [single-quote] 'Please enter language name' → {t.languagemanagementpanel430}
  Line  444: [single-quote] 'Name must be 100 characters or less' → {t.languagemanagementpanel431}
  Line  451: [double-quote] 'e.g., English, German, French' → {t.languagemanagementpanel437}
  Line  468: [single-quote] 'Please enter native language name' → {t.languagemanagementpanel456}
  Line  469: [single-quote] 'Native name must be 100 characters or less' → {t.languagemanagementpanel457}
  Line  476: [double-quote] 'e.g., English, Deutsch, Français' → {t.languagemanagementpanel463}
  Line  496: [single-quote] 'Description must be 1000 characters or less' → {t.languagemanagementpanel483}
  Line  503: [double-quote] 'Optional description of the language' → {t.languagemanagementpanel490}
  Line  520: [single-quote] 'Please enter sort order' → {t.languagemanagementpanel510}
  Line  523: [single-quote] 'Sort order must be 0 or greater' → {t.languagemanagementpanel511}
  Line  222: [single-quote] 'Active' → {t.templatesStatusActive}
  Line  230: [double-quote] 'warning' → {t.toastcontext46}
  Line  256: [double-quote] 'warning' → {t.toastcontext46}

resources/js/Components/Panels/LoginPanel.tsx:
  Line   44: [single-quote] 'Login failed' → {t.authcontroller156}
  Line   74: [single-quote] 'An error occurred' → {t.authmodalsegistermodal109}
  Line  130: [double-quote] 'Your password' → {t.authmodalsegistermodal293}
  Line  114: [double-quote] 'your.email@example.com' → {t.forgotpasswordmodal113}
  Line   89: [double-quote] 'Login' → {t.loginmodal212}
  Line  142: [double-quote] 'Login' → {t.loginmodal212}
  Line  142: [double-quote] 'Logging in...' → {t.LoginDoLogin}
  Line  161: [double-quote] 'Forgot password?' → {t.LoginForgotPassword}
  Line   35: [single-quote] 'password' → {t.registermodal291}
  Line  129: [single-quote] 'password' → {t.registermodal291}
  Line  122: [double-quote] 'password' → {t.registermodal291}
  Line  127: [double-quote] 'password' → {t.registermodal291}

resources/js/Components/Panels/MyApplicationsPanel.tsx:
  Line  362: [single-quote] 'Unknown' → {t.testprojectschemas50}
  Line  365: [single-quote] 'Unknown' → {t.testprojectschemas50}
  Line  382: [double-quote] 'Close' → {t.authmodalsesetpasswordmodal162}
  Line   61: [single-quote] 'Not authenticated' → {t.applicationsmodal66}
  Line   73: [single-quote] 'Failed to load applications' → {t.applicationsmodal78}
  Line   80: [single-quote] 'Error loading applications' → {t.applicationsmodal85}
  Line  242: [double-quote] 'No applications found' → {t.applicationsmodal301}
  Line  217: [double-quote] 'Refresh' → {t.applicationsmodal313}
  Line  255: [double-quote] 'Message' → {t.applicationsmodal329}
  Line  262: [double-quote] 'Status' → {t.applicationsmodal335}
  Line  269: [double-quote] 'Applied' → {t.applicationsmodal342}
  Line  284: [double-quote] 'Actions' → {t.applicationsmodal354}
  Line  307: [double-quote] 'Project Information' → {t.joincodemodal215}
  Line  311: [single-quote] 'No description provided' → {t.joincodemodal220}
  Line  248: [double-quote] 'Project' → {t.manageteammodal316}
  Line   87: [single-quote] 'de-DE' → {t.membermodal509}
  Line  164: [double-quote] 'View details' → {t.myapplicationspanel164}
  Line  228: [double-quote] 'Application History' → {t.myapplicationspanel228}
  Line  279: [double-quote] 'Response' → {t.myapplicationspanel276}
  Line  295: [double-quote] 'Application Details' → {t.myapplicationspanel292}
  Line  325: [double-quote] 'Application Information' → {t.myapplicationspanel322}
  Line  361: [single-quote] 'Rejection' → {t.myapplicationspanel358}
  Line  101: [single-quote] 'warning' → {t.toastcontext46}

resources/js/Components/Panels/NewNavigationPanel.tsx:
  Line  369: [single-quote] 'Register' → {t.authmodalsegistermodal203}
  Line  364: [single-quote] 'Login' → {t.loginmodal212}
  Line  315: [single-quote] 'Profile' → {t.profileTab}
  Line  161: [single-quote] 'Teams' → {t.joincodemodal247}
  Line  128: [single-quote] 'Project' → {t.manageteammodal316}
  Line  432: [double-quote] 'Project' → {t.manageteammodal316}
  Line  112: [single-quote] 'Back to Lobby' → {t.panelsewnavigationpanel112}
  Line  326: [single-quote] 'Back to Lobby' → {t.panelsewnavigationpanel112}
  Line  415: [double-quote] 'Back to Lobby' → {t.panelsewnavigationpanel112}
  Line  121: [single-quote] 'Welcome' → {t.panelsewnavigationpanel120}
  Line  426: [double-quote] 'Welcome' → {t.panelsewnavigationpanel120}
  Line  134: [single-quote] 'Project Management' → {t.panelsewnavigationpanel133}
  Line  140: [single-quote] 'Settings' → {t.panelsewnavigationpanel138}
  Line  144: [single-quote] 'Projekt-Einstellungen' → {t.panelsewnavigationpanel142}
  Line  167: [single-quote] 'Team Management' → {t.panelsewnavigationpanel165}
  Line  173: [single-quote] 'Teams Assignment' → {t.panelsewnavigationpanel170}
  Line  189: [single-quote] 'Templates' → {t.panelsewnavigationpanel184}
  Line  192: [single-quote] 'Template Verwaltung' → {t.panelsewnavigationpanel188}
  Line  198: [single-quote] 'Template Assignment' → {t.panelsewnavigationpanel193}
  Line  205: [single-quote] 'DB Schema Dependencies' → {t.panelsewnavigationpanel201}
  Line  217: [single-quote] 'My Applications' → {t.panelsewnavigationpanel211}
  Line  224: [single-quote] 'Public Projects' → {t.panelsewnavigationpanel216}
  Line  230: [single-quote] 'Database' → {t.panelsewnavigationpanel223}
  Line  537: [double-quote] 'Database' → {t.panelsewnavigationpanel223}
  Line  235: [single-quote] 'Manage Databases' → {t.panelsewnavigationpanel228}
  Line  240: [single-quote] 'Designer' → {t.panelsewnavigationpanel233}
  Line  247: [single-quote] 'Schema Translation' → {t.panelsewnavigationpanel238}
  Line  253: [single-quote] 'Import SQL' → {t.panelsewnavigationpanel246}
  Line  261: [single-quote] 'Export SQL' → {t.panelsewnavigationpanel251}
  Line  268: [single-quote] 'Generator' → {t.panelsewnavigationpanel258}
  Line  570: [double-quote] 'Generator' → {t.panelsewnavigationpanel258}
  Line  273: [single-quote] 'Debug Manual Generator' → {t.panelsewnavigationpanel263}
  Line  279: [single-quote] 'Code Generation Panel' → {t.panelsewnavigationpanel268}
  Line  285: [single-quote] 'Query Builder' → {t.panelsewnavigationpanel273}
  Line  292: [single-quote] 'Administration' → {t.panelsewnavigationpanel281}
  Line  594: [double-quote] 'Administration' → {t.panelsewnavigationpanel281}
  Line  298: [single-quote] 'System Settings' → {t.panelsewnavigationpanel285}
  Line  307: [single-quote] 'Language Management' → {t.panelsewnavigationpanel290}
  Line  315: [single-quote] 'CMS Admin' → {t.panelsewnavigationpanel298}
  Line  335: [single-quote] 'Change Plan' → {t.panelsewnavigationpanel320}
  Line  345: [single-quote] 'Logout' → {t.panelsewnavigationpanel333}
  Line  378: [single-quote] 'Account' → {t.panelsewnavigationpanel359}
  Line  642: [single-quote] 'Account' → {t.panelsewnavigationpanel359}
  Line  398: [single-quote] 'Collapse Menu' → {t.panelsewnavigationpanel384}

resources/js/Components/Panels/PanelT1.tsx:
  Line  725: [single-quote] 'Table' → {t.translationexportcontroller78}
  Line  680: [single-quote] 'Project' → {t.manageteammodal316}
  Line  696: [single-quote] 'Project' → {t.manageteammodal316}
  Line  103: [single-quote] 'Unknown User' → {t.panelt1103}
  Line  147: [single-quote] 'Databases' → {t.panelt1143}
  Line  143: [double-quote] 'Databases' → {t.panelt1143}
  Line  222: [single-quote] 'File Preview' → {t.panelt1219}
  Line  416: [single-quote] 'File Preview' → {t.panelt1219}
  Line  219: [double-quote] 'File Preview' → {t.panelt1219}
  Line  281: [single-quote] 'Error Loading Projects' → {t.panelt1281}
  Line  287: [single-quote] 'Check Console for Errors' → {t.panelt1287}
  Line  293: [single-quote] 'See browser console for details' → {t.panelt1293}
  Line  504: [single-quote] 'teamChanged' → {t.panelt1506}
  Line  508: [single-quote] 'teamChanged' → {t.panelt1506}
  Line  520: [single-quote] 'filePreviewUpdate' → {t.panelt1521}
  Line  524: [single-quote] 'filePreviewUpdate' → {t.panelt1521}
  Line  791: [double-quote] 'Expand All' → {t.panelt1791}
  Line  798: [double-quote] 'Collapse All' → {t.panelt1798}

resources/js/Components/Panels/PanelT2.tsx:
  Line  806: [single-quote] 'Failed to update table' → {t.schemacontroller810}
  Line  817: [single-quote] 'Failed to update table' → {t.schemacontroller810}
  Line 1245: [single-quote] 'Failed to delete foreign key' → {t.schemacontroller1328}
  Line 1270: [single-quote] 'Failed to delete foreign key' → {t.schemacontroller1328}
  Line  993: [single-quote] 'DELETE' → {t.profilemodal305}
  Line 1235: [single-quote] 'DELETE' → {t.profilemodal305}
  Line 1600: [single-quote] 'Current' → {t.profilemodal640}
  Line 1736: [single-quote] 'Deleting...' → {t.deleting}
  Line  439: [single-quote] 'Failed to load schemas' → {t.databaseexportmodal71}
  Line  551: [single-quote] 'Failed to load schema versions' → {t.databaseexportmodal114}
  Line 1292: [single-quote] 'No project selected' → {t.databaseexportmodal344}
  Line 1153: [single-quote] 'Not authenticated' → {t.applicationsmodal66}
  Line 1231: [single-quote] 'Not authenticated' → {t.applicationsmodal66}
  Line 1336: [single-quote] 'de-DE' → {t.membermodal509}
  Line  139: [double-quote] 'Tabelle bearbeiten' → {t.panelt2139}
  Line  151: [double-quote] 'Tabelle löschen' → {t.panelt2151}
  Line  405: [single-quote] 'Authentication required' → {t.panelt2405}
  Line  443: [single-quote] 'Authentication' → {t.panelt2443}
  Line 1511: [single-quote] 'Authentication' → {t.panelt2443}
  Line  602: [single-quote] 'Failed to load schema version' → {t.panelt2602}
  Line  683: [single-quote] 'No version available. Please create a schema versi...' → {t.panelt2685}
  Line  702: [single-quote] 'No version selected or version ID missing. Please ...' → {t.panelt2704}
  Line  739: [single-quote] 'Failed to create table' → {t.panelt2745}
  Line  750: [single-quote] 'Failed to create table' → {t.panelt2745}
  Line  762: [single-quote] 'No version selected or table to edit. Please selec...' → {t.panelt2764}
  Line  821: [single-quote] 'No schema or version selected. Please select a sch...' → {t.panelt2826}
  Line  857: [single-quote] 'No schema or version selected. Please select a sch...' → {t.panelt2826}
  Line  832: [single-quote] 'Failed to create new version' → {t.panelt2841}
  Line  844: [single-quote] 'Failed to create new version' → {t.panelt2841}
  Line  868: [single-quote] 'Failed to create new version' → {t.panelt2841}
  Line  877: [single-quote] 'Failed to create new version' → {t.panelt2841}
  Line 1161: [single-quote] 'Failed to create new version' → {t.panelt2841}
  Line 1175: [single-quote] 'Failed to create new version' → {t.panelt2841}
  Line  888: [single-quote] 'No version selected. Please select a schema versio...' → {t.panelt2898}
  Line  919: [single-quote] 'No version selected. Please select a schema versio...' → {t.panelt2898}
  Line  907: [single-quote] 'Failed to update version' → {t.panelt2920}
  Line  938: [single-quote] 'Failed to update version' → {t.panelt2920}
  Line  986: [single-quote] 'Failed to delete table' → {t.panelt21001}
  Line  995: [single-quote] 'Failed to delete table' → {t.panelt21001}
  Line 1107: [single-quote] 'Failed to delete table' → {t.panelt21001}
  Line 1010: [single-quote] 'No table selected for deletion' → {t.panelt21030}
  Line 1083: [single-quote] 'No table selected for deletion' → {t.panelt21030}
  Line 1041: [single-quote] 'Failed to create version and delete table' → {t.panelt21054}
  Line 1064: [single-quote] 'Failed to create new version and delete table' → {t.panelt21075}
  Line 1116: [single-quote] 'No schema selected' → {t.panelt21133}
  Line 1280: [single-quote] 'No schema selected' → {t.panelt21133}
  Line 1126: [single-quote] 'Create New Version' → {t.panelt21144}
  Line 1278: [single-quote] 'Loading schema versions...' → {t.panelt21289}
  Line 1293: [single-quote] 'No Project Selected' → {t.panelt21308}
  Line 1339: [double-quote] 'Create a new version (copies current version)' → {t.panelt21358}
  Line 1429: [single-quote] 'positionAbsolute' → {t.panelt21439}
  Line 1515: [single-quote] 'Select a project to view schemas' → {t.panelt21528}
  Line 1515: [single-quote] 'No schemas associated with this project' → {t.panelt21530}
  Line 1516: [single-quote] 'Select a schema to visualize database structure' → {t.panelt21531}
  Line 1568: [single-quote] 'eine neue Tabelle erstellen' → {t.panelt21595}
  Line 1635: [single-quote] 'Edit FK coming in Phase 2! 🚀' → {t.panelt21654}
  Line 1715: [single-quote] 'Delete Foreign Key' → {t.panelt21689}
  Line  297: [single-quote] 'database' → {t.projectsettingspanel405}

resources/js/Components/Panels/PanelT3.tsx:
  Line   67: [single-quote] 'All' → {t.templatecontroller22}
  Line  287: [single-quote] 'All' → {t.templatecontroller22}
  Line  295: [single-quote] 'All' → {t.templatecontroller22}
  Line  158: [single-quote] 'languageChanged' → {t.loginmodal46}
  Line  161: [single-quote] 'languageChanged' → {t.loginmodal46}
  Line  251: [single-quote] 'DELETE' → {t.profilemodal305}
  Line   75: [single-quote] 'Not authenticated' → {t.applicationsmodal66}
  Line  115: [single-quote] 'Not authenticated' → {t.applicationsmodal66}
  Line  201: [single-quote] 'Not authenticated' → {t.applicationsmodal66}
  Line  245: [single-quote] 'Not authenticated' → {t.applicationsmodal66}
  Line  475: [single-quote] 'de-DE' → {t.membermodal509}
  Line  103: [single-quote] 'Error loading templates' → {t.debugmanualgeneratorpanel358}
  Line  306: [single-quote] 'Database' → {t.panelsewnavigationpanel223}
  Line  306: [single-quote] 'Database' → {t.panelsewnavigationpanel223}
  Line  296: [single-quote] 'All Categories' → {t.templatesCategoryAll}
  Line   90: [single-quote] 'Failed to load templates' → {t.panelt390}
  Line  148: [single-quote] 'Error loading project templates' → {t.panelt3148}
  Line  219: [single-quote] 'Failed to assign templates' → {t.panelt3219}
  Line  231: [single-quote] 'Error assigning templates' → {t.panelt3231}
  Line  272: [single-quote] 'Error removing template' → {t.panelt3272}
  Line  297: [single-quote] 'Web' → {t.panelt3296}
  Line  297: [single-quote] 'Web' → {t.panelt3296}
  Line  298: [single-quote] 'Mobile' → {t.panelt3297}
  Line  298: [single-quote] 'Mobile' → {t.panelt3297}
  Line  299: [single-quote] 'API' → {t.panelt3298}
  Line  300: [single-quote] 'API' → {t.panelt3298}
  Line  300: [single-quote] 'Desktop' → {t.panelt3299}
  Line  302: [single-quote] 'Desktop' → {t.panelt3299}

resources/js/Components/Panels/PanelT5.tsx:
  Line   38: [single-quote] 'Database' → {t.panelsewnavigationpanel223}
  Line  241: [double-quote] 'Expand All' → {t.panelt1791}
  Line  248: [double-quote] 'Collapse All' → {t.panelt1798}
  Line   45: [single-quote] 'Website Redesign' → {t.panelt544}
  Line   56: [single-quote] 'Mobile App' → {t.panelt555}
  Line   67: [single-quote] 'Modal.tsx' → {t.panelt567}
  Line   72: [single-quote] 'README.md' → {t.panelt572}
  Line   78: [single-quote] 'Documents' → {t.panelt577}
  Line   82: [single-quote] 'Contract.docx' → {t.panelt582}
  Line   86: [single-quote] 'Reports' → {t.panelt585}
  Line   88: [single-quote] 'Q1-Report.xlsx' → {t.panelt588}
  Line   89: [single-quote] 'Q2-Report.xlsx' → {t.panelt589}
  Line   97: [single-quote] 'Assets' → {t.panelt596}

resources/js/Components/Panels/ProfilePanel.tsx:
  Line  103: [single-quote] 'Profil erfolgreich aktualisiert' → {t.authcontroller310}
  Line  148: [single-quote] 'Passwort erfolgreich geändert' → {t.authcontroller346}
  Line   69: [single-quote] 'Ein Fehler ist aufgetreten' → {t.authmodalsegistermodal109}
  Line  107: [single-quote] 'Ein Fehler ist aufgetreten' → {t.authmodalsegistermodal109}
  Line  156: [single-quote] 'Ein Fehler ist aufgetreten' → {t.authmodalsegistermodal109}
  Line  121: [single-quote] 'Neue Passwörter stimmen nicht überein' → {t.profilemodal246}
  Line  234: [double-quote] 'Profil aktualisieren' → {t.updateProfile}
  Line  239: [double-quote] 'Passwort ändern' → {t.passwordTab}
  Line  302: [double-quote] 'Passwort ändern' → {t.passwordTab}
  Line   47: [single-quote] 'Nicht authentifiziert' → {t.applicationsmodal66}
  Line   84: [single-quote] 'Nicht authentifiziert' → {t.applicationsmodal66}
  Line  128: [single-quote] 'Nicht authentifiziert' → {t.applicationsmodal66}
  Line  184: [single-quote] 'de-DE' → {t.membermodal509}
  Line  325: [single-quote] 'de-DE' → {t.membermodal509}
  Line  337: [single-quote] 'de-DE' → {t.membermodal509}
  Line  354: [single-quote] 'de-DE' → {t.membermodal509}
  Line  275: [double-quote] 'Passwort eingeben' → {t.panelsegisterpanel161}
  Line  276: [double-quote] 'Schwach' → {t.panelsegisterpanel162}
  Line  278: [double-quote] 'Mittel' → {t.panelsegisterpanel163}
  Line  279: [double-quote] 'Stark' → {t.panelsegisterpanel164}
  Line   58: [single-quote] 'Benutzer-Daten konnten nicht geladen werden' → {t.profilepanel58}
  Line  100: [single-quote] 'Profil konnte nicht aktualisiert werden' → {t.profilepanel100}
  Line  142: [single-quote] 'Passwort konnte nicht geändert werden' → {t.profilepanel145}
  Line  196: [double-quote] 'Profil bearbeiten' → {t.profilepanel200}
  Line  301: [double-quote] 'Ändern...' → {t.profilepanel302}
  Line  307: [double-quote] 'Account Info' → {t.profilepanel310}
  Line  355: [single-quote] 'Noch nie angemeldet' → {t.profilepanel355}

resources/js/Components/Panels/ProjectPanel.tsx:
  Line  118: [single-quote] 'd.m.Y' → {t.projectcontroller187}
  Line  293: [single-quote] 'd.m.Y' → {t.projectcontroller187}
  Line  330: [single-quote] 'd.m.Y' → {t.projectcontroller187}
  Line 1238: [double-quote] 'd.m.Y' → {t.projectcontroller187}
  Line  120: [single-quote] 'H:i:s' → {t.projectcontroller188}
  Line  295: [single-quote] 'H:i:s' → {t.projectcontroller188}
  Line  333: [single-quote] 'H:i:s' → {t.projectcontroller188}
  Line 1257: [double-quote] 'H:i:s' → {t.projectcontroller188}
  Line  123: [single-quote] 'Europe/Vienna' → {t.projectcontroller190}
  Line  298: [single-quote] 'Europe/Vienna' → {t.projectcontroller190}
  Line  339: [single-quote] 'Europe/Vienna' → {t.projectcontroller190}
  Line 1293: [single-quote] 'Europe/Vienna' → {t.projectcontroller190}
  Line 1293: [single-quote] 'Europe/Vienna' → {t.projectcontroller190}
  Line 1468: [single-quote] 'No description' → {t.schemaexportcontroller226}
  Line 1586: [double-quote] 'Close' → {t.authmodalsesetpasswordmodal162}
  Line  357: [single-quote] 'DELETE' → {t.profilemodal305}
  Line 1384: [double-quote] 'Deleting...' → {t.deleting}
  Line 1076: [double-quote] 'password' → {t.registermodal291}
  Line  469: [single-quote] 'Failed to load schemas' → {t.databaseexportmodal71}
  Line  235: [single-quote] 'Not authenticated' → {t.applicationsmodal66}
  Line  352: [single-quote] 'Not authenticated' → {t.applicationsmodal66}
  Line  410: [single-quote] 'Not authenticated' → {t.applicationsmodal66}
  Line  458: [single-quote] 'Not authenticated' → {t.applicationsmodal66}
  Line  499: [single-quote] 'Not authenticated' → {t.applicationsmodal66}
  Line  647: [double-quote] 'Refresh' → {t.applicationsmodal313}
  Line  882: [double-quote] 'Status' → {t.applicationsmodal335}
  Line  890: [double-quote] 'Actions' → {t.applicationsmodal354}
  Line 1335: [double-quote] 'Cancel' → {t.applicationsmodal432}
  Line 1381: [double-quote] 'Cancel' → {t.applicationsmodal432}
  Line 1463: [single-quote] 'None' → {t.createtablemodal482}
  Line 1342: [double-quote] 'Creating...' → {t.createtablemodal614}
  Line  909: [double-quote] 'Project Settings' → {t.editprojectmodal227}
  Line  925: [double-quote] 'my_project_name' → {t.editprojectmodal240}
  Line  989: [double-quote] 'Database Connection' → {t.editprojectmodal332}
  Line 1089: [double-quote] 'Project Properties' → {t.editprojectmodal426}
  Line 1152: [single-quote] 'English' → {t.editprojectmodal484}
  Line 1154: [single-quote] 'Deutsch' → {t.editprojectmodal485}
  Line 1157: [single-quote] 'Français' → {t.editprojectmodal486}
  Line 1158: [single-quote] 'Español' → {t.editprojectmodal487}
  Line 1160: [single-quote] 'Italiano' → {t.editprojectmodal488}
  Line 1178: [single-quote] '2 characters' → {t.editprojectmodal506}
  Line 1179: [single-quote] '3 characters' → {t.editprojectmodal507}
  Line 1180: [single-quote] '4 characters' → {t.editprojectmodal508}
  Line 1182: [single-quote] '5 characters' → {t.editprojectmodal509}
  Line 1192: [double-quote] 'Localization Settings' → {t.editprojectmodal522}
  Line  121: [single-quote] '€' → {t.editprojectmodal602}
  Line  298: [single-quote] '€' → {t.editprojectmodal602}
  Line  338: [single-quote] '€' → {t.editprojectmodal602}
  Line 1283: [double-quote] '€' → {t.editprojectmodal602}
  Line 1298: [single-quote] 'Europe/Berlin' → {t.editprojectmodal621}
  Line 1298: [single-quote] 'Europe/Berlin' → {t.editprojectmodal621}
  Line 1299: [single-quote] 'Europe/Zurich' → {t.editprojectmodal622}
  Line 1299: [single-quote] 'Europe/Zurich' → {t.editprojectmodal622}
  Line 1301: [single-quote] 'Europe/London' → {t.editprojectmodal623}
  Line 1302: [single-quote] 'Europe/London' → {t.editprojectmodal623}
  Line 1305: [single-quote] 'America/New_York' → {t.editprojectmodal624}
  Line 1306: [single-quote] 'America/New_York' → {t.editprojectmodal624}
  Line 1307: [single-quote] 'America/Los_Angeles' → {t.editprojectmodal626}
  Line 1309: [single-quote] 'America/Los_Angeles' → {t.editprojectmodal626}
  Line 1312: [single-quote] 'Asia/Tokyo' → {t.editprojectmodal627}
  Line 1314: [single-quote] 'Asia/Tokyo' → {t.editprojectmodal627}
  Line 1319: [single-quote] 'UTC' → {t.editprojectmodal629}
  Line 1319: [single-quote] 'UTC' → {t.editprojectmodal629}
  Line  640: [double-quote] 'Join Project' → {t.joincodemodal156}
  Line  700: [single-quote] 'No description provided' → {t.joincodemodal220}
  Line  869: [double-quote] 'Project' → {t.manageteammodal316}
  Line  872: [double-quote] 'Owner' → {t.manageteammodal320}
  Line 1510: [single-quote] 'Member' → {t.manageteammodal394}
  Line  400: [single-quote] 'de-DE' → {t.membermodal509}
  Line  739: [double-quote] 'Private' → {t.databasemanagementpanel771}
  Line  739: [double-quote] 'Public' → {t.databasemanagementpanel772}
  Line  881: [double-quote] 'Created' → {t.databasemanagementpanel861}
  Line  830: [double-quote] 'Templates' → {t.panelsewnavigationpanel184}
  Line  844: [double-quote] 'Database' → {t.panelsewnavigationpanel223}
  Line 1496: [single-quote] 'Unknown User' → {t.panelt1103}
  Line  866: [double-quote] 'No projects found' → {t.panelt1813}
  Line  550: [double-quote] 'Active' → {t.templatesStatusActive}
  Line  261: [single-quote] 'Failed to create project' → {t.projectpanel258}
  Line  301: [single-quote] 'Project created successfully' → {t.projectpanel298}
  Line  304: [single-quote] 'projectChanged' → {t.projectpanel301}
  Line  310: [single-quote] 'Error creating project' → {t.projectpanel304}
  Line  369: [single-quote] 'Failed to delete project' → {t.projectpanel361}
  Line  374: [single-quote] 'Project deleted successfully' → {t.projectpanel369}
  Line  380: [single-quote] 'Error deleting project' → {t.projectpanel372}
  Line  422: [single-quote] 'Failed to load teams' → {t.projectpanel416}
  Line  569: [double-quote] 'Project Overview' → {t.projectpanel562}
  Line  584: [double-quote] 'Manage members' → {t.projectpanel575}
  Line  591: [double-quote] 'Edit project' → {t.projectpanel583}
  Line  689: [double-quote] 'Edit project' → {t.projectpanel583}
  Line  601: [double-quote] 'Delete project' → {t.projectpanel589}
  Line  632: [double-quote] 'New Project' → {t.projectpanel626}
  Line  732: [double-quote] 'Copy join code' → {t.projectpanel724}
  Line  797: [double-quote] 'Applications' → {t.projectpanel766}
  Line  788: [double-quote] 'Create Project' → {t.projectpanel776}
  Line 1357: [double-quote] 'Create Project' → {t.projectpanel776}
  Line  794: [double-quote] 'Quick Actions' → {t.projectpanel786}
  Line  806: [double-quote] 'Project Members' → {t.projectpanel796}
  Line  811: [double-quote] 'Teams Management' → {t.projectpanel803}
  Line  825: [double-quote] 'Invitations' → {t.projectpanel815}
  Line  861: [double-quote] 'All Projects' → {t.projectpanel850}
  Line  908: [double-quote] 'Create New Project' → {t.projectpanel892}
  Line  952: [double-quote] 'Enter project description (optional)' → {t.projectpanel938}
  Line  112: [single-quote] 'index.php' → {t.projectpanel1128}
  Line  290: [single-quote] 'index.php' → {t.projectpanel1128}
  Line  329: [single-quote] 'index.php' → {t.projectpanel1128}
  Line 1141: [double-quote] 'index.php' → {t.projectpanel1128}
  Line 1308: [single-quote] 'Europe/Paris' → {t.projectpanel1293}
  Line 1309: [single-quote] 'Europe/Paris' → {t.projectpanel1293}
  Line 1325: [single-quote] 'Australia/Sydney' → {t.projectpanel1297}
  Line 1325: [single-quote] 'Australia/Sydney' → {t.projectpanel1297}
  Line 1365: [double-quote] 'Delete Project' → {t.projectpanel1342}
  Line 1408: [double-quote] 'Delete Project' → {t.projectpanel1342}
  Line 1500: [single-quote] 'No email' → {t.projectpanel1482}
  Line 1602: [double-quote] 'Manage Project' → {t.projectpanel1579}
  Line  741: [double-quote] 'warning' → {t.toastcontext46}
  Line  172: [single-quote] 'openApplicationsModalInPanel' → {t.index1621}
  Line  175: [single-quote] 'openApplicationsModalInPanel' → {t.index1621}

resources/js/Components/Panels/ProjectSettingsPanel.tsx:
  Line   64: [single-quote] 'd.m.Y' → {t.projectcontroller187}
  Line  143: [single-quote] 'd.m.Y' → {t.projectcontroller187}
  Line  623: [double-quote] 'd.m.Y' → {t.projectcontroller187}
  Line  627: [double-quote] 'd.m.Y' → {t.projectcontroller187}
  Line   66: [single-quote] 'H:i:s' → {t.projectcontroller188}
  Line  145: [single-quote] 'H:i:s' → {t.projectcontroller188}
  Line  639: [double-quote] 'H:i:s' → {t.projectcontroller188}
  Line  643: [double-quote] 'H:i:s' → {t.projectcontroller188}
  Line   68: [single-quote] 'Europe/Vienna' → {t.projectcontroller190}
  Line  147: [single-quote] 'Europe/Vienna' → {t.projectcontroller190}
  Line  672: [single-quote] 'Europe/Vienna' → {t.projectcontroller190}
  Line  673: [single-quote] 'Europe/Vienna' → {t.projectcontroller190}
  Line  194: [single-quote] 'Kein Projekt ausgewählt' → {t.databaseexportmodal344}
  Line  213: [single-quote] 'Nicht authentifiziert' → {t.applicationsmodal66}
  Line  229: [single-quote] 'Failed to update project' → {t.editprojectmodal183}
  Line  323: [double-quote] 'my_project_name' → {t.editprojectmodal240}
  Line  339: [double-quote] 'Projektbeschreibung eingeben' → {t.editprojectmodal260}
  Line  259: [single-quote] 'PROJ-' → {t.editprojectmodal280}
  Line  545: [single-quote] 'English' → {t.editprojectmodal484}
  Line  547: [single-quote] 'Deutsch' → {t.editprojectmodal485}
  Line  548: [single-quote] 'Français' → {t.editprojectmodal486}
  Line  549: [single-quote] 'Español' → {t.editprojectmodal487}
  Line  551: [single-quote] 'Italiano' → {t.editprojectmodal488}
  Line  567: [single-quote] '2 Zeichen' → {t.editprojectmodal506}
  Line  568: [single-quote] '3 Zeichen' → {t.editprojectmodal507}
  Line  570: [single-quote] '4 Zeichen' → {t.editprojectmodal508}
  Line  572: [single-quote] '5 Zeichen' → {t.editprojectmodal509}
  Line   67: [single-quote] '€' → {t.editprojectmodal602}
  Line  147: [single-quote] '€' → {t.editprojectmodal602}
  Line  659: [double-quote] '€' → {t.editprojectmodal602}
  Line  666: [double-quote] '€' → {t.editprojectmodal602}
  Line  667: [double-quote] 'CHF' → {t.editprojectmodal608}
  Line  676: [single-quote] 'Europe/Berlin' → {t.editprojectmodal621}
  Line  676: [single-quote] 'Europe/Berlin' → {t.editprojectmodal621}
  Line  677: [single-quote] 'Europe/Zurich' → {t.editprojectmodal622}
  Line  677: [single-quote] 'Europe/Zurich' → {t.editprojectmodal622}
  Line  678: [single-quote] 'Europe/London' → {t.editprojectmodal623}
  Line  678: [single-quote] 'Europe/London' → {t.editprojectmodal623}
  Line  679: [single-quote] 'America/New_York' → {t.editprojectmodal624}
  Line  680: [single-quote] 'America/New_York' → {t.editprojectmodal624}
  Line  681: [single-quote] 'America/Chicago' → {t.editprojectmodal625}
  Line  681: [single-quote] 'America/Chicago' → {t.editprojectmodal625}
  Line  683: [single-quote] 'America/Los_Angeles' → {t.editprojectmodal626}
  Line  684: [single-quote] 'America/Los_Angeles' → {t.editprojectmodal626}
  Line  686: [single-quote] 'Asia/Tokyo' → {t.editprojectmodal627}
  Line  686: [single-quote] 'Asia/Tokyo' → {t.editprojectmodal627}
  Line  689: [single-quote] 'Asia/Dubai' → {t.editprojectmodal628}
  Line  689: [single-quote] 'Asia/Dubai' → {t.editprojectmodal628}
  Line  690: [single-quote] 'UTC' → {t.editprojectmodal629}
  Line  691: [single-quote] 'UTC' → {t.editprojectmodal629}
  Line   58: [single-quote] 'index.php' → {t.projectpanel1128}
  Line  139: [single-quote] 'index.php' → {t.projectpanel1128}
  Line  531: [double-quote] 'index.php' → {t.projectpanel1128}
  Line  157: [single-quote] 'Fehler beim Laden der Projektdaten' → {t.projectsettingspanel151}
  Line  246: [single-quote] 'Failed to save language settings' → {t.projectsettingspanel243}
  Line  249: [single-quote] 'Projekt-Einstellungen erfolgreich gespeichert' → {t.projectsettingspanel246}
  Line  253: [single-quote] 'Fehler beim Speichern der Projekt-Einstellungen' → {t.projectsettingspanel251}
  Line  306: [double-quote] 'Alle Änderungen speichern' → {t.projectsettingspanel304}
  Line  353: [double-quote] 'Beitrittscode (optional)' → {t.projectsettingspanel351}
  Line  737: [double-quote] 'Verfügbare Sprachen' → {t.projectsettingspanel727}
  Line  738: [double-quote] 'Aktivierte Sprachen' → {t.projectsettingspanel728}
  Line  742: [double-quote] 'Suchen...' → {t.projectsettingspanel733}
  Line  744: [double-quote] 'Suchen...' → {t.projectsettingspanel733}
  Line  751: [single-quote] 'Keine Sprachen ausgewählt' → {t.projectsettingspanel742}

resources/js/Components/Panels/PublicProjectsPanel.tsx:
  Line   85: [single-quote] 'Not authenticated' → {t.applicationsmodal66}
  Line  234: [double-quote] 'Refresh' → {t.applicationsmodal313}
  Line  475: [double-quote] 'Cancel' → {t.applicationsmodal432}
  Line  433: [double-quote] 'Enter project description' → {t.editprojectmodal260}
  Line  111: [single-quote] 'de-DE' → {t.membermodal509}
  Line  297: [double-quote] 'Public' → {t.databasemanagementpanel772}
  Line   97: [single-quote] 'Failed to load public projects' → {t.publicprojectspanel97}
  Line  104: [single-quote] 'Error loading public projects' → {t.publicprojectspanel104}
  Line  183: [single-quote] 'Failed to clone project' → {t.publicprojectspanel183}
  Line  186: [single-quote] 'Failed to clone project' → {t.publicprojectspanel183}
  Line  227: [double-quote] 'Join with Code' → {t.publicprojectspanel227}
  Line  253: [double-quote] 'Search projects by name, description, or owner...' → {t.publicprojectspanel253}
  Line  266: [single-quote] 'No public projects' → {t.publicprojectspanel266}
  Line  270: [single-quote] 'Try adjusting your search terms.' → {t.publicprojectspanel270}
  Line  271: [single-quote] 'There are no public projects available at the mome...' → {t.publicprojectspanel271}
  Line  275: [double-quote] 'Clear Search' → {t.publicprojectspanel276}
  Line  316: [single-quote] 'No description provided.' → {t.publicprojectspanel316}
  Line  338: [double-quote] 'Your Project' → {t.publicprojectspanel338}
  Line  342: [double-quote] 'This is your own project. Use the Projects tab to ...' → {t.publicprojectspanel342}
  Line  346: [double-quote] 'Clone Project' → {t.publicprojectspanel346}
  Line  481: [double-quote] 'Clone Project' → {t.publicprojectspanel346}
  Line  418: [double-quote] 'Enter project name' → {t.publicprojectspanel418}

resources/js/Components/Panels/RegisterPanel.tsx:
  Line   31: [single-quote] 'Passwörter stimmen nicht überein' → {t.authmodalsegistermodal58}
  Line   75: [single-quote] 'Ein Fehler ist aufgetreten' → {t.authmodalsegistermodal109}
  Line   90: [double-quote] 'Registrieren' → {t.authmodalsegistermodal203}
  Line  188: [double-quote] 'Registrieren' → {t.authmodalsegistermodal203}
  Line  123: [double-quote] 'Ihr vollständiger Name' → {t.authmodalsegistermodal239}
  Line  176: [double-quote] 'Passwort wiederholen' → {t.authmodalsegistermodal312}
  Line  139: [double-quote] 'your.email@example.com' → {t.forgotpasswordmodal113}
  Line  153: [single-quote] 'password' → {t.registermodal291}
  Line  147: [double-quote] 'password' → {t.registermodal291}
  Line  152: [double-quote] 'password' → {t.registermodal291}
  Line  189: [double-quote] 'Registrierung läuft...' → {t.registermodal379}
  Line   54: [single-quote] 'Registrierung fehlgeschlagen' → {t.panelsegisterpanel54}
  Line   57: [single-quote] 'Registrierung erfolgreich! Sie können sich jetzt ...' → {t.panelsegisterpanel57}
  Line  154: [double-quote] 'Mindestens 8 Zeichen' → {t.panelsegisterpanel154}
  Line  161: [double-quote] 'Passwort eingeben' → {t.panelsegisterpanel161}
  Line  163: [double-quote] 'Schwach' → {t.panelsegisterpanel162}
  Line  164: [double-quote] 'Mittel' → {t.panelsegisterpanel163}
  Line  168: [double-quote] 'Stark' → {t.panelsegisterpanel164}
  Line  199: [double-quote] 'Bereits ein Konto? Anmelden' → {t.panelsegisterpanel198}

resources/js/Components/Panels/SchemaTranslationPanel.tsx:
  Line  505: [single-quote] 'Translation failed' → {t.autotranslatecontroller83}
  Line  649: [single-quote] 'Field' → {t.translationexportcontroller51}
  Line  641: [single-quote] 'Table' → {t.translationexportcontroller78}
  Line  385: [single-quote] 'No project selected' → {t.databaseexportmodal344}
  Line  289: [single-quote] 'Not authenticated' → {t.applicationsmodal66}
  Line  342: [single-quote] 'Not authenticated' → {t.applicationsmodal66}
  Line  459: [single-quote] 'Not authenticated' → {t.applicationsmodal66}
  Line  952: [double-quote] 'Cancel' → {t.applicationsmodal432}
  Line 1037: [double-quote] 'Cancel' → {t.applicationsmodal432}
  Line 1198: [double-quote] 'Cancel' → {t.applicationsmodal432}
  Line  281: [single-quote] 'Please select at least one language' → {t.databasemanagementpanel221}
  Line  303: [single-quote] 'Failed to export translations' → {t.databasemanagementpanel245}
  Line  317: [single-quote] 'Translations exported successfully' → {t.databasemanagementpanel259}
  Line  364: [single-quote] 'Failed to import translations' → {t.databasemanagementpanel294}
  Line 1045: [double-quote] 'Import Translations' → {t.databasemanagementpanel893}
  Line  909: [double-quote] 'Export Translations to Excel' → {t.databasemanagementpanel1229}
  Line  940: [double-quote] 'Select languages to export' → {t.databasemanagementpanel1257}
  Line  958: [double-quote] 'Export to Excel' → {t.databasemanagementpanel1280}
  Line  972: [double-quote] 'Import Translations from Excel' → {t.databasemanagementpanel1292}
  Line 1009: [double-quote] 'Choose Excel File' → {t.databasemanagementpanel1324}
  Line  803: [double-quote] 'Expand All' → {t.panelt1791}
  Line  813: [double-quote] 'Collapse All' → {t.panelt1798}
  Line  319: [single-quote] 'Unknown error' → {t.schematranslationpanel319}
  Line  377: [single-quote] 'Unknown error' → {t.schematranslationpanel319}
  Line  481: [single-quote] 'Unknown error' → {t.schematranslationpanel319}
  Line  334: [single-quote] 'Please select a file and at least one language' → {t.schematranslationpanel334}
  Line  449: [single-quote] 'Please select at least one target language' → {t.schematranslationpanel449}
  Line  702: [double-quote] '>No translations found for ' → {t.schematranslationpanel701}
  Line  756: [double-quote] 'Export' → {t.schematranslationpanel753}
  Line  766: [double-quote] 'Import' → {t.schematranslationpanel762}
  Line 1078: [single-quote] 'Auto-Translate' → {t.schematranslationpanel771}
  Line  775: [double-quote] 'Auto-Translate' → {t.schematranslationpanel771}
  Line 1027: [double-quote] 'Select languages to import' → {t.schematranslationpanel1022}
  Line 1062: [double-quote] 'Auto-Translate with Google Translate' → {t.schematranslationpanel1056}
  Line 1080: [single-quote] 'All tables and fields with the source language wil...' → {t.schematranslationpanel1078}
  Line 1082: [single-quote] 'Select the source language (must already be filled...' → {t.schematranslationpanel1079}
  Line 1092: [double-quote] 'translateAll' → {t.schematranslationpanel1090}
  Line 1104: [double-quote] 'translateAll' → {t.schematranslationpanel1090}
  Line 1152: [double-quote] 'Select target languages' → {t.schematranslationpanel1148}
  Line 1207: [double-quote] 'Translate Now' → {t.schematranslationpanel1205}
  Line  218: [double-quote] 'warning' → {t.toastcontext46}
  Line  776: [double-quote] 'warning' → {t.toastcontext46}
  Line 1221: [double-quote] 'warning' → {t.toastcontext46}

resources/js/Components/Panels/SystemSettingsPanel.tsx:
  Line   67: [single-quote] 'Settings updated successfully!' → {t.systemsettingspanel67}
  Line  117: [double-quote] 'Enter Google Translate API key...' → {t.systemsettingspanel117}
  Line  148: [single-quote] 'Please enter Premium price' → {t.systemsettingspanel148}
  Line  149: [single-quote] 'Price must be positive' → {t.systemsettingspanel149}
  Line  181: [single-quote] 'Price must be positive' → {t.systemsettingspanel149}
  Line  213: [single-quote] 'Price must be positive' → {t.systemsettingspanel149}
  Line  157: [double-quote] 'USD' → {t.systemsettingspanel157}
  Line  189: [double-quote] 'USD' → {t.systemsettingspanel157}
  Line  221: [double-quote] 'USD' → {t.systemsettingspanel157}
  Line  180: [single-quote] 'Please enter Business price' → {t.systemsettingspanel180}
  Line  212: [single-quote] 'Please enter Patron minimum price' → {t.systemsettingspanel212}
  Line  243: [double-quote] 'Reset' → {t.systemsettingspanel242}
  Line  252: [double-quote] 'Save Settings' → {t.systemsettingspanel251}

resources/js/Components/Panels/TeamManagementPanel.tsx:
  Line  316: [single-quote] 'Unknown' → {t.testprojectschemas50}
  Line  259: [single-quote] 'Team created successfully' → {t.teamcontroller117}
  Line  259: [single-quote] 'Team updated successfully' → {t.teamcontroller191}
  Line  227: [single-quote] 'Team deleted successfully' → {t.teamcontroller210}
  Line  212: [single-quote] 'DELETE' → {t.profilemodal305}
  Line  105: [single-quote] 'Not authenticated' → {t.applicationsmodal66}
  Line  143: [single-quote] 'Not authenticated' → {t.applicationsmodal66}
  Line  208: [single-quote] 'Not authenticated' → {t.applicationsmodal66}
  Line  472: [double-quote] 'Status' → {t.applicationsmodal335}
  Line  492: [double-quote] 'Actions' → {t.applicationsmodal354}
  Line  479: [double-quote] 'Projects' → {t.createteammodal117}
  Line  452: [double-quote] 'Team Name' → {t.manageteammodal312}
  Line  459: [double-quote] 'Owner' → {t.manageteammodal320}
  Line  335: [single-quote] 'Inactive' → {t.manageteammodal328}
  Line  227: [single-quote] 'Success' → {t.membermodal323}
  Line  259: [single-quote] 'Success' → {t.membermodal323}
  Line  174: [single-quote] 'Error' → {t.membermodal335}
  Line  240: [single-quote] 'Error' → {t.membermodal335}
  Line  371: [single-quote] 'de-DE' → {t.membermodal509}
  Line  490: [double-quote] 'Created' → {t.databasemanagementpanel861}
  Line  417: [double-quote] 'Team Management' → {t.panelsewnavigationpanel165}
  Line  235: [single-quote] 'teamChanged' → {t.panelt1506}
  Line  267: [single-quote] 'teamChanged' → {t.panelt1506}
  Line  335: [single-quote] 'Active' → {t.templatesStatusActive}
  Line  155: [single-quote] 'Failed to load teams' → {t.projectpanel416}
  Line  175: [single-quote] 'Failed to load teams' → {t.projectpanel416}
  Line  470: [double-quote] 'Members' → {t.projectpanel748}
  Line  200: [single-quote] 'Delete Team' → {t.teammanagementpanel200}
  Line  405: [double-quote] 'Delete Team' → {t.teammanagementpanel200}
  Line  224: [single-quote] 'Failed to delete team' → {t.teammanagementpanel221}
  Line  242: [single-quote] 'Failed to delete team' → {t.teammanagementpanel221}
  Line  279: [double-quote] 'New Team' → {t.teammanagementpanel277}
  Line  293: [double-quote] 'Search teams here...' → {t.teammanagementpanel291}
  Line  392: [double-quote] 'Manage Members' → {t.teammanagementpanel386}
  Line  399: [double-quote] 'Edit Team' → {t.teammanagementpanel394}
  Line  444: [double-quote] 'No teams found' → {t.teammanagementpanel439}

resources/js/Components/Panels/TeamsPanel.tsx:
  Line  544: [single-quote] 'Unknown' → {t.testprojectschemas50}
  Line  705: [single-quote] 'Unknown' → {t.testprojectschemas50}
  Line  368: [single-quote] 'DELETE' → {t.profilemodal305}
  Line   91: [single-quote] 'Not authenticated' → {t.applicationsmodal66}
  Line  182: [single-quote] 'Not authenticated' → {t.applicationsmodal66}
  Line  227: [single-quote] 'Not authenticated' → {t.applicationsmodal66}
  Line  270: [single-quote] 'Not authenticated' → {t.applicationsmodal66}
  Line  364: [single-quote] 'Not authenticated' → {t.applicationsmodal66}
  Line  723: [double-quote] 'Status' → {t.applicationsmodal335}
  Line  700: [double-quote] 'Description' → {t.createteammodal103}
  Line  698: [double-quote] 'Team Name' → {t.manageteammodal312}
  Line  457: [single-quote] 'Project' → {t.manageteammodal316}
  Line  457: [single-quote] 'Project' → {t.manageteammodal316}
  Line  703: [double-quote] 'Owner' → {t.manageteammodal320}
  Line  731: [single-quote] 'Inactive' → {t.manageteammodal328}
  Line  738: [single-quote] 'de-DE' → {t.membermodal509}
  Line  735: [double-quote] 'Created' → {t.databasemanagementpanel861}
  Line  457: [double-quote] 'Teams Assignment' → {t.panelsewnavigationpanel170}
  Line  347: [single-quote] 'teamChanged' → {t.panelt1506}
  Line  422: [single-quote] 'teamChanged' → {t.panelt1506}
  Line  564: [double-quote] 'Remove from project' → {t.templatesRemoveFromProject}
  Line  676: [double-quote] 'Remove from project' → {t.templatesRemoveFromProject}
  Line  731: [single-quote] 'Active' → {t.templatesStatusActive}
  Line  610: [double-quote] 'Clear Selection' → {t.templatesClearSelection}
  Line  750: [double-quote] 'Clear Selection' → {t.templatesClearSelection}
  Line  238: [single-quote] 'Failed to load teams' → {t.projectpanel416}
  Line  714: [double-quote] 'Members' → {t.projectpanel748}
  Line  633: [double-quote] 'No teams found' → {t.teammanagementpanel439}
  Line  128: [single-quote] 'Error loading data' → {t.teamspanel128}
  Line  172: [single-quote] 'Error loading project teams' → {t.teamspanel172}
  Line  193: [single-quote] 'Failed to load projects' → {t.teamspanel193}
  Line  199: [single-quote] 'Error loading projects' → {t.teamspanel199}
  Line  255: [single-quote] 'Error loading teams' → {t.teamspanel255}
  Line  295: [single-quote] 'Failed to assign teams' → {t.teamspanel295}
  Line  350: [single-quote] 'Error assigning teams' → {t.teamspanel350}
  Line  425: [single-quote] 'Error removing team' → {t.teamspanel425}
  Line  457: [double-quote] 'Project Teams' → {t.teamspanel457}
  Line  487: [double-quote] 'Search projects or teams...' → {t.teamspanel487}
  Line  553: [single-quote] 'Unassigned' → {t.teamspanel552}

resources/js/Components/Panels/TeamsPanel_Old.tsx:
  Line  192: [single-quote] 'Failed to accept invitation' → {t.projectinvitationcontroller150}
  Line  216: [single-quote] 'Failed to decline invitation' → {t.projectinvitationcontroller179}
  Line  147: [single-quote] 'An error occurred' → {t.authmodalsegistermodal109}
  Line  272: [single-quote] 'Invitations' → {t.projectpanel815}
  Line   97: [single-quote] 'No authentication token found' → {t.teamspanel_old97}
  Line  270: [single-quote] 'Owned Teams' → {t.teamspanel_old270}
  Line  271: [single-quote] 'Member Of' → {t.teamspanel_old271}

resources/js/Components/Panels/TemplateDbSchemaDependenciesPanel.tsx:
  Line  346: [single-quote] 'Failed to load template dependencies' → {t.templatecontroller717}
  Line  350: [single-quote] 'Failed to load template dependencies' → {t.templatecontroller717}
  Line  372: [single-quote] 'Failed to remove dependency' → {t.templatecontroller827}
  Line  376: [single-quote] 'Failed to remove dependency' → {t.templatecontroller827}
  Line  505: [single-quote] 'System' → {t.ultimatetemplatecontroller301}
  Line  504: [single-quote] 'All' → {t.templatecontroller22}
  Line  123: [single-quote] 'DB schema dependency added successfully' → {t.templatecontroller585}
  Line  363: [single-quote] 'DELETE' → {t.profilemodal305}
  Line  578: [double-quote] 'Database Schema' → {t.databaseexportmodal325}
  Line  584: [double-quote] 'Status' → {t.applicationsmodal335}
  Line  541: [double-quote] 'Actions' → {t.applicationsmodal354}
  Line  589: [double-quote] 'Actions' → {t.applicationsmodal354}
  Line  242: [double-quote] 'Cancel' → {t.applicationsmodal432}
  Line  507: [single-quote] 'Project' → {t.manageteammodal316}
  Line  390: [double-quote] 'Inactive' → {t.manageteammodal328}
  Line  507: [single-quote] 'Public' → {t.databasemanagementpanel772}
  Line  560: [double-quote] 'Add' → {t.filemodal340}
  Line  324: [single-quote] 'Failed to load templates' → {t.panelt390}
  Line  518: [double-quote] 'Search templates...' → {t.templatesSearchPlaceholder}
  Line  102: [single-quote] 'Failed to load DB schemas' → {t.templatedbschemadependenciespanel102}
  Line  128: [single-quote] 'Failed to add dependency' → {t.templatedbschemadependenciespanel128}
  Line  132: [single-quote] 'Failed to add dependency' → {t.templatedbschemadependenciespanel128}
  Line  164: [single-quote] 'Please select a database schema' → {t.templatedbschemadependenciespanel164}
  Line  177: [double-quote] 'Select a database schema' → {t.templatedbschemadependenciespanel176}
  Line  231: [double-quote] 'Enter an alias for this DB schema in the template' → {t.templatedbschemadependenciespanel231}
  Line  249: [double-quote] 'Add Dependency' → {t.templatedbschemadependenciespanel248}
  Line  368: [single-quote] 'Dependency removed successfully' → {t.templatedbschemadependenciespanel367}
  Line  405: [double-quote] 'View Only' → {t.templatedbschemadependenciespanel404}
  Line  410: [double-quote] 'You can only edit your own templates' → {t.templatedbschemadependenciespanel405}
  Line  420: [double-quote] 'Manage' → {t.templatedbschemadependenciespanel415}
  Line  443: [double-quote] 'Required' → {t.templatedbschemadependenciespanel440}
  Line  444: [double-quote] 'Optional' → {t.templatedbschemadependenciespanel442}
  Line  466: [double-quote] 'Read-only template' → {t.templatedbschemadependenciespanel457}
  Line  478: [double-quote] 'Remove Dependency' → {t.templatedbschemadependenciespanel469}
  Line  533: [double-quote] 'No templates available' → {t.templatedbschemadependenciespanel527}
  Line  542: [double-quote] 'Template' → {t.templatedbschemadependenciespanel536}
  Line  577: [double-quote] 'No DB schema dependencies' → {t.templatedbschemadependenciespanel570}
  Line  190: [single-quote] 'warning' → {t.toastcontext46}
  Line  430: [single-quote] 'warning' → {t.toastcontext46}

resources/js/Components/Panels/TemplateFileManager.tsx:
  Line  116: [single-quote] 'Datei erfolgreich gelöscht' → {t.templatecontroller936}
  Line  227: [double-quote] 'Schließen' → {t.authmodalsesetpasswordmodal162}
  Line  243: [double-quote] 'Name' → {t.registermodal236}
  Line  108: [single-quote] 'Aktualisieren' → {t.applicationsmodal313}
  Line  369: [single-quote] 'Aktualisieren' → {t.applicationsmodal313}
  Line  247: [double-quote] 'Aktionen' → {t.applicationsmodal354}
  Line  244: [double-quote] 'Typ' → {t.edittablemodal512}
  Line  108: [single-quote] 'Erstellen' → {t.teammodal240}
  Line  370: [single-quote] 'Erstellen' → {t.teammodal240}
  Line  195: [double-quote] 'Bearbeiten' → {t.cmsadminpanel170}
  Line  206: [double-quote] 'Löschen' → {t.cmsadminpanel178}
  Line  273: [single-quote] 'Bitte Dateinamen eingeben!' → {t.filemodal130}
  Line  295: [single-quote] 'Bitte Typ auswählen!' → {t.filemodal153}
  Line  342: [single-quote] 'Bitte Dateiinhalt eingeben!' → {t.filemodal232}
  Line  120: [single-quote] 'Fehler beim Löschen der Datei' → {t.templatefilemanager120}
  Line  131: [single-quote] 'Fehler beim Verschieben der Datei' → {t.templatefilemanager131}
  Line  137: [single-quote] 'Sind Sie sicher, dass Sie diese Datei löschen mö...' → {t.templatefilemanager137}
  Line  137: [single-quote] 'Datei löschen?' → {t.templatefilemanager138}
  Line  141: [single-quote] 'Nein' → {t.templatefilemanager142}
  Line  175: [double-quote] 'Nach oben' → {t.templatefilemanager175}
  Line  185: [double-quote] 'Nach unten' → {t.templatefilemanager185}
  Line  221: [double-quote] 'Neue Datei' → {t.templatefilemanager220}
  Line  243: [double-quote] 'Keine Dateien vorhanden' → {t.templatefilemanager241}
  Line  246: [double-quote] 'Reihenfolge' → {t.templatefilemanager245}
  Line  247: [double-quote] 'Größe' → {t.templatefilemanager246}
  Line  255: [single-quote] 'Neue Datei erstellen' → {t.templatefilemanager252}
  Line  279: [double-quote] 'e.g., Model.php, component.tsx' → {t.templatefilemanager276}
  Line  349: [double-quote] 'Template-Code hier eingeben...' → {t.templatefilemanager347}
  Line  364: [double-quote] 'Abbrechen' → {t.templatefilemanager361}

resources/js/Components/Panels/TemplateManagementPanel.tsx:
  Line  286: [single-quote] 'Template erfolgreich geklont' → {t.templatecontroller649}
  Line  977: [single-quote] 'System' → {t.ultimatetemplatecontroller301}
  Line  859: [single-quote] 'Keine Beschreibung' → {t.schemaexportcontroller226}
  Line   96: [single-quote] 'All' → {t.templatecontroller22}
  Line  113: [single-quote] 'All' → {t.templatecontroller22}
  Line  673: [double-quote] 'Name' → {t.registermodal236}
  Line  335: [single-quote] 'Aktualisieren' → {t.applicationsmodal313}
  Line  712: [double-quote] 'Status' → {t.applicationsmodal335}
  Line  749: [double-quote] 'Aktionen' → {t.applicationsmodal354}
  Line  723: [double-quote] 'Typ' → {t.edittablemodal512}
  Line  718: [single-quote] 'Inaktiv' → {t.manageteammodal328}
  Line  747: [single-quote] 'de-DE' → {t.membermodal509}
  Line  336: [single-quote] 'Erstellen' → {t.teammodal240}
  Line  767: [double-quote] 'Bearbeiten' → {t.cmsadminpanel170}
  Line  686: [double-quote] 'Sprache' → {t.cmsadminpanel245}
  Line  340: [double-quote] 'Speichern' → {t.cmsadminpanel279}
  Line  740: [single-quote] 'Private' → {t.databasemanagementpanel771}
  Line  739: [single-quote] 'Public' → {t.databasemanagementpanel772}
  Line  746: [double-quote] 'Erstellt' → {t.databasemanagementpanel861}
  Line  136: [double-quote] 'Template Verwaltung' → {t.panelsewnavigationpanel188}
  Line  614: [double-quote] 'Template Verwaltung' → {t.panelsewnavigationpanel188}
  Line  115: [single-quote] 'Database' → {t.panelsewnavigationpanel223}
  Line  789: [double-quote] 'Aktivieren' → {t.languagemanagementpanel251}
  Line  669: [double-quote] 'RowsPerPageDropdown FirstPageLink PrevPageLink Cur...' → {t.languagemanagementpanel317}
  Line  113: [single-quote] 'Web' → {t.panelt3296}
  Line  114: [single-quote] 'Mobile' → {t.panelt3297}
  Line  114: [single-quote] 'API' → {t.panelt3298}
  Line  115: [single-quote] 'Desktop' → {t.panelt3299}
  Line  649: [double-quote] 'Templates suchen...' → {t.templatesSearchPlaceholder}
  Line  668: [double-quote] 'Keine Templates gefunden' → {t.templatesNoTemplatesFound}
  Line  657: [double-quote] 'Kategorie' → {t.templatesColumnCategory}
  Line  677: [double-quote] 'Kategorie' → {t.templatesColumnCategory}
  Line  720: [single-quote] 'Aktiv' → {t.templatesStatusActive}
  Line  762: [double-quote] 'Anzeigen' → {t.publicprojectspanel378}
  Line  626: [double-quote] 'Import' → {t.schematranslationpanel762}
  Line  521: [single-quote] 'Fehler beim Löschen der Datei' → {t.templatefilemanager120}
  Line  440: [single-quote] 'Abbrechen' → {t.templatefilemanager361}
  Line  115: [single-quote] 'Static File' → {t.templatemanagementpanel115}
  Line  117: [single-quote] 'Static directory as ZIP archive' → {t.templatemanagementpanel116}
  Line  118: [single-quote] 'Project-specific file with placeholders' → {t.templatemanagementpanel117}
  Line  118: [single-quote] 'DB Table File' → {t.templatemanagementpanel118}
  Line  120: [single-quote] 'Project-specific file with language support' → {t.templatemanagementpanel119}
  Line  124: [single-quote] 'File per database table with language support' → {t.templatemanagementpanel120}
  Line  151: [single-quote] 'Fehler beim Laden der Templates. Bitte zuerst einl...' → {t.templatemanagementpanel150}
  Line  204: [single-quote] 'Fehler beim Laden der Template-Details' → {t.templatemanagementpanel202}
  Line  216: [single-quote] 'Fehler beim endgültigen Löschen des Templates' → {t.templatemanagementpanel216}
  Line  230: [single-quote] 'Fehler beim Ändern des Template-Status' → {t.templatemanagementpanel230}
  Line  291: [single-quote] 'Fehler beim Klonen des Templates' → {t.templatemanagementpanel291}
  Line  359: [single-quote] 'Template erfolgreich gespeichert' → {t.templatemanagementpanel359}
  Line  395: [single-quote] 'Fehler beim Speichern des Templates' → {t.templatemanagementpanel395}
  Line  410: [single-quote] 'Template erfolgreich importiert' → {t.templatemanagementpanel410}
  Line  413: [single-quote] 'Fehler beim Importieren des Templates' → {t.templatemanagementpanel413}
  Line  441: [single-quote] 'Fehler beim Importieren des Templates' → {t.templatemanagementpanel413}
  Line  419: [single-quote] 'Ein Template mit diesem Namen existiert bereits. M...' → {t.templatemanagementpanel419}
  Line  419: [single-quote] 'Template existiert bereits' → {t.templatemanagementpanel420}
  Line  428: [single-quote] 'Template erfolgreich importiert und überschrieben' → {t.templatemanagementpanel428}
  Line  432: [single-quote] 'Fehler beim Überschreiben des Templates' → {t.templatemanagementpanel433}
  Line  463: [single-quote] 'Template erfolgreich exportiert' → {t.templatemanagementpanel464}
  Line  464: [single-quote] 'Fehler beim Exportieren des Templates' → {t.templatemanagementpanel467}
  Line  483: [single-quote] 'Kein Template ausgewählt' → {t.templatemanagementpanel485}
  Line  525: [single-quote] 'Kein Template ausgewählt' → {t.templatemanagementpanel485}
  Line  595: [single-quote] 'hinzugefügt' → {t.templatemanagementpanel595}
  Line  595: [single-quote] 'Fehler beim Speichern der Datei' → {t.templatemanagementpanel597}
  Line  617: [double-quote] 'Neues Template' → {t.templatemanagementpanel618}
  Line  693: [double-quote] 'Tags' → {t.templatemanagementpanel693}
  Line  706: [double-quote] 'Dateien' → {t.templatemanagementpanel706}
  Line  775: [double-quote] 'Exportieren' → {t.templatemanagementpanel771}
  Line  782: [double-quote] 'Klonen' → {t.templatemanagementpanel777}
  Line  794: [single-quote] 'Template endgültig löschen? Diese Aktion kann ni...' → {t.templatemanagementpanel791}
  Line  799: [double-quote] 'Endgültig löschen' → {t.templatemanagementpanel795}
  Line  943: [double-quote] 'Template-Name eingeben...' → {t.templatemanagementpanel939}
  Line  876: [double-quote] 'warning' → {t.toastcontext46}

resources/js/Components/Panels/TemplateModal.tsx:
  Line  235: [single-quote] 'All' → {t.templatecontroller22}
  Line  502: [single-quote] 'Aktualisieren' → {t.applicationsmodal313}
  Line  504: [single-quote] 'Erstellen' → {t.teammodal240}
  Line  492: [single-quote] 'Speichern' → {t.cmsadminpanel279}
  Line  318: [single-quote] 'Private' → {t.databasemanagementpanel771}
  Line  317: [single-quote] 'Public' → {t.databasemanagementpanel772}
  Line  104: [single-quote] 'visibility' → {t.templatemanagementpanel961}
  Line  301: [double-quote] 'visibility' → {t.templatemanagementpanel961}
  Line  306: [double-quote] 'visibility' → {t.templatemanagementpanel961}
  Line  311: [double-quote] 'visibility' → {t.templatemanagementpanel961}
  Line  147: [single-quote] 'Neues Template erstellen' → {t.templatemodal147}
  Line  166: [single-quote] 'Bitte Template-Name eingeben!' → {t.templatemodal166}
  Line  206: [double-quote] 'Template Beschreibung (optional)' → {t.templatemodal206}
  Line  226: [single-quote] 'Bitte Kategorie auswählen!' → {t.templatemodal226}
  Line  254: [single-quote] 'Bitte Sprache eingeben!' → {t.templatemodal254}
  Line  259: [double-quote] 'e.g., PHP, JavaScript, TypeScript' → {t.templatemodal259}
  Line  290: [double-quote] 'Tags hinzufügen (Enter drücken)' → {t.templatemodal290}
  Line  307: [single-quote] 'Bitte Sichtbarkeit auswählen!' → {t.templatemodal307}
  Line  321: [double-quote] 'Sichtbarkeit wählen' → {t.templatemodal320}
  Line  450: [double-quote] 'Datei hinzufügen' → {t.templatemodal449}
  Line  504: [single-quote] 'Keine Änderungen' → {t.templatemodal502}

resources/js/Components/SqlImportModal.tsx:
  Line  129: [single-quote] 'SQL script is required' → {t.sqlparsercontroller29}
  Line   76: [single-quote] 'Failed to load schemas' → {t.databaseexportmodal71}
  Line  106: [single-quote] 'No project selected. Please select a project first...' → {t.databaseexportmodal169}
  Line  138: [single-quote] 'No project selected' → {t.databaseexportmodal344}
  Line  301: [single-quote] 'No project selected' → {t.databaseexportmodal344}
  Line   65: [single-quote] 'Not authenticated' → {t.applicationsmodal66}
  Line   87: [single-quote] 'Error loading schemas' → {t.databasemanagementpanel152}
  Line  154: [single-quote] 'Authentication required' → {t.panelt2405}
  Line  144: [single-quote] 'No schema selected' → {t.panelt21133}
  Line  134: [single-quote] 'Please select a target schema' → {t.sqlimportmodal134}
  Line  177: [single-quote] 'Failed to import SQL' → {t.sqlimportmodal177}
  Line  203: [single-quote] 'Import failed' → {t.sqlimportmodal203}
  Line  209: [double-quote] '📥 Import SQL Schema' → {t.sqlimportmodal211}
  Line  301: [single-quote] 'No editable schemas in project' → {t.sqlimportmodal301}
  Line  312: [double-quote] 'Brief description...' → {t.sqlimportmodal313}
  Line  327: [double-quote] 'Paste your SQL CREATE TABLE statements here...' → {t.sqlimportmodal328}
  Line  420: [single-quote] '📥 Import Schema' → {t.sqlimportmodal423}

resources/js/Components/TopBar.tsx:
  Line   98: [double-quote] 'Select Project' → {t.teammodal146}
  Line  102: [double-quote] 'No projects found' → {t.panelt1813}
  Line   57: [single-quote] 'applicationsUpdated' → {t.topbar57}
  Line   60: [single-quote] 'applicationsUpdated' → {t.topbar57}
  Line   70: [double-quote] 'Scoriet' → {t.topbar71}
  Line  122: [single-quote] 'openApplicationsModal' → {t.topbar122}

resources/js/Components/Utils/FontProvider.tsx:
  Line   16: [single-quote] 'instrumentSans' → {t.fontprovider16}
  Line   29: [single-quote] 'instrumentSans' → {t.fontprovider16}

resources/js/Components/VersionConfirmationModal.tsx:
  Line   19: [single-quote] 'Current' → {t.profilemodal640}
  Line   93: [double-quote] 'Save as new version' → {t.versionconfirmationmodal93}

resources/js/contexts/ProjectContext.tsx:
  Line  196: [single-quote] 'useProject must be used within a ProjectProvider' → {t.projectcontext196}

resources/js/contexts/ToastContext.tsx:
  Line   19: [single-quote] 'Erfolg' → {t.membermodal323}
  Line   29: [single-quote] 'Fehler' → {t.membermodal335}
  Line   47: [single-quote] 'Warnung' → {t.membermodal348}
  Line   38: [single-quote] 'Info' → {t.toastcontext37}
  Line   63: [single-quote] 'useToast must be used within a ToastProvider' → {t.toastcontext63}

resources/js/pages/CMSPage.tsx:
  Line   45: [single-quote] 'languageChanged' → {t.loginmodal46}
  Line  423: [double-quote] 'Free' → {t.planmodal43}
  Line  462: [double-quote] 'Choose Premium' → {t.planmodal71}
  Line  501: [double-quote] 'Choose Business' → {t.planmodal89}
  Line  412: [double-quote] 'Choose Your Plan' → {t.planmodal116}
  Line  473: [double-quote] 'MOST POPULAR' → {t.planmodal143}
  Line  542: [double-quote] 'Become Patron' → {t.profilemodal680}
  Line  208: [double-quote] 'Home' → {t.projectsettingspanel522}
  Line  194: [double-quote] 'BETA' → {t.cmspage194}

resources/js/pages/EmailVerification.tsx:
  Line   13: [double-quote] 'E-Mail bestätigen - Scoriet' → {t.emailverification13}

resources/js/pages/Index.tsx:
  Line  556: [single-quote] 'Login' → {t.loginmodal212}
  Line  763: [single-quote] 'Project Settings' → {t.editprojectmodal227}
  Line  476: [single-quote] 'Teams' → {t.joincodemodal247}
  Line  711: [single-quote] 'Code Generation Test Panel' → {t.codegenerationpanel327}
  Line  333: [single-quote] 'Database Management' → {t.databasemanagementpanel798}
  Line  626: [single-quote] 'Database Management' → {t.databasemanagementpanel798}
  Line  690: [single-quote] '🔧 Debug Manual Generator' → {t.debugmanualgeneratorpanel1259}
  Line  836: [single-quote] '🔧 Debug Manual Generator' → {t.debugmanualgeneratorpanel1259}
  Line  400: [single-quote] 'Welcome' → {t.panelsewnavigationpanel120}
  Line  497: [single-quote] 'Project Management' → {t.panelsewnavigationpanel133}
  Line  427: [single-quote] 'Templates' → {t.panelsewnavigationpanel184}
  Line  293: [single-quote] 'Template Verwaltung' → {t.panelsewnavigationpanel188}
  Line  592: [single-quote] 'Template Verwaltung' → {t.panelsewnavigationpanel188}
  Line  510: [single-quote] 'My Applications' → {t.panelsewnavigationpanel211}
  Line  524: [single-quote] 'Public Projects' → {t.panelsewnavigationpanel216}
  Line  741: [single-quote] 'Schema Translation' → {t.panelsewnavigationpanel238}
  Line  378: [single-quote] 'Debug Manual Generator' → {t.panelsewnavigationpanel263}
  Line  755: [single-quote] 'System Settings' → {t.panelsewnavigationpanel285}
  Line  728: [single-quote] 'Language Management' → {t.panelsewnavigationpanel290}
  Line  783: [single-quote] 'CMS Admin' → {t.panelsewnavigationpanel298}
  Line  679: [single-quote] 'Template - DB Schema Dependencies' → {t.templatedbschemadependenciespanel483}
  Line 1641: [single-quote] 'openApplicationsModal' → {t.topbar122}
  Line 1645: [single-quote] 'openApplicationsModal' → {t.topbar122}
  Line  258: [single-quote] 'Team Verwaltung' → {t.index258}
  Line  665: [single-quote] 'Team Verwaltung' → {t.index258}
  Line  265: [single-quote] 'card custom' → {t.index265}
  Line  305: [single-quote] 'card custom' → {t.index265}
  Line  347: [single-quote] 'card custom' → {t.index265}
  Line  392: [single-quote] 'card custom' → {t.index265}
  Line  411: [single-quote] 'card custom' → {t.index265}
  Line  424: [single-quote] 'card custom' → {t.index265}
  Line  438: [single-quote] 'card custom' → {t.index265}
  Line  450: [single-quote] 'card custom' → {t.index265}
  Line  494: [single-quote] 'card custom' → {t.index265}
  Line  508: [single-quote] 'card custom' → {t.index265}
  Line  521: [single-quote] 'card custom' → {t.index265}
  Line  534: [single-quote] 'card custom' → {t.index265}
  Line  557: [single-quote] 'card custom' → {t.index265}
  Line  568: [single-quote] 'card custom' → {t.index265}
  Line  603: [single-quote] 'card custom' → {t.index265}
  Line  638: [single-quote] 'card custom' → {t.index265}
  Line  676: [single-quote] 'card custom' → {t.index265}
  Line  689: [single-quote] 'card custom' → {t.index265}
  Line  712: [single-quote] 'card custom' → {t.index265}
  Line  725: [single-quote] 'card custom' → {t.index265}
  Line  738: [single-quote] 'card custom' → {t.index265}
  Line  752: [single-quote] 'card custom' → {t.index265}
  Line  765: [single-quote] 'card custom' → {t.index265}
  Line  778: [single-quote] 'card custom' → {t.index265}
  Line  792: [single-quote] 'card custom' → {t.index265}
  Line  807: [single-quote] 'card custom' → {t.index265}
  Line  859: [single-quote] 'card custom' → {t.index265}
  Line  874: [single-quote] 'card custom' → {t.index265}
  Line  893: [single-quote] 'card custom' → {t.index265}
  Line  910: [single-quote] 'card custom' → {t.index265}
  Line  936: [single-quote] 'card custom' → {t.index265}
  Line  953: [single-quote] 'card custom' → {t.index265}
  Line 1400: [single-quote] 'card custom' → {t.index265}
  Line 1508: [single-quote] 'card custom' → {t.index265}
  Line 1554: [single-quote] 'card custom' → {t.index265}
  Line 1577: [single-quote] 'card custom' → {t.index265}
  Line  414: [single-quote] 'Database Designer' → {t.index413}
  Line  441: [single-quote] 'Database Explorer' → {t.index439}
  Line  538: [single-quote] 'Protect' → {t.index534}
  Line  796: [single-quote] 'Auth Modal' → {t.index792}
  Line 1426: [double-quote] 'Close All Tabs' → {t.index1415}
  Line 1626: [single-quote] 'openApplicationsModalInPanel' → {t.index1621}
  Line 1764: [single-quote] 'Clear saved layout and reset to default?' → {t.index1759}
  Line 1773: [single-quote] 'Layout was copied to clipboard!' → {t.index1771}
  Line 1788: [single-quote] 'Layout was copied to clipboard!' → {t.index1771}
  Line 1790: [single-quote] 'See console for manual copying.' → {t.index1788}
  Line 1851: [single-quote] 'INPUT' → {t.index1851}
  Line 1856: [single-quote] 'Removal of this tab is rejected!' → {t.index1856}
  Line 1928: [double-quote] 'Scoriet - Enterprise Code Generator' → {t.index1928}
  Line 2058: [single-quote] 'Registration Successful' → {t.index2058}

resources/js/pages/LandingPage.tsx:
  Line   69: [single-quote] 'EUR' → {t.app48}
  Line  514: [single-quote] 'Free' → {t.planmodal43}
  Line  594: [single-quote] 'Free' → {t.planmodal43}
  Line  748: [single-quote] 'Free' → {t.planmodal43}
  Line  764: [single-quote] 'Free' → {t.planmodal43}
  Line  765: [single-quote] 'Free' → {t.planmodal43}
  Line  767: [single-quote] 'Free' → {t.planmodal43}
  Line  769: [single-quote] 'Free' → {t.planmodal43}
  Line  727: [double-quote] 'Free' → {t.planmodal43}
  Line  152: [double-quote] 'Perfect for personal projects' → {t.planmodal46}
  Line  153: [double-quote] 'Up to 3 projects' → {t.planmodal48}
  Line  154: [double-quote] 'Basic templates' → {t.planmodal49}
  Line  155: [double-quote] 'SQL schema parsing' → {t.planmodal50}
  Line  156: [double-quote] 'Community support' → {t.planmodal51}
  Line  764: [single-quote] 'Current Plan' → {t.planmodal53}
  Line  167: [double-quote] 'Best for professional developers' → {t.planmodal62}
  Line  168: [double-quote] 'Unlimited projects' → {t.planmodal64}
  Line  169: [double-quote] 'Advanced templates' → {t.planmodal65}
  Line  170: [double-quote] 'Custom template creation' → {t.planmodal66}
  Line  171: [double-quote] 'Priority support' → {t.planmodal67}
  Line  172: [double-quote] 'Advanced SQL features' → {t.planmodal68}
  Line  172: [double-quote] 'Team collaboration' → {t.planmodal69}
  Line  178: [double-quote] 'Business' → {t.planmodal76}
  Line  185: [double-quote] 'Best for teams and agencies' → {t.planmodal80}
  Line  185: [double-quote] 'All Premium features' → {t.planmodal82}
  Line  186: [double-quote] 'Team collaboration tools' → {t.planmodal83}
  Line  186: [double-quote] 'Google Translate API integration' → {t.planmodal84}
  Line  187: [double-quote] 'Advanced analytics' → {t.planmodal85}
  Line  188: [double-quote] 'Priority support with SLA' → {t.planmodal86}
  Line  189: [double-quote] 'Custom branding options' → {t.planmodal87}
  Line  197: [double-quote] 'Support the community' → {t.planmodal97}
  Line  200: [double-quote] 'All Business features' → {t.planmodal99}
  Line  201: [double-quote] 'Early access to features' → {t.planmodal100}
  Line  201: [double-quote] 'Influence development' → {t.planmodal101}
  Line  202: [double-quote] 'Community Discord access' → {t.planmodal102}
  Line  203: [double-quote] 'Custom amount (€5-50+)' → {t.planmodal103}
  Line  707: [double-quote] 'Choose Your Plan' → {t.planmodal116}
  Line  475: [double-quote] 'MOST POPULAR' → {t.planmodal143}
  Line  585: [double-quote] 'MOST POPULAR' → {t.planmodal143}
  Line  739: [double-quote] 'MOST POPULAR' → {t.planmodal143}
  Line  591: [single-quote] 'Custom' → {t.planmodal151}
  Line  746: [single-quote] 'Custom' → {t.planmodal151}
  Line  570: [single-quote] 'User' → {t.projectmembersmodal270}
  Line  331: [double-quote] 'BETA' → {t.cmspage194}
  Line  275: [double-quote] 'Scoriet - Enterprise Code Generator' → {t.index1928}
  Line  798: [single-quote] 'Registration Successful' → {t.index2058}
  Line  110: [single-quote] 'Error loading user data:' → {t.landingpage110}
  Line  190: [double-quote] 'Go Business' → {t.landingpage195}
  Line  300: [double-quote] 'Welcome Tab' → {t.landingpage304}
  Line  303: [double-quote] 'openHomeOnStart' → {t.landingpage307}
  Line  307: [double-quote] 'openHomeOnStart' → {t.landingpage307}
  Line  476: [double-quote] 'px-3 py-1' → {t.landingpage479}
  Line  483: [single-quote] 'Patreon' → {t.landingpage486}

resources/js/pages/ProjectInvitationResponse.tsx:
  Line  374: [single-quote] 'Invitation declined' → {t.projectinvitationcontroller358}
  Line  138: [single-quote] 'Passwords do not match' → {t.authmodalsegistermodal58}
  Line  453: [double-quote] 'password' → {t.registermodal291}
  Line  456: [double-quote] 'password' → {t.registermodal291}
  Line  481: [double-quote] 'Cancel' → {t.applicationsmodal432}
  Line  133: [single-quote] 'Please fill in all required fields' → {t.cmsadminpanel106}
  Line  167: [single-quote] 'Registration failed' → {t.panelsegisterpanel54}
  Line   70: [single-quote] 'Invalid or expired invitation' → {t.projectinvitationresponse70}
  Line   77: [single-quote] 'Failed to load invitation' → {t.projectinvitationresponse77}
  Line  161: [single-quote] 'Registration successful! Please check your email t...' → {t.projectinvitationresponse161}
  Line  170: [single-quote] 'Error during registration' → {t.projectinvitationresponse170}
  Line  233: [single-quote] 'Decline' → {t.projectinvitationresponse233}
  Line  307: [double-quote] '🚀 Create Account & Join Project' → {t.projectinvitationresponse307}
  Line  334: [double-quote] '✅ Accept Invitation' → {t.projectinvitationresponse334}
  Line  348: [double-quote] '❌ Decline Invitation' → {t.projectinvitationresponse348}
  Line  373: [single-quote] 'Welcome to the team!' → {t.projectinvitationresponse373}
  Line  379: [single-quote] 'You can now access the project and start collabora...' → {t.projectinvitationresponse379}
  Line  379: [single-quote] 'The project owner has been notified of your decisi...' → {t.projectinvitationresponse380}
  Line  385: [double-quote] 'Go to Scoriet App' → {t.projectinvitationresponse386}
  Line  406: [double-quote] 'Create Your Scoriet Account' → {t.projectinvitationresponse407}
  Line  432: [double-quote] 'johndoe' → {t.projectinvitationresponse433}
  Line  458: [double-quote] 'Enter your password' → {t.projectinvitationresponse458}
  Line  472: [double-quote] 'Confirm your password' → {t.projectinvitationresponse471}
  Line  488: [double-quote] 'Create Account' → {t.projectinvitationresponse487}

app/Console/Commands/DebugSchemas.php:
  Line   22: [single-quote] 'Debug all schemas and their tables' → __('debugschemas22')
  Line   29: [double-quote] '🔍 Debugging all schemas and tables' → __('debugschemas29')
  Line   36: [double-quote] 'Found ' → __('debugschemas38')

app/Console/Commands/DemoReset.php:
  Line   16: [single-quote] 'demo:reset {--backup : Create backup before reset}' → __('demoreset16')
  Line   22: [single-quote] 'Reset demo database to initial state with fresh de...' → __('demoreset23')
  Line   30: [single-quote] 'Demo reset can only be run in local or demo enviro...' → __('demoreset31')
  Line   31: [single-quote] '🚀 Starting Demo Database Reset...' → __('demoreset35')
  Line   38: [single-quote] '✅ Demo database has been reset successfully!' → __('demoreset45')
  Line   45: [single-quote] '📦 Creating database backup...' → __('demoreset53')
  Line   57: [single-quote] 'Y-m-d_H-i-s' → __('demoreset60')
  Line   62: [single-quote] '🗄️ Dropping all tables...' → __('demoreset70')
  Line   83: [single-quote] '🔄 Running migrations...' → __('demoreset89')
  Line   86: [single-quote] '🌱 Seeding demo data...' → __('demoreset92')

app/Console/Commands/FixTemplateFilePaths.php:
  Line   23: [single-quote] 'Fix empty file_path values in template_files table' → __('fixtemplatefilepaths23')
  Line   29: [single-quote] 'Checking for template files with empty file_path.....' → __('fixtemplatefilepaths30')
  Line   45: [single-quote] 'All template files already have file_path values!' → __('fixtemplatefilepaths46')
  Line   46: [single-quote] 'Fixing empty file_path values...' → __('fixtemplatefilepaths50')

app/Console/Commands/TestObservers.php:
  Line   28: [single-quote] 'Test observer functionality by triggering various ...' → __('testobservers28')
  Line   35: [single-quote] '🧪 Testing Observer Functionality' → __('testobservers37')
  Line   69: [single-quote] '✅ Observer test completed!' → __('testobservers71')
  Line   71: [single-quote] 'Check the logs for detailed observer activity.' → __('testobservers72')
  Line   82: [single-quote] 'Test template for observer functionality' → __('testobservers83')
  Line   96: [double-quote] 'Hello World' → __('testobservers98')
  Line   99: [double-quote] '✅ Added file to template' → __('testobservers103')
  Line  103: [single-quote] 'Updated description' → __('testobservers106')
  Line  105: [double-quote] '✅ Updated template' → __('testobservers107')
  Line  107: [double-quote] '✅ Deleted template' → __('testobservers111')
  Line  110: [double-quote] '❌ Template observer test failed: ' → __('testobservers114')
  Line  124: [single-quote] 'Test template for file observer' → __('testobservers126')
  Line  137: [double-quote] 'Test File' → __('testobservers139')
  Line  144: [double-quote] 'Updated Content' → __('testobservers147')
  Line  146: [double-quote] '✅ Updated template file' → __('testobservers148')
  Line  148: [double-quote] '✅ Deleted template file' → __('testobservers152')
  Line  152: [double-quote] '❌ TemplateFile observer test failed: ' → __('testobservers158')
  Line  181: [single-quote] 'Test version for observer' → __('testobservers183')
  Line  187: [double-quote] '✅ Deleted schema version' → __('testobservers191')
  Line  189: [double-quote] '❌ SchemaVersion observer test failed: ' → __('testobservers194')
  Line  215: [single-quote] 'Test table for observer' → __('testobservers218')
  Line  221: [single-quote] 'Updated comment' → __('testobservers227')
  Line  224: [double-quote] '✅ Updated schema table' → __('testobservers228')
  Line  227: [double-quote] '✅ Deleted schema table' → __('testobservers232')
  Line  228: [double-quote] '❌ SchemaTable observer test failed: ' → __('testobservers235')
  Line  241: [double-quote] '⚠️ No template found' → __('testobservers247')
  Line  259: [double-quote] '✅ Updated project template usage' → __('testobservers264')
  Line  263: [double-quote] '✅ Deactivated project template usage' → __('testobservers268')
  Line  264: [double-quote] '✅ Deleted project template usage' → __('testobservers272')
  Line  267: [double-quote] '❌ ProjectTemplateUsage observer test failed: ' → __('testobservers275')
  Line   82: [single-quote] 'Web' → __('panelt3296')
  Line  125: [single-quote] 'Web' → __('panelt3296')
  Line   85: [single-quote] 'visibility' → __('templatemanagementpanel961')
  Line  127: [single-quote] 'visibility' → __('templatemanagementpanel961')

app/Console/Commands/TestProjectSchemas.php:
  Line   23: [single-quote] 'Test schema connections for a project' → __('testprojectschemas23')
  Line   37: [double-quote] 'All available schemas: ' → __('testprojectschemas37')
  Line   50: [single-quote] 'Unknown' → __('testprojectschemas50')
  Line   59: [single-quote] 'Unknown' → __('testprojectschemas50')

app/Console/Commands/TestTreeGenerator.php:
  Line   55: [single-quote] 'Unknown' → __('testprojectschemas50')
  Line   25: [single-quote] 'Test ProjectFileTreeGenerator functionality' → __('testtreegenerator25')
  Line   34: [single-quote] '🌳 Testing ProjectFileTreeGenerator' → __('testtreegenerator34')
  Line   50: [double-quote] 'Active template usages: ' → __('testtreegenerator52')
  Line   81: [double-quote] '    Children: ' → __('testtreegenerator81')
  Line   95: [double-quote] '    No children!' → __('testtreegenerator95')
  Line  102: [double-quote] 'Tree data items: ' → __('testtreegenerator102')
  Line  103: [single-quote] 'Yes' → __('languagemanagementpanel124')

app/Console/Commands/TestTreeUpdate.php:
  Line   23: [single-quote] 'Test tree update for a project' → __('testtreeupdate23')
  Line   45: [double-quote] 'Tree has ' → __('testtreeupdate45')

app/Http/Controllers/Admin/PageController.php:
  Line   50: [single-quote] 'A page with this slug already exists for the selec...' → __('pagecontroller50')
  Line   89: [single-quote] 'Page deleted successfully.' → __('pagecontroller89')

app/Http/Controllers/Api/AutoTranslateController.php:
  Line   36: [single-quote] 'Project not found' → __('autotranslatecontroller36')
  Line   41: [single-quote] 'Unauthorized' → __('autotranslatecontroller41')
  Line   49: [single-quote] 'Google Translate API key not configured for this p...' → __('autotranslatecontroller49')
  Line   54: [single-quote] 'Auto-translate request' → __('autotranslatecontroller57')
  Line   71: [single-quote] 'Google Translate API response' → __('autotranslatecontroller74')
  Line   83: [single-quote] 'Translation failed' → __('autotranslatecontroller83')
  Line   91: [single-quote] 'translatedText' → __('autotranslatecontroller91')
  Line   94: [single-quote] 'translatedText' → __('autotranslatecontroller91')
  Line   99: [single-quote] 'No translation returned' → __('autotranslatecontroller99')
  Line  114: [single-quote] 'Translation failed for all languages' → __('autotranslatecontroller114')

app/Http/Controllers/Api/LanguageController.php:
  Line   17: [single-quote] 'Unauthorized. System admin access required.' → __('languagecontroller17')
  Line  102: [single-quote] 'Language deleted successfully.' → __('languagecontroller102')

app/Http/Controllers/Api/ProjectController.php:
  Line  649: [single-quote] 'Project not found' → __('autotranslatecontroller36')
  Line  675: [single-quote] 'Project not found' → __('autotranslatecontroller36')
  Line  724: [single-quote] 'Project not found' → __('autotranslatecontroller36')
  Line  230: [single-quote] 'Unauthorized' → __('autotranslatecontroller41')
  Line  246: [single-quote] 'Unauthorized' → __('autotranslatecontroller41')
  Line  361: [single-quote] 'Unauthorized' → __('autotranslatecontroller41')
  Line  377: [single-quote] 'Unauthorized' → __('autotranslatecontroller41')
  Line  392: [single-quote] 'Unauthorized' → __('autotranslatecontroller41')
  Line  407: [single-quote] 'Unauthorized' → __('autotranslatecontroller41')
  Line  429: [single-quote] 'Unauthorized' → __('autotranslatecontroller41')
  Line  451: [single-quote] 'Unauthorized' → __('autotranslatecontroller41')
  Line  523: [single-quote] 'Unauthorized' → __('autotranslatecontroller41')
  Line  566: [single-quote] 'Unauthorized' → __('autotranslatecontroller41')
  Line  592: [single-quote] 'Unauthorized' → __('autotranslatecontroller41')
  Line  626: [single-quote] 'Unauthorized' → __('autotranslatecontroller41')
  Line  864: [single-quote] 'Unauthorized' → __('autotranslatecontroller41')
  Line  893: [single-quote] 'Unauthorized' → __('autotranslatecontroller41')
  Line  910: [single-quote] 'Unauthorized' → __('autotranslatecontroller41')
  Line 1003: [single-quote] 'Unauthorized' → __('autotranslatecontroller41')
  Line 1029: [single-quote] 'Unauthorized' → __('autotranslatecontroller41')
  Line  155: [single-quote] 'Private Projekte sind nur für Premium-User verfü...' → __('projectcontroller155')
  Line  187: [single-quote] 'd.m.Y' → __('projectcontroller187')
  Line  188: [single-quote] 'H:i:s' → __('projectcontroller188')
  Line  190: [single-quote] 'Europe/Vienna' → __('projectcontroller190')
  Line  294: [single-quote] 'Only the project owner can transfer ownership' → __('projectcontroller294')
  Line  300: [single-quote] 'New owner must be a project member' → __('projectcontroller300')
  Line  368: [single-quote] 'Project deactivated successfully' → __('projectcontroller367')
  Line  386: [single-quote] 'Project permanently deleted' → __('projectcontroller382')
  Line  401: [single-quote] 'Project restored successfully' → __('projectcontroller397')
  Line  544: [single-quote] 'Some teams do not belong to you' → __('projectcontroller540')
  Line  562: [single-quote] 'Teams assigned successfully' → __('projectcontroller556')
  Line  575: [single-quote] 'Team does not belong to you' → __('projectcontroller571')
  Line  580: [single-quote] 'Team is not assigned to this project' → __('projectcontroller576')
  Line  588: [single-quote] 'Team removed from project successfully' → __('projectcontroller582')
  Line  609: [single-quote] 'Schema not found' → __('projectcontroller605')
  Line  614: [single-quote] 'Schema is already associated with this project' → __('projectcontroller610')
  Line  622: [single-quote] 'Schema associated successfully' → __('projectcontroller616')
  Line  635: [single-quote] 'Schema is not associated with this project' → __('projectcontroller631')
  Line  641: [single-quote] 'Schema association removed successfully' → __('projectcontroller637')
  Line  782: [single-quote] 'Insufficient permissions' → __('projectcontroller778')
  Line  792: [single-quote] 'User is not a member of this project' → __('projectcontroller788')
  Line  843: [single-quote] 'User is not a member of this project' → __('projectcontroller788')
  Line  797: [single-quote] 'Cannot remove project owner' → __('projectcontroller793')
  Line  801: [single-quote] 'Only project owner can remove admins' → __('projectcontroller798')
  Line  818: [single-quote] 'Member removed successfully from project and all a...' → __('projectcontroller814')
  Line  828: [single-quote] 'Only project owner can change member roles' → __('projectcontroller828')
  Line  844: [single-quote] 'Cannot change owner role' → __('projectcontroller844')
  Line  849: [single-quote] 'Member role updated successfully' → __('projectcontroller849')
  Line  876: [single-quote] 'Project settings updated successfully' → __('projectcontroller876')
  Line 1034: [single-quote] 'Generation tree made regenerated successfully' → __('projectcontroller1033')
  Line  190: [single-quote] '€' → __('editprojectmodal602')
  Line  181: [single-quote] 'index.php' → __('projectpanel1128')

app/Http/Controllers/Api/ProjectGenerationTreeController.php:
  Line   23: [single-quote] 'No generation tree found for this project' → __('projectgenerationtreecontroller23')
  Line   61: [single-quote] 'No generation tree found for this project' → __('projectgenerationtreecontroller23')

app/Http/Controllers/Api/SchemaController.php:
  Line  345: [single-quote] 'Project not found' → __('autotranslatecontroller36')
  Line  118: [single-quote] 'Schema not found' → __('projectcontroller605')
  Line  372: [single-quote] 'Schema not found' → __('projectcontroller605')
  Line  470: [single-quote] 'Schema not found' → __('projectcontroller605')
  Line  139: [single-quote] 'Unauthorized to edit this schema' → __('schemacontroller139')
  Line  431: [single-quote] 'Unauthorized to edit this schema' → __('schemacontroller139')
  Line  489: [single-quote] 'Unauthorized to edit this schema' → __('schemacontroller139')
  Line  651: [single-quote] 'Unauthorized to edit this schema' → __('schemacontroller139')
  Line  827: [single-quote] 'Unauthorized to edit this schema' → __('schemacontroller139')
  Line  885: [single-quote] 'Unauthorized to edit this schema' → __('schemacontroller139')
  Line 1030: [single-quote] 'Unauthorized to edit this schema' → __('schemacontroller139')
  Line 1048: [single-quote] 'Unauthorized to edit this schema' → __('schemacontroller139')
  Line 1087: [single-quote] 'Unauthorized to edit this schema' → __('schemacontroller139')
  Line 1256: [single-quote] 'Unauthorized to edit this schema' → __('schemacontroller139')
  Line 1365: [single-quote] 'Unauthorized to edit this schema' → __('schemacontroller139')
  Line 1468: [single-quote] 'Unauthorized to edit this schema' → __('schemacontroller139')
  Line  173: [double-quote] '🚨 DELETE REQUEST RECEIVED' → __('schemacontroller173')
  Line  191: [single-quote] 'Unauthorized to delete this schema' → __('schemacontroller191')
  Line  215: [double-quote] '🗑️ Starting schema deletion' → __('schemacontroller215')
  Line  225: [double-quote] '🔥 Pre-emptive project association removal' → __('schemacontroller226')
  Line  232: [double-quote] '✅ Eloquent detach completed' → __('schemacontroller233')
  Line  234: [double-quote] '⚠️ Eloquent detach failed: ' → __('schemacontroller235')
  Line  246: [double-quote] '🔍 Deletion scope' → __('schemacontroller248')
  Line  301: [double-quote] '✅ Force-removed remaining project associations' → __('schemacontroller302')
  Line  305: [double-quote] '✅ Removed schema itself' → __('schemacontroller307')
  Line  307: [double-quote] '🎉 Schema deletion completed successfully' → __('schemacontroller310')
  Line  312: [single-quote] 'Schema and all related data deleted successfully' → __('schemacontroller316')
  Line  319: [double-quote] '❌ Schema deletion failed' → __('schemacontroller323')
  Line  326: [single-quote] 'Failed to delete schema' → __('schemacontroller330')
  Line  391: [single-quote] 'Schema version not found' → __('schemacontroller393')
  Line 1179: [single-quote] 'Schema version not found' → __('schemacontroller393')
  Line  446: [single-quote] 'Layout saved successfully' → __('schemacontroller450')
  Line  450: [single-quote] 'Layout save error: ' → __('schemacontroller452')
  Line  451: [single-quote] 'Stack trace: ' → __('schemacontroller453')
  Line  453: [single-quote] 'Failed to save layout' → __('schemacontroller455')
  Line  510: [single-quote] 'CreateTable Request Data:' → __('schemacontroller514')
  Line  612: [single-quote] 'Table created successfully' → __('schemacontroller617')
  Line  618: [single-quote] 'CreateTable Exception:' → __('schemacontroller622')
  Line  655: [single-quote] 'Table does not belong to this schema version' → __('schemacontroller657')
  Line  831: [single-quote] 'Table does not belong to this schema version' → __('schemacontroller657')
  Line  888: [single-quote] 'Table does not belong to this schema version' → __('schemacontroller657')
  Line  679: [single-quote] 'UpdateTable Request Data:' → __('schemacontroller684')
  Line  798: [single-quote] 'Table updated successfully' → __('schemacontroller804')
  Line  805: [single-quote] 'Failed to update table' → __('schemacontroller810')
  Line  837: [single-quote] 'Table deleted successfully' → __('schemacontroller840')
  Line  849: [double-quote] '🚨 ROUTE MODEL BINDING DEBUG: Method entry' → __('schemacontroller854')
  Line  875: [single-quote] 'This action requires a floating schema' → __('schemacontroller880')
  Line 1242: [single-quote] 'This action requires a floating schema' → __('schemacontroller880')
  Line 1351: [single-quote] 'This action requires a floating schema' → __('schemacontroller880')
  Line 1453: [single-quote] 'This action requires a floating schema' → __('schemacontroller880')
  Line  888: [double-quote] '🔍 API CALLED: deleteTableWithVersionCopy' → __('schemacontroller894')
  Line  905: [double-quote] '🔍 CRITICAL VERIFICATION: Checking table ownersh...' → __('schemacontroller911')
  Line  919: [double-quote] '🔍 DOUBLE CHECK: Table lookup by ID in version' → __('schemacontroller924')
  Line  931: [double-quote] '✅ New version created' → __('schemacontroller938')
  Line  935: [double-quote] '🔍 BEFORE: Looking for table to delete in new ve...' → __('schemacontroller944')
  Line  946: [double-quote] '🔍 AFTER: Table lookup result in new version' → __('schemacontroller953')
  Line  960: [double-quote] '❌ Table not found in new version' → __('schemacontroller966')
  Line  967: [double-quote] '🗑️ ABOUT TO DELETE: Final confirmation before...' → __('schemacontroller974')
  Line  981: [double-quote] '🗑️ Table relationships before deletion' → __('schemacontroller990')
  Line  988: [double-quote] '✅ Table deletion completed' → __('schemacontroller999')
  Line  997: [double-quote] '✅ Table deleted successfully from new version' → __('schemacontroller1006')
  Line 1000: [single-quote] 'New version created and table deleted' → __('schemacontroller1010')
  Line 1113: [single-quote] 'A table with this name already exists in this sche...' → __('schemacontroller1125')
  Line 1146: [single-quote] 'New version created with table successfully' → __('schemacontroller1158')
  Line 1149: [single-quote] 'Failed to create version and table' → __('schemacontroller1165')
  Line 1246: [single-quote] 'Only foreign key constraints can be deleted with t...' → __('schemacontroller1261')
  Line 1271: [single-quote] 'Failed to find table in new version' → __('schemacontroller1284')
  Line 1374: [single-quote] 'Failed to find table in new version' → __('schemacontroller1284')
  Line 1471: [single-quote] 'Failed to find table in new version' → __('schemacontroller1284')
  Line 1281: [single-quote] 'Failed to find constraint in new version' → __('schemacontroller1293')
  Line 1381: [single-quote] 'Failed to find constraint in new version' → __('schemacontroller1293')
  Line 1284: [single-quote] 'New version created and foreign key deleted' → __('schemacontroller1301')
  Line 1297: [single-quote] 'Foreign key deleted successfully' → __('schemacontroller1314')
  Line 1302: [single-quote] 'Constraint not found' → __('schemacontroller1320')
  Line 1407: [single-quote] 'Constraint not found' → __('schemacontroller1320')
  Line 1304: [single-quote] 'Delete FK Error:' → __('schemacontroller1322')
  Line 1310: [single-quote] 'Failed to delete foreign key' → __('schemacontroller1328')
  Line 1351: [single-quote] 'Only foreign key constraints can be updated with t...' → __('schemacontroller1370')
  Line 1386: [single-quote] 'New version created and foreign key updated' → __('schemacontroller1404')
  Line 1396: [single-quote] 'Foreign key updated successfully' → __('schemacontroller1416')
  Line 1402: [single-quote] 'Validation failed' → __('schemacontroller1422')
  Line 1489: [single-quote] 'Validation failed' → __('schemacontroller1422')
  Line 1408: [single-quote] 'Update FK Error:' → __('schemacontroller1428')
  Line 1414: [single-quote] 'Failed to update foreign key' → __('schemacontroller1434')
  Line 1475: [single-quote] 'New version created and foreign key created' → __('schemacontroller1493')
  Line 1485: [single-quote] 'Foreign key created successfully' → __('schemacontroller1505')
  Line 1494: [single-quote] 'Table not found' → __('schemacontroller1515')
  Line 1496: [single-quote] 'Create FK Error:' → __('schemacontroller1517')
  Line 1501: [single-quote] 'Failed to create foreign key' → __('schemacontroller1523')
  Line  398: [single-quote] 'constraints.constraintColumns.field' → __('ultimatetemplatecontroller151')
  Line  410: [single-quote] 'field_name' → __('createtablemodal398')
  Line  534: [single-quote] 'field_name' → __('createtablemodal398')
  Line  566: [single-quote] 'field_name' → __('createtablemodal398')
  Line  708: [single-quote] 'field_name' → __('createtablemodal398')
  Line  746: [single-quote] 'field_name' → __('createtablemodal398')
  Line 1131: [single-quote] 'field_name' → __('createtablemodal398')
  Line  627: [single-quote] 'Failed to create table' → __('panelt2745')
  Line   38: [single-quote] 'visibility' → __('templatemanagementpanel961')
  Line   91: [single-quote] 'visibility' → __('templatemanagementpanel961')
  Line  152: [single-quote] 'visibility' → __('templatemanagementpanel961')
  Line  352: [single-quote] 'visibility' → __('templatemanagementpanel961')

app/Http/Controllers/Api/SchemaTranslationController.php:
  Line  188: [single-quote] 'Unknown' → __('testprojectschemas50')
  Line   71: [single-quote] 'Translation already exists for this item and langu...' → __('schematranslationcontroller71')
  Line  102: [single-quote] 'Translation already exists for this item and langu...' → __('schematranslationcontroller71')
  Line  115: [single-quote] 'Translation deleted successfully.' → __('schematranslationcontroller115')
  Line  143: [single-quote] 'Project not found or access denied' → __('schematranslationcontroller144')
  Line  263: [single-quote] 'Translations updated successfully.' → __('schematranslationcontroller263')
  Line  191: [single-quote] 'field_name' → __('createtablemodal398')

app/Http/Controllers/Api/SettingsController.php:
  Line   16: [single-quote] 'Unauthorized. System admin access required.' → __('languagecontroller17')
  Line   49: [single-quote] 'Settings updated successfully' → __('settingscontroller49')

app/Http/Controllers/Api/TemplateController.php:
  Line  288: [single-quote] 'Project not found' → __('autotranslatecontroller36')
  Line   29: [single-quote] 'Unauthorized' → __('autotranslatecontroller41')
  Line  170: [single-quote] 'Unauthorized' → __('autotranslatecontroller41')
  Line  333: [single-quote] 'Unauthorized' → __('autotranslatecontroller41')
  Line  422: [single-quote] 'Unauthorized' → __('autotranslatecontroller41')
  Line  437: [single-quote] 'Unauthorized' → __('autotranslatecontroller41')
  Line  841: [single-quote] 'Unauthorized' → __('autotranslatecontroller41')
  Line  856: [single-quote] 'Unauthorized' → __('autotranslatecontroller41')
  Line  892: [single-quote] 'Unauthorized' → __('autotranslatecontroller41')
  Line  927: [single-quote] 'Unauthorized' → __('autotranslatecontroller41')
  Line  752: [single-quote] 'Validation failed' → __('schemacontroller1422')
  Line   92: [single-quote] 'Unauthorized to access this project' → __('templatecontroller92')
  Line  141: [single-quote] 'Unauthorized to access this project' → __('templatecontroller92')
  Line  245: [single-quote] 'Unauthorized to access this project' → __('templatecontroller92')
  Line  298: [single-quote] 'Unauthorized to access this project' → __('templatecontroller92')
  Line   96: [single-quote] 'Cannot use this template' → __('templatecontroller96')
  Line  101: [single-quote] 'Template is already used by this project' → __('templatecontroller101')
  Line  108: [single-quote] 'Template linked successfully' → __('templatecontroller108')
  Line  145: [single-quote] 'Cannot clone this template' → __('templatecontroller145')
  Line  156: [single-quote] 'Template cloned successfully' → __('templatecontroller156')
  Line  292: [single-quote] 'Template not found' → __('templatecontroller292')
  Line  307: [single-quote] 'Template is not assigned to this project' → __('templatecontroller307')
  Line  313: [single-quote] 'Template removed from project successfully' → __('templatecontroller314')
  Line  338: [single-quote] 'Template usage removed successfully' → __('templatecontroller338')
  Line  522: [single-quote] 'System-Templates können nicht gelöscht werden' → __('templatecontroller522')
  Line  524: [single-quote] 'Public Templates anderer Benutzer können nicht ge...' → __('templatecontroller524')
  Line  535: [single-quote] 'Template deleted successfully' → __('templatecontroller537')
  Line  549: [single-quote] 'System-Templates können nicht permanent gelöscht...' → __('templatecontroller550')
  Line  551: [single-quote] 'Public Templates anderer Benutzer können nicht pe...' → __('templatecontroller552')
  Line  562: [single-quote] 'Template permanently deleted' → __('templatecontroller567')
  Line  577: [single-quote] 'System-Templates können nicht aktiviert/deaktivie...' → __('templatecontroller580')
  Line  580: [single-quote] 'Public Templates anderer Benutzer können nicht ge...' → __('templatecontroller582')
  Line  584: [single-quote] 'Template deactivated successfully' → __('templatecontroller591')
  Line  642: [single-quote] 'Template erfolgreich geklont' → __('templatecontroller649')
  Line  709: [single-quote] 'Failed to load template dependencies' → __('templatecontroller717')
  Line  736: [single-quote] 'Validation failed for add DB schema dependency' → __('templatecontroller741')
  Line  756: [single-quote] 'Diese Abhängigkeit existiert bereits' → __('templatecontroller763')
  Line  770: [single-quote] 'DB Schema Abhängigkeit erfolgreich hinzugefügt' → __('templatecontroller777')
  Line  774: [single-quote] 'Failed to add DB schema dependency: ' → __('templatecontroller781')
  Line  781: [single-quote] 'Failed to add dependency: ' → __('templatecontroller789')
  Line  807: [single-quote] 'Abhängigkeit nicht gefunden' → __('templatecontroller814')
  Line  812: [single-quote] 'DB Schema Abhängigkeit erfolgreich entfernt' → __('templatecontroller822')
  Line  818: [single-quote] 'Failed to remove dependency' → __('templatecontroller827')
  Line  927: [single-quote] 'File deleted successfully' → __('templatecontroller936')
  Line  946: [double-quote] '🧪 [API-TEMPLATE-QUEUE] Found project IDs: ' → __('templatecontroller954')
  Line  133: [single-quote] 'visibility' → __('templatemanagementpanel961')
  Line  151: [single-quote] 'visibility' → __('templatemanagementpanel961')
  Line  363: [single-quote] 'visibility' → __('templatemanagementpanel961')
  Line  385: [single-quote] 'visibility' → __('templatemanagementpanel961')
  Line  386: [single-quote] 'visibility' → __('templatemanagementpanel961')
  Line  456: [single-quote] 'visibility' → __('templatemanagementpanel961')
  Line  477: [single-quote] 'visibility' → __('templatemanagementpanel961')
  Line  478: [single-quote] 'visibility' → __('templatemanagementpanel961')
  Line  478: [single-quote] 'visibility' → __('templatemanagementpanel961')
  Line  609: [single-quote] 'visibility' → __('templatemanagementpanel961')
  Line  626: [single-quote] 'visibility' → __('templatemanagementpanel961')
  Line  626: [single-quote] 'visibility' → __('templatemanagementpanel961')
  Line  701: [single-quote] 'visibility' → __('templatemanagementpanel961')

app/Http/Controllers/Api/TranslationExportController.php:
  Line  131: [single-quote] 'Y-m-d_H-i-s' → __('demoreset60')
  Line   30: [single-quote] 'Project ID required' → __('translationexportcontroller30')
  Line   34: [single-quote] 'At least one language required' → __('translationexportcontroller34')
  Line   49: [single-quote] 'Translations' → __('translationexportcontroller48')
  Line   52: [single-quote] 'Field' → __('translationexportcontroller51')
  Line  104: [single-quote] 'Field' → __('translationexportcontroller51')
  Line   52: [single-quote] 'Table' → __('translationexportcontroller78')
  Line   79: [single-quote] 'Table' → __('translationexportcontroller78')
  Line  179: [single-quote] 'Import headers:' → __('translationexportcontroller175')
  Line  201: [single-quote] 'Language columns to import:' → __('translationexportcontroller197')
  Line  228: [single-quote] 'Existing tables:' → __('translationexportcontroller223')
  Line  231: [single-quote] 'Existing fields:' → __('translationexportcontroller224')
  Line  336: [single-quote] 'Translation import error:' → __('translationexportcontroller331')
  Line  344: [single-quote] 'Import fehlgeschlagen: ' → __('translationexportcontroller339')
  Line   51: [single-quote] 'Type' → __('edittablemodal512')
  Line   52: [single-quote] 'Database' → __('panelsewnavigationpanel223')

app/Http/Controllers/Api/UltimateTemplateController.php:
  Line  772: [single-quote] 'Y-m-d_H-i-s' → __('demoreset60')
  Line  272: [single-quote] 'Unknown' → __('testprojectschemas50')
  Line  308: [single-quote] 'd.m.Y' → __('projectcontroller187')
  Line  309: [single-quote] 'd.m.Y' → __('projectcontroller187')
  Line  310: [single-quote] 'H:i:s' → __('projectcontroller188')
  Line  310: [single-quote] 'H:i:s' → __('projectcontroller188')
  Line  313: [single-quote] 'Europe/Vienna' → __('projectcontroller190')
  Line  314: [single-quote] 'Europe/Vienna' → __('projectcontroller190')
  Line   42: [single-quote] 'Template not found' → __('templatecontroller292')
  Line  102: [single-quote] 'Ultimate Template Processing failed' → __('ultimatetemplatecontroller102')
  Line  151: [single-quote] 'constraints.constraintColumns.field' → __('ultimatetemplatecontroller151')
  Line  165: [single-quote] 'constraints.constraintColumns.field' → __('ultimatetemplatecontroller151')
  Line  174: [single-quote] 'Demo Schema' → __('ultimatetemplatecontroller174')
  Line  280: [single-quote] 'Demo Schema' → __('ultimatetemplatecontroller174')
  Line  177: [single-quote] 'Demo Database Schema' → __('ultimatetemplatecontroller177')
  Line  281: [single-quote] 'Demo Database Schema' → __('ultimatetemplatecontroller177')
  Line  196: [double-quote] '🌍 Languages Debug: Found ' → __('ultimatetemplatecontroller196')
  Line  218: [single-quote] 'Demo Project' → __('ultimatetemplatecontroller216')
  Line  242: [single-quote] 'Ultimate Scoriet Template Engine' → __('ultimatetemplatecontroller241')
  Line  271: [single-quote] 'Y-m-d H:i:s' → __('ultimatetemplatecontroller270')
  Line  271: [single-quote] 'Y-m-d H:i:s' → __('ultimatetemplatecontroller270')
  Line  272: [single-quote] 'Y-m-d H:i:s' → __('ultimatetemplatecontroller270')
  Line  272: [single-quote] 'Y-m-d H:i:s' → __('ultimatetemplatecontroller270')
  Line  302: [single-quote] 'Y-m-d H:i:s' → __('ultimatetemplatecontroller270')
  Line  274: [single-quote] 'Demo User' → __('ultimatetemplatecontroller272')
  Line  278: [single-quote] 'Demo Scoriet Project' → __('ultimatetemplatecontroller274')
  Line  301: [single-quote] 'General' → __('ultimatetemplatecontroller295')
  Line  307: [single-quote] 'System' → __('ultimatetemplatecontroller301')
  Line  778: [single-quote] 'Y-m-d' → __('ultimatetemplatecontroller770')
  Line  778: [single-quote] 'H-i-s' → __('ultimatetemplatecontroller771')
  Line  815: [double-quote] '🔧 Backend Debug: tableName parameter received: ' → __('ultimatetemplatecontroller804')
  Line  823: [double-quote] '🔧 Backend Debug: gtree count: ' → __('ultimatetemplatecontroller815')
  Line  836: [double-quote] '🔧 Backend Debug: Found table at index $index: ' → __('ultimatetemplatecontroller825')
  Line  842: [double-quote] '🔧 Backend Debug: No tableName parameter provide...' → __('ultimatetemplatecontroller833')
  Line  364: [single-quote] 'field_name' → __('createtablemodal398')
  Line  539: [single-quote] 'field_name' → __('createtablemodal398')
  Line  989: [single-quote] 'field_name' → __('createtablemodal398')
  Line 1046: [single-quote] 'field_name' → __('createtablemodal398')
  Line  784: [single-quote] 'English' → __('editprojectmodal484')
  Line  323: [single-quote] '€' → __('editprojectmodal602')
  Line  324: [single-quote] '€' → __('editprojectmodal602')

app/Http/Controllers/Auth/ConfirmablePasswordController.php:
  Line   30: [single-quote] 'password' → __('registermodal291')
  Line   33: [single-quote] 'password' → __('registermodal291')

app/Http/Controllers/Auth/NewPasswordController.php:
  Line   41: [single-quote] 'password' → __('registermodal291')
  Line   48: [single-quote] 'password' → __('registermodal291')
  Line   51: [single-quote] 'password' → __('registermodal291')

app/Http/Controllers/Auth/PasswordResetLinkController.php:
  Line   39: [single-quote] 'A reset link will be sent if the account exists.' → __('passwordresetlinkcontroller39')

app/Http/Controllers/Auth/RegisteredUserController.php:
  Line   36: [single-quote] 'password' → __('registermodal291')
  Line   42: [single-quote] 'password' → __('registermodal291')

app/Http/Controllers/AuthController.php:
  Line   42: [single-quote] 'Diese E-Mail-Adresse ist bereits registriert. Möc...' → __('authcontroller42')
  Line   43: [single-quote] 'Bitte geben Sie eine gültige E-Mail-Adresse ein.' → __('authcontroller44')
  Line   47: [single-quote] 'Dieser Benutzername ist bereits vergeben. Bitte w�...' → __('authcontroller48')
  Line   52: [single-quote] 'Die Passwörter stimmen nicht überein.' → __('authcontroller54')
  Line   53: [single-quote] 'Das Passwort muss mindestens 8 Zeichen lang sein.' → __('authcontroller56')
  Line   56: [single-quote] 'Bitte geben Sie Ihren Namen ein.' → __('authcontroller59')
  Line   56: [single-quote] 'Bitte überprüfen Sie Ihre Eingaben.' → __('authcontroller61')
  Line   77: [single-quote] 'Registration with invitation token' → __('authcontroller83')
  Line   93: [single-quote] 'Pending invitation found for registration' → __('authcontroller100')
  Line  118: [single-quote] 'Failed to send admin notification: ' → __('authcontroller124')
  Line  121: [single-quote] 'Benutzer erfolgreich registriert. Bitte überprüf...' → __('authcontroller128')
  Line  136: [single-quote] 'Validierungsfehler' → __('authcontroller147')
  Line  232: [single-quote] 'Validierungsfehler' → __('authcontroller147')
  Line  284: [single-quote] 'Validierungsfehler' → __('authcontroller147')
  Line  318: [single-quote] 'Validierungsfehler' → __('authcontroller147')
  Line  454: [single-quote] 'Validierungsfehler' → __('authcontroller147')
  Line  146: [single-quote] 'Login fehlgeschlagen' → __('authcontroller156')
  Line  154: [single-quote] 'E-Mail-Adresse muss vor dem Login bestätigt werde...' → __('authcontroller165')
  Line  173: [single-quote] 'Personal Access Token' → __('authcontroller183')
  Line  366: [single-quote] 'Personal Access Token' → __('authcontroller183')
  Line  380: [single-quote] 'Personal Access Token' → __('authcontroller183')
  Line  178: [single-quote] 'Login erfolgreich' → __('authcontroller190')
  Line  195: [single-quote] 'E-Mail-Adresse nicht gefunden' → __('authcontroller209')
  Line  208: [single-quote] 'Reset-Link wurde gesendet' → __('authcontroller220')
  Line  210: [single-quote] 'Fehler beim Senden des Reset-Links' → __('authcontroller225')
  Line  248: [single-quote] 'Passwort erfolgreich zurückgesetzt' → __('authcontroller260')
  Line  250: [single-quote] 'Fehler beim Zurücksetzen des Passworts' → __('authcontroller265')
  Line  293: [single-quote] 'Profil erfolgreich aktualisiert' → __('authcontroller310')
  Line  324: [single-quote] 'Das aktuelle Passwort ist nicht korrekt' → __('authcontroller337')
  Line  330: [single-quote] 'Passwort erfolgreich geändert' → __('authcontroller346')
  Line  343: [single-quote] 'Ungültiger Bestätigungslink. Der Benutzer existi...' → __('authcontroller359')
  Line  357: [single-quote] 'Ungültiger Bestätigungslink. Der Link ist abgela...' → __('authcontroller367')
  Line  365: [single-quote] 'E-Mail-Adresse bereits bestätigt' → __('authcontroller378')
  Line  422: [single-quote] 'E-Mail-Adresse bereits bestätigt' → __('authcontroller378')
  Line  388: [single-quote] 'Auto-accepting invitation after email verification' → __('authcontroller401')
  Line  400: [single-quote] 'Invitation auto-accepted successfully' → __('authcontroller412')
  Line  403: [single-quote] 'Email address successfully confirmed' → __('authcontroller418')
  Line  412: [single-quote] 'Email confirmation error' → __('authcontroller429')
  Line  423: [single-quote] 'Bestätigungs-E-Mail wurde erneut gesendet' → __('authcontroller449')
  Line  449: [single-quote] 'Das eingegebene Passwort ist nicht korrekt' → __('authcontroller474')
  Line  465: [single-quote] 'Ihr Account wurde erfolgreich gelöscht' → __('authcontroller488')
  Line  471: [single-quote] 'Fehler beim Löschen des Accounts' → __('authcontroller492')
  Line  480: [single-quote] 'Erfolgreich abgemeldet' → __('authcontroller506')
  Line  492: [single-quote] 'Invalid language selection' → __('authcontroller521')
  Line  505: [single-quote] 'Language preference updated successfully' → __('authcontroller532')
  Line  514: [single-quote] 'Failed to update language preference' → __('authcontroller537')
  Line   29: [single-quote] 'password' → __('registermodal291')
  Line   50: [single-quote] 'password' → __('registermodal291')
  Line   50: [single-quote] 'password' → __('registermodal291')
  Line  102: [single-quote] 'password' → __('registermodal291')
  Line  130: [single-quote] 'password' → __('registermodal291')
  Line  141: [single-quote] 'password' → __('registermodal291')
  Line  221: [single-quote] 'password' → __('registermodal291')
  Line  236: [single-quote] 'password' → __('registermodal291')
  Line  241: [single-quote] 'password' → __('registermodal291')
  Line  309: [single-quote] 'password' → __('registermodal291')
  Line  328: [single-quote] 'password' → __('registermodal291')
  Line  435: [single-quote] 'password' → __('registermodal291')

app/Http/Controllers/CustomTokenController.php:
  Line   58: [single-quote] 'E-Mail-Adresse muss vor dem Login bestätigt werde...' → __('authcontroller165')
  Line   51: [single-quote] 'The provided credentials are incorrect.' → __('customtokencontroller51')
  Line   71: [single-quote] 'The provided credentials are incorrect.' → __('customtokencontroller51')
  Line   97: [single-quote] 'OAuth token error: ' → __('customtokencontroller98')
  Line  100: [single-quote] 'An error occurred while processing your request.' → __('customtokencontroller101')
  Line   31: [single-quote] 'password' → __('registermodal291')
  Line   68: [single-quote] 'password' → __('registermodal291')

app/Http/Controllers/DbSchemaController.php:
  Line   77: [single-quote] 'Schema not found' → __('projectcontroller605')
  Line  111: [single-quote] 'Schema not found' → __('projectcontroller605')
  Line  212: [single-quote] 'Dependency not found' → __('templatecontroller814')
  Line   59: [single-quote] 'latestVersion' → __('dbschemacontroller59')
  Line  224: [single-quote] 'latestVersion' → __('dbschemacontroller59')
  Line   66: [single-quote] 'Access denied to this schema' → __('dbschemacontroller66')
  Line   95: [single-quote] 'Access denied to this schema' → __('dbschemacontroller66')
  Line  129: [single-quote] 'Access denied to this schema' → __('dbschemacontroller66')
  Line  145: [single-quote] 'You cannot edit this template' → __('dbschemacontroller145')
  Line  195: [single-quote] 'You cannot edit this template' → __('dbschemacontroller145')
  Line  157: [single-quote] 'Template is already linked to this DB schema' → __('dbschemacontroller157')
  Line  171: [single-quote] 'Template linked to DB schema successfully' → __('dbschemacontroller171')
  Line  207: [single-quote] 'Template unlinked from DB schema successfully' → __('dbschemacontroller207')
  Line  255: [single-quote] 'You can only copy your own schemas' → __('dbschemacontroller256')
  Line  263: [single-quote] 'Cannot copy an empty schema. The source schema mus...' → __('dbschemacontroller264')
  Line  279: [single-quote] 'You already have a schema with this name. Please c...' → __('dbschemacontroller281')
  Line  286: [single-quote] ' (Copy)' → __('dbschemacontroller288')
  Line  302: [single-quote] 'Source schema has no valid versions to copy' → __('dbschemacontroller305')
  Line  307: [single-quote] 'tables.constraints.foreignKeyReference.referenceCo...' → __('dbschemacontroller310')
  Line  313: [single-quote] 'Copied from ' → __('dbschemacontroller317')
  Line  329: [single-quote] 'New schema ID is not set' → __('dbschemacontroller332')
  Line  331: [single-quote] 'New version ID is not set' → __('dbschemacontroller335')
  Line  455: [single-quote] 'Database schema copied successfully' → __('dbschemacontroller460')
  Line  467: [single-quote] 'Failed to copy schema: ' → __('dbschemacontroller472')
  Line  351: [single-quote] 'field_name' → __('createtablemodal398')
  Line  378: [single-quote] 'field_name' → __('createtablemodal398')
  Line  405: [single-quote] 'field_name' → __('createtablemodal398')
  Line  429: [single-quote] 'field_name' → __('createtablemodal398')
  Line   34: [single-quote] 'visibility' → __('templatemanagementpanel961')
  Line  223: [single-quote] 'visibility' → __('templatemanagementpanel961')
  Line  288: [single-quote] 'visibility' → __('templatemanagementpanel961')

app/Http/Controllers/PageController.php:
  Line   46: [single-quote] 'CMSPage' → __('pagecontroller46')
  Line   70: [single-quote] 'CMSPage' → __('pagecontroller46')

app/Http/Controllers/ProjectApplicationController.php:
  Line   24: [single-quote] 'Validierungsfehler' → __('authcontroller147')
  Line  120: [single-quote] 'Validierungsfehler' → __('authcontroller147')
  Line   36: [single-quote] 'Ungültiger Join-Code oder Bewerbungen nicht erlau...' → __('projectapplicationcontroller36')
  Line   49: [single-quote] 'Sie haben bereits eine Bewerbung für dieses Proje...' → __('projectapplicationcontroller49')
  Line   63: [single-quote] 'Bewerbung erfolgreich eingereicht' → __('projectapplicationcontroller64')
  Line   84: [single-quote] 'Keine Berechtigung' → __('projectapplicationcontroller85')
  Line  105: [single-quote] '=== ReviewApplication METHOD CALLED ===' → __('projectapplicationcontroller106')
  Line  117: [single-quote] 'ReviewApplication: Validation failed' → __('projectapplicationcontroller118')
  Line  130: [single-quote] 'applicationId' → __('projectapplicationcontroller130')
  Line  131: [single-quote] 'Application not found' → __('projectapplicationcontroller131')
  Line  137: [single-quote] 'ReviewApplication Debug' → __('projectapplicationcontroller137')
  Line  153: [single-quote] 'ReviewApplication: Permission denied' → __('projectapplicationcontroller153')
  Line  158: [single-quote] 'Keine Berechtigung - Du bist nicht der Projekt-Own...' → __('projectapplicationcontroller158')
  Line  164: [single-quote] 'ReviewApplication: Already reviewed' → __('projectapplicationcontroller164')
  Line  166: [single-quote] 'Diese Bewerbung wurde bereits bearbeitet' → __('projectapplicationcontroller166')
  Line  173: [single-quote] 'Bewerbung wurde angenommen' → __('projectapplicationcontroller173')
  Line  176: [single-quote] 'Bewerbung wurde abgelehnt' → __('projectapplicationcontroller176')
  Line  179: [single-quote] 'ReviewApplication: Success' → __('projectapplicationcontroller179')
  Line  210: [single-quote] 'ProjectApplicationController: getProjectByJoinCode...' → __('projectapplicationcontroller210')
  Line  211: [single-quote] 'joinCode' → __('projectapplicationcontroller211')
  Line  221: [single-quote] 'joinCode' → __('projectapplicationcontroller211')
  Line  220: [single-quote] 'ProjectApplicationController: Project lookup resul...' → __('projectapplicationcontroller220')
  Line  231: [single-quote] 'Ungültiger Join-Code. Bitte überprüfen Sie den ...' → __('projectapplicationcontroller231')
  Line  237: [single-quote] 'Dieses Projekt ist nicht mehr aktiv.' → __('projectapplicationcontroller237')
  Line  243: [single-quote] 'Dieses Projekt akzeptiert derzeit keine Beitrittsa...' → __('projectapplicationcontroller243')

app/Http/Controllers/ProjectInvitationController.php:
  Line   26: [single-quote] 'Unauthorized' → __('autotranslatecontroller41')
  Line  206: [single-quote] 'Unauthorized' → __('autotranslatecontroller41')
  Line  254: [single-quote] 'Unauthorized' → __('autotranslatecontroller41')
  Line   37: [single-quote] 'Validation failed' → __('schemacontroller1422')
  Line   50: [single-quote] 'User is already a member of this project' → __('projectinvitationcontroller50')
  Line   61: [single-quote] 'An invitation has already been sent to this email ...' → __('projectinvitationcontroller61')
  Line   80: [single-quote] 'Failed to send project invitation email' → __('projectinvitationcontroller80')
  Line   88: [single-quote] 'Invitation sent successfully' → __('projectinvitationcontroller88')
  Line   89: [single-quote] 'invitedUser' → __('projectinvitationcontroller89')
  Line  210: [single-quote] 'invitedUser' → __('projectinvitationcontroller89')
  Line  103: [single-quote] 'Invalid invitation token' → __('projectinvitationcontroller103')
  Line  138: [single-quote] 'Invalid invitation token' → __('projectinvitationcontroller103')
  Line  167: [single-quote] 'Invalid invitation token' → __('projectinvitationcontroller103')
  Line  107: [single-quote] 'This invitation has expired' → __('projectinvitationcontroller107')
  Line  114: [single-quote] 'This invitation has expired' → __('projectinvitationcontroller107')
  Line  112: [single-quote] 'This invitation has already been accepted' → __('projectinvitationcontroller112')
  Line  113: [single-quote] 'This invitation has already been declined' → __('projectinvitationcontroller113')
  Line  115: [single-quote] 'This invitation is no longer valid' → __('projectinvitationcontroller115')
  Line  144: [single-quote] 'Invitation is no longer valid' → __('projectinvitationcontroller143')
  Line  173: [single-quote] 'Invitation is no longer valid' → __('projectinvitationcontroller143')
  Line  151: [single-quote] 'Failed to accept invitation' → __('projectinvitationcontroller150')
  Line  327: [single-quote] 'Failed to accept invitation' → __('projectinvitationcontroller150')
  Line  155: [single-quote] 'Invitation accepted successfully' → __('projectinvitationcontroller154')
  Line  336: [single-quote] 'Invitation accepted successfully' → __('projectinvitationcontroller154')
  Line  182: [single-quote] 'Failed to decline invitation' → __('projectinvitationcontroller179')
  Line  188: [single-quote] 'Failed to send decline notification email' → __('projectinvitationcontroller187')
  Line  199: [single-quote] 'Invitation declined successfully' → __('projectinvitationcontroller194')
  Line  242: [single-quote] '=== Cancel Invitation Request ===' → __('projectinvitationcontroller240')
  Line  252: [single-quote] 'Cancel invitation: Unauthorized' → __('projectinvitationcontroller250')
  Line  260: [single-quote] 'Cancel invitation: Wrong project' → __('projectinvitationcontroller258')
  Line  266: [single-quote] 'Invitation does not belong to this project' → __('projectinvitationcontroller262')
  Line  269: [single-quote] 'Cancel invitation: Not pending' → __('projectinvitationcontroller266')
  Line  273: [single-quote] 'Can only cancel pending invitations' → __('projectinvitationcontroller269')
  Line  275: [single-quote] 'Invitation cancelled successfully' → __('projectinvitationcontroller273')
  Line  281: [single-quote] 'Invitation cancelled successfully' → __('projectinvitationcontroller273')
  Line  290: [single-quote] 'No pending invitation' → __('projectinvitationcontroller286')
  Line  303: [single-quote] 'No pending invitation' → __('projectinvitationcontroller286')
  Line  314: [single-quote] 'No pending invitation' → __('projectinvitationcontroller286')
  Line  321: [single-quote] 'No pending invitation' → __('projectinvitationcontroller286')
  Line  348: [single-quote] 'No pending invitation' → __('projectinvitationcontroller286')
  Line  355: [single-quote] 'No pending invitation' → __('projectinvitationcontroller286')
  Line  361: [single-quote] 'Invitation declined' → __('projectinvitationcontroller358')
  Line  143: [single-quote] 'Invitation has expired' → __('teaminvitationcontroller137')

app/Http/Controllers/QueueTestController.php:
  Line  162: [single-quote] 'Project not found' → __('autotranslatecontroller36')
  Line   61: [double-quote] '🧪 [TEST] Starting job dispatch test' → __('queuetestcontroller61')
  Line   65: [single-quote] 'No project found' → __('queuetestcontroller65')
  Line   86: [single-quote] 'Job dispatch failed' → __('queuetestcontroller86')
  Line   89: [double-quote] '🧪 [TEST] Job dispatch failed: ' → __('queuetestcontroller89')
  Line  102: [double-quote] '🧪 [TEST] Starting schema version creation test' → __('queuetestcontroller102')
  Line  106: [single-quote] 'No schema found' → __('queuetestcontroller106')
  Line  116: [single-quote] 'Schema is not connected to any projects' → __('queuetestcontroller116')
  Line  116: [single-quote] 'Connect the schema to a project first using projec...' → __('queuetestcontroller117')
  Line  125: [single-quote] 'Test version for queue testing' → __('queuetestcontroller126')
  Line  142: [single-quote] 'No jobs dispatched' → __('queuetestcontroller142')
  Line  143: [double-quote] '🧪 [TEST] Schema version creation failed: ' → __('queuetestcontroller145')
  Line  180: [single-quote] 'Job manually dispatched successfully' → __('queuetestcontroller181')
  Line  199: [single-quote] 'Log file not found' → __('queuetestcontroller201')
  Line  210: [single-quote] '🧪 [QUEUE-TEST]' → __('queuetestcontroller211')
  Line  211: [single-quote] '🧪 [TEST]' → __('queuetestcontroller212')
  Line  212: [single-quote] '🧪 [MANUAL]' → __('queuetestcontroller213')

app/Http/Controllers/SchemaController.php:
  Line   82: [single-quote] 'Schema not found' → __('projectcontroller605')
  Line  272: [single-quote] 'Schema not found' → __('projectcontroller605')
  Line  373: [single-quote] 'Dependency not found' → __('templatecontroller814')
  Line   71: [single-quote] 'Access denied to this schema' → __('dbschemacontroller66')
  Line  256: [single-quote] 'Access denied to this schema' → __('dbschemacontroller66')
  Line  290: [single-quote] 'Access denied to this schema' → __('dbschemacontroller66')
  Line  306: [single-quote] 'You cannot edit this template' → __('dbschemacontroller145')
  Line  356: [single-quote] 'You cannot edit this template' → __('dbschemacontroller145')
  Line   21: [single-quote] 'templateDependencies.template' → __('schemacontroller21')
  Line   64: [single-quote] 'templateDependencies.template' → __('schemacontroller21')
  Line  384: [single-quote] 'templateDependencies.template' → __('schemacontroller21')
  Line  105: [single-quote] 'You need a premium account to create private schem...' → __('schemacontroller105')
  Line  116: [single-quote] 'You already have a schema with this name' → __('schemacontroller117')
  Line  182: [single-quote] 'You already have a schema with this name' → __('schemacontroller117')
  Line  131: [single-quote] 'Schema created successfully' → __('schemacontroller132')
  Line  154: [single-quote] 'You can only edit your own schemas' → __('schemacontroller155')
  Line  168: [single-quote] 'You need a premium account to make schemas private' → __('schemacontroller169')
  Line  191: [single-quote] 'Schema updated successfully' → __('schemacontroller193')
  Line  213: [single-quote] 'You can only delete your own schemas' → __('schemacontroller216')
  Line  229: [single-quote] 'Schema deleted successfully' → __('schemacontroller234')
  Line  315: [single-quote] 'Template is already linked to this schema' → __('schemacontroller318')
  Line  329: [single-quote] 'Template linked to schema successfully' → __('schemacontroller332')
  Line  361: [single-quote] 'Template unlinked from schema successfully' → __('schemacontroller368')
  Line   29: [single-quote] 'visibility' → __('templatemanagementpanel961')
  Line   30: [single-quote] 'visibility' → __('templatemanagementpanel961')
  Line   98: [single-quote] 'visibility' → __('templatemanagementpanel961')
  Line  102: [single-quote] 'visibility' → __('templatemanagementpanel961')
  Line  124: [single-quote] 'visibility' → __('templatemanagementpanel961')
  Line  124: [single-quote] 'visibility' → __('templatemanagementpanel961')
  Line  160: [single-quote] 'visibility' → __('templatemanagementpanel961')
  Line  165: [single-quote] 'visibility' → __('templatemanagementpanel961')
  Line  165: [single-quote] 'visibility' → __('templatemanagementpanel961')

app/Http/Controllers/SchemaExportController.php:
  Line  418: [single-quote] 'Schema not found' → __('projectcontroller605')
  Line   66: [single-quote] 'constraints.constraintColumns.field' → __('ultimatetemplatecontroller151')
  Line  178: [single-quote] 'constraints.constraintColumns.field' → __('ultimatetemplatecontroller151')
  Line  447: [single-quote] 'constraints.constraintColumns.field' → __('ultimatetemplatecontroller151')
  Line   31: [single-quote] 'Access denied to this schema' → __('dbschemacontroller66')
  Line  144: [single-quote] 'Access denied to this schema' → __('dbschemacontroller66')
  Line  386: [single-quote] 'Access denied to this schema' → __('dbschemacontroller66')
  Line   56: [single-quote] 'No version found for this schema' → __('schemaexportcontroller56')
  Line  169: [single-quote] 'No version found for this schema' → __('schemaexportcontroller56')
  Line  437: [single-quote] 'No version found for this schema' → __('schemaexportcontroller56')
  Line   67: [single-quote] 'constraints.foreignKeyReference.referenceColumns.r...' → __('schemaexportcontroller67')
  Line  178: [single-quote] 'constraints.foreignKeyReference.referenceColumns.r...' → __('schemaexportcontroller67')
  Line  447: [single-quote] 'constraints.foreignKeyReference.referenceColumns.r...' → __('schemaexportcontroller67')
  Line  124: [single-quote] 'Export failed: ' → __('schemaexportcontroller125')
  Line  191: [single-quote] 'No tables found in this schema' → __('schemaexportcontroller193')
  Line  211: [single-quote] 'MySQL export failed: ' → __('schemaexportcontroller213')
  Line  221: [single-quote] '-- MySQL Database Export' → __('schemaexportcontroller224')
  Line  224: [single-quote] '-- Schema: ' → __('schemaexportcontroller225')
  Line  226: [single-quote] 'No description' → __('schemaexportcontroller226')
  Line  226: [single-quote] '-- Version: ' → __('schemaexportcontroller227')
  Line  228: [single-quote] '-- Generated: ' → __('schemaexportcontroller228')
  Line  229: [single-quote] '-- Table count: ' → __('schemaexportcontroller229')
  Line  237: [single-quote] '-- Table: ' → __('schemaexportcontroller237')
  Line  239: [single-quote] '-- Comment: ' → __('schemaexportcontroller239')
  Line  284: [double-quote] 'Constraint count: ' → __('schemaexportcontroller284')
  Line  287: [double-quote] 'ConstraintColumns count: ' → __('schemaexportcontroller287')
  Line  295: [single-quote] 'PRIMARY' → __('schemaexportcontroller293')
  Line  341: [single-quote] ' ON DELETE ' → __('schemaexportcontroller339')
  Line  368: [single-quote] '-- Export completed successfully' → __('schemaexportcontroller367')
  Line  373: [single-quote] '-- Total tables exported: ' → __('schemaexportcontroller368')
  Line  408: [single-quote] 'Failed to get table count: ' → __('schemaexportcontroller402')
  Line  472: [single-quote] 'Schema relationship investigation - DEEP DIVE' → __('schemaexportcontroller471')
  Line  483: [single-quote] 'Schema → schema_versions → schema_tables (via ...' → __('schemaexportcontroller483')
  Line  484: [single-quote] 'NULL (not used in this system)' → __('schemaexportcontroller484')
  Line  489: [single-quote] 'Debug failed: ' → __('schemaexportcontroller489')
  Line   84: [single-quote] 'field_name' → __('createtablemodal398')
  Line  100: [single-quote] 'field_name' → __('createtablemodal398')

app/Http/Controllers/Settings/PasswordController.php:
  Line   30: [single-quote] 'password' → __('registermodal291')
  Line   34: [single-quote] 'password' → __('registermodal291')
  Line   34: [single-quote] 'password' → __('registermodal291')

app/Http/Controllers/Settings/ProfileController.php:
  Line   49: [single-quote] 'password' → __('registermodal291')

app/Http/Controllers/SqlParserController.php:
  Line   89: [single-quote] 'Schema not found' → __('projectcontroller605')
  Line  320: [single-quote] 'Schema version not found' → __('schemacontroller393')
  Line  361: [single-quote] 'Schema version not found' → __('schemacontroller393')
  Line   29: [single-quote] 'SQL script is required' → __('sqlparsercontroller29')
  Line   72: [single-quote] 'SQL script is required' → __('sqlparsercontroller29')
  Line  395: [single-quote] 'SQL script is required' → __('sqlparsercontroller29')
  Line   79: [single-quote] 'Schema ID is required' → __('sqlparsercontroller79')
  Line   98: [single-quote] 'You do not have permission to edit this schema' → __('sqlparsercontroller98')
  Line  151: [single-quote] 'SQL Import failed' → __('sqlparsercontroller151')
  Line  165: [single-quote] 'Syntax Error' → __('sqlparsercontroller165')
  Line  171: [single-quote] 'Unsupported Feature' → __('sqlparsercontroller171')
  Line  172: [single-quote] 'This SQL feature is not yet supported by our parse...' → __('sqlparsercontroller172')
  Line  177: [single-quote] 'Table/Column Error' → __('sqlparsercontroller177')
  Line  178: [single-quote] 'Please check table and column definitions for corr...' → __('sqlparsercontroller178')
  Line  181: [single-quote] 'Parsing Error' → __('sqlparsercontroller182')
  Line  235: [double-quote] '🐛 Breaking change debug' → __('sqlparsercontroller236')
  Line  261: [double-quote] '🐛 After system table filtering' → __('sqlparsercontroller262')
  Line  276: [double-quote] '🐛 Error message debug' → __('sqlparsercontroller277')
  Line  277: [single-quote] 'businessExistingTables' → __('sqlparsercontroller278')
  Line  278: [single-quote] 'businessNewTables' → __('sqlparsercontroller279')
  Line  279: [single-quote] 'existingBusinessCount' → __('sqlparsercontroller280')
  Line  280: [single-quote] 'newBusinessCount' → __('sqlparsercontroller281')
  Line  281: [single-quote] 'businessExistingTables_type' → __('sqlparsercontroller282')
  Line  282: [single-quote] 'businessNewTables_type' → __('sqlparsercontroller283')
  Line  298: [double-quote] '✅ Alternative: Ensure at least one business tabl...' → __('sqlparsercontroller299')
  Line  299: [double-quote] '✅ Breaking change validation passed' → __('sqlparsercontroller303')
  Line  403: [single-quote] 'SQL parsed successfully' → __('sqlparsercontroller405')
  Line  435: [double-quote] '🧪 [QUEUE-TEST] Found project IDs: ' → __('sqlparsercontroller439')

app/Http/Controllers/TeamController.php:
  Line  131: [single-quote] 'Unauthorized' → __('autotranslatecontroller41')
  Line  298: [single-quote] 'Unauthorized' → __('autotranslatecontroller41')
  Line  344: [single-quote] 'Unauthorized' → __('autotranslatecontroller41')
  Line  149: [single-quote] 'Insufficient permissions' → __('projectcontroller778')
  Line  223: [single-quote] 'Insufficient permissions' → __('projectcontroller778')
  Line  254: [single-quote] 'Insufficient permissions' → __('projectcontroller778')
  Line  278: [single-quote] 'Cannot change owner role' → __('projectcontroller844')
  Line  284: [single-quote] 'Member role updated successfully' → __('projectcontroller849')
  Line   88: [single-quote] 'Validation failed' → __('schemacontroller1422')
  Line  169: [single-quote] 'Validation failed' → __('schemacontroller1422')
  Line  263: [single-quote] 'Validation failed' → __('schemacontroller1422')
  Line  309: [single-quote] 'Validation failed' → __('schemacontroller1422')
  Line  117: [single-quote] 'Team created successfully' → __('teamcontroller117')
  Line  191: [single-quote] 'Team updated successfully' → __('teamcontroller191')
  Line  205: [single-quote] 'Only team owner can delete the team' → __('teamcontroller205')
  Line  210: [single-quote] 'Team deleted successfully' → __('teamcontroller210')
  Line  231: [single-quote] 'Member not found' → __('teamcontroller231')
  Line  273: [single-quote] 'Member not found' → __('teamcontroller231')
  Line  236: [single-quote] 'Cannot remove team owner' → __('teamcontroller236')
  Line  241: [single-quote] 'Member removed successfully' → __('teamcontroller241')
  Line  317: [single-quote] 'User is already a member of this team' → __('teamcontroller317')
  Line  330: [single-quote] 'Member added to team successfully' → __('teamcontroller330')

app/Http/Controllers/TeamInvitationController.php:
  Line   26: [single-quote] 'Insufficient permissions' → __('projectcontroller778')
  Line  106: [single-quote] 'Insufficient permissions' → __('projectcontroller778')
  Line  184: [single-quote] 'Insufficient permissions' → __('projectcontroller778')
  Line  206: [single-quote] 'Insufficient permissions' → __('projectcontroller778')
  Line   38: [single-quote] 'Validation failed' → __('schemacontroller1422')
  Line   70: [single-quote] 'Invitation sent successfully' → __('projectinvitationcontroller88')
  Line  124: [single-quote] 'Invalid invitation token' → __('projectinvitationcontroller103')
  Line  156: [single-quote] 'Invalid invitation token' → __('projectinvitationcontroller103')
  Line  143: [single-quote] 'Invitation accepted successfully' → __('projectinvitationcontroller154')
  Line  188: [single-quote] 'Can only cancel pending invitations' → __('projectinvitationcontroller269')
  Line  174: [single-quote] 'Invitation declined' → __('projectinvitationcontroller358')
  Line   46: [single-quote] 'User is already a team member' → __('teaminvitationcontroller46')
  Line   56: [single-quote] 'User already has a pending invitation' → __('teaminvitationcontroller56')
  Line  132: [single-quote] 'This invitation is not for you' → __('teaminvitationcontroller132')
  Line  164: [single-quote] 'This invitation is not for you' → __('teaminvitationcontroller132')
  Line  137: [single-quote] 'Invitation has expired' → __('teaminvitationcontroller137')
  Line  139: [single-quote] 'Unable to accept invitation' → __('teaminvitationcontroller139')
  Line  169: [single-quote] 'Unable to decline invitation' → __('teaminvitationcontroller168')
  Line  197: [single-quote] 'Invitation cancelled' → __('teaminvitationcontroller193')
  Line  213: [single-quote] 'Can only resend pending or expired invitations' → __('teaminvitationcontroller210')
  Line  223: [single-quote] 'Invitation resent successfully' → __('teaminvitationcontroller222')

app/Http/Controllers/TemplateController.php:
  Line  525: [single-quote] 'Validation failed' → __('schemacontroller1422')
  Line   98: [single-quote] 'Template not found' → __('templatecontroller292')
  Line  382: [single-quote] 'Template not found' → __('templatecontroller292')
  Line  481: [single-quote] 'Template not found' → __('templatecontroller292')
  Line  243: [single-quote] 'Template deleted successfully' → __('templatecontroller537')
  Line  634: [single-quote] 'Dependency not found' → __('templatecontroller814')
  Line  678: [single-quote] 'Dependency not found' → __('templatecontroller814')
  Line   22: [single-quote] 'All' → __('templatecontroller22')
  Line  154: [single-quote] 'Template created successfully' → __('templatecontroller154')
  Line  222: [single-quote] 'Template updated successfully' → __('templatecontroller222')
  Line  306: [single-quote] 'Template assignment is currently simulated - datab...' → __('templatecontroller306')
  Line  327: [single-quote] 'Template removal simulated successfully' → __('templatecontroller328')
  Line  328: [single-quote] 'Template removal is currently simulated - database...' → __('templatecontroller329')
  Line  332: [single-quote] 'Simulated removal failed' → __('templatecontroller334')
  Line  368: [single-quote] 'Scoriet Template Manager' → __('templatecontroller369')
  Line  418: [single-quote] 'Template with this name already exists. Set overwr...' → __('templatecontroller420')
  Line  454: [single-quote] 'Template successfully imported' → __('templatecontroller455')
  Line  489: [single-quote] 'Add DB Schema Dependency Request' → __('templatecontroller493')
  Line  506: [single-quote] 'You cannot add dependencies to this template' → __('templatecontroller509')
  Line  518: [single-quote] 'Validation passed' → __('templatecontroller523')
  Line  529: [single-quote] 'Found schema' → __('templatecontroller533')
  Line  535: [single-quote] 'Schema access denied' → __('templatecontroller538')
  Line  541: [single-quote] 'Access denied to this DB schema' → __('templatecontroller544')
  Line  692: [single-quote] 'Access denied to this DB schema' → __('templatecontroller544')
  Line  549: [single-quote] 'Dependency check' → __('templatecontroller553')
  Line  554: [single-quote] 'Dependency already exists' → __('templatecontroller558')
  Line  558: [single-quote] 'Template already depends on this DB schema' → __('templatecontroller561')
  Line  560: [single-quote] 'Creating dependency' → __('templatecontroller565')
  Line  575: [single-quote] 'Dependency created successfully' → __('templatecontroller579')
  Line  581: [single-quote] 'DB schema dependency added successfully' → __('templatecontroller585')
  Line  583: [single-quote] 'Exception in addDbSchemaDependency' → __('templatecontroller587')
  Line  612: [single-quote] 'You cannot remove dependencies from this template' → __('templatecontroller616')
  Line  621: [single-quote] 'DB schema dependency removed successfully' → __('templatecontroller628')
  Line  650: [single-quote] 'You cannot update dependencies for this template' → __('templatecontroller654')
  Line  665: [single-quote] 'DB schema dependency updated successfully' → __('templatecontroller672')
  Line  706: [single-quote] 'DB schema not found' → __('templatecontroller713')
  Line  726: [double-quote] '🧪 [TEMPLATE-QUEUE] Found project IDs: ' → __('templatecontroller733')
  Line  113: [single-quote] 'Database' → __('panelsewnavigationpanel223')
  Line  176: [single-quote] 'Database' → __('panelsewnavigationpanel223')
  Line  398: [single-quote] 'Database' → __('panelsewnavigationpanel223')
  Line  112: [single-quote] 'Web' → __('panelt3296')
  Line  175: [single-quote] 'Web' → __('panelt3296')
  Line  398: [single-quote] 'Web' → __('panelt3296')
  Line  112: [single-quote] 'Mobile' → __('panelt3297')
  Line  176: [single-quote] 'Mobile' → __('panelt3297')
  Line  398: [single-quote] 'Mobile' → __('panelt3297')
  Line  113: [single-quote] 'API' → __('panelt3298')
  Line  176: [single-quote] 'API' → __('panelt3298')
  Line  398: [single-quote] 'API' → __('panelt3298')
  Line  113: [single-quote] 'Desktop' → __('panelt3299')
  Line  177: [single-quote] 'Desktop' → __('panelt3299')
  Line  399: [single-quote] 'Desktop' → __('panelt3299')
  Line   41: [single-quote] 'visibility' → __('templatemanagementpanel961')
  Line   41: [single-quote] 'visibility' → __('templatemanagementpanel961')

app/Http/Controllers/UserController.php:
  Line   25: [single-quote] 'Benutzer nicht authentifiziert.' → __('usercontroller25')
  Line   36: [single-quote] 'Login-Zeitstempel erfolgreich aktualisiert.' → __('usercontroller36')

app/Http/Middleware/CheckSystemUser.php:
  Line   25: [single-quote] 'Access denied. System or Admin privileges required...' → __('checksystemuser25')

app/Http/Middleware/EnsureUserIsAdmin.php:
  Line   32: [single-quote] 'Admin Middleware Check' → __('ensureuserisadmin32')
  Line   42: [single-quote] 'Admin access denied: User not authenticated' → __('ensureuserisadmin42')
  Line   47: [single-quote] 'Unauthenticated. Please login first.' → __('ensureuserisadmin47')
  Line   56: [single-quote] 'Admin check result' → __('ensureuserisadmin58')
  Line   63: [single-quote] 'Admin access denied: User is not admin/system' → __('ensureuserisadmin64')
  Line   71: [single-quote] 'Forbidden. Administrator access required.' → __('ensureuserisadmin72')
  Line   76: [single-quote] 'Zugriff verweigert. Nur System-Administratoren hab...' → __('ensureuserisadmin77')
  Line   77: [single-quote] 'Admin access granted' → __('ensureuserisadmin80')

app/Http/Requests/Auth/LoginRequest.php:
  Line   31: [single-quote] 'password' → __('registermodal291')
  Line   44: [single-quote] 'password' → __('registermodal291')

app/Models/FloatingSchema.php:
  Line  180: [single-quote] ' (Clone)' → __('floatingschema180')
  Line   18: [single-quote] 'visibility' → __('templatemanagementpanel961')
  Line   95: [single-quote] 'visibility' → __('templatemanagementpanel961')
  Line  103: [single-quote] 'visibility' → __('templatemanagementpanel961')
  Line  113: [single-quote] 'visibility' → __('templatemanagementpanel961')
  Line  115: [single-quote] 'visibility' → __('templatemanagementpanel961')

app/Models/Project.php:
  Line  430: [single-quote] 'No authenticated user to send invitation' → __('project430')
  Line  169: [single-quote] 'PROJ-' → __('editprojectmodal280')

app/Models/ProjectApplication.php:
  Line   96: [single-quote] 'Added via application approval' → __('projectapplication96')

app/Models/SchemaConstraintColumn.php:
  Line   19: [single-quote] 'field_name' → __('createtablemodal398')

app/Models/SchemaField.php:
  Line   15: [single-quote] 'field_name' → __('createtablemodal398')

app/Models/SchemaVersion.php:
  Line   81: [double-quote] '🔍 createNewVersionWithCopy start' → __('schemaversion81')
  Line   93: [double-quote] '✅ New empty version created' → __('schemaversion93')
  Line  100: [double-quote] '❌ Source version not found' → __('schemaversion101')
  Line  103: [double-quote] '✅ Source version found' → __('schemaversion105')
  Line  114: [double-quote] '📋 Copying table' → __('schemaversion115')
  Line  126: [double-quote] '✅ Table created' → __('schemaversion127')
  Line  133: [double-quote] '📝 Copying fields' → __('schemaversion134')
  Line  137: [double-quote] '🔤 Copying field' → __('schemaversion138')
  Line  156: [double-quote] '✅ Field copied successfully' → __('schemaversion156')
  Line  157: [double-quote] '❌ Failed to copy field' → __('schemaversion158')
  Line  167: [double-quote] '🔗 Phase 1: Copying non-FK constraints' → __('schemaversion168')
  Line  170: [double-quote] '🔒 Copying constraint' → __('schemaversion172')
  Line  180: [double-quote] '✅ Constraint created' → __('schemaversion182')
  Line  209: [single-quote] '🚨 Foreign Key SKIPPED - Referenced table not fo...' → __('schemaversion210')
  Line  235: [double-quote] '❌ Failed to copy constraint' → __('schemaversion238')
  Line  245: [double-quote] '🚀 Phase 2: Processing foreign key constraints' → __('schemaversion248')
  Line  252: [double-quote] '🔑 Processing FK constraints for table' → __('schemaversion254')
  Line  256: [double-quote] '🔒 Phase 2: Creating FK constraint' → __('schemaversion261')
  Line  270: [double-quote] '✅ FK Constraint created' → __('schemaversion273')
  Line  306: [double-quote] '✅ FK Reference created successfully' → __('schemaversion310')
  Line  308: [double-quote] '❌ Phase 2: Referenced table still not found' → __('schemaversion312')
  Line  314: [double-quote] '❌ Failed to copy FK constraint in Phase 2' → __('schemaversion319')
  Line  321: [double-quote] '📐 Copying layout data' → __('schemaversion330')
  Line  332: [double-quote] '📐 Found layout to copy' → __('schemaversion338')
  Line  344: [double-quote] '📐 Layout copied successfully' → __('schemaversion351')
  Line  345: [double-quote] '📐 No layout found to copy from version' → __('schemaversion353')
  Line  349: [double-quote] '❌ Failed to copy layout' → __('schemaversion356')
  Line  357: [double-quote] '🎉 createNewVersionWithCopy completed successful...' → __('schemaversion365')
  Line  369: [single-quote] 'j.n.Y' → __('schemaversion381')
  Line  138: [single-quote] 'field_name' → __('createtablemodal398')
  Line  141: [single-quote] 'field_name' → __('createtablemodal398')
  Line  158: [single-quote] 'field_name' → __('createtablemodal398')
  Line  186: [single-quote] 'field_name' → __('createtablemodal398')
  Line  224: [single-quote] 'field_name' → __('createtablemodal398')
  Line  275: [single-quote] 'field_name' → __('createtablemodal398')
  Line  300: [single-quote] 'field_name' → __('createtablemodal398')

app/Models/Template.php:
  Line   18: [single-quote] 'visibility' → __('templatemanagementpanel961')
  Line  161: [single-quote] 'visibility' → __('templatemanagementpanel961')
  Line  197: [single-quote] 'visibility' → __('templatemanagementpanel961')
  Line  210: [single-quote] 'visibility' → __('templatemanagementpanel961')
  Line  216: [single-quote] 'visibility' → __('templatemanagementpanel961')
  Line  404: [single-quote] 'visibility' → __('templatemanagementpanel961')

app/Models/User.php:
  Line   26: [single-quote] 'password' → __('registermodal291')
  Line   40: [single-quote] 'password' → __('registermodal291')
  Line   54: [single-quote] 'password' → __('registermodal291')

app/Notifications/NewUserRegistered.php:
  Line   40: [single-quote] 'd.m.Y H:i:s' → __('newuserregistered40')
  Line   44: [single-quote] 'Hallo Admin!' → __('newuserregistered44')
  Line   45: [single-quote] 'Es hat sich ein neuer Benutzer auf Scoriet registr...' → __('newuserregistered45')
  Line   47: [single-quote] '**Benutzerinformationen:**' → __('newuserregistered47')
  Line   48: [single-quote] '• **Name:** ' → __('newuserregistered48')
  Line   50: [single-quote] '• **E-Mail:** ' → __('newuserregistered50')
  Line   54: [single-quote] '**E-Mail Status:** ' → __('newuserregistered54')
  Line   56: [single-quote] 'User in Admin-Panel anzeigen' → __('newuserregistered56')
  Line   57: [single-quote] 'Diese E-Mail wurde automatisch generiert.' → __('newuserregistered57')
  Line   43: [single-quote] '🎉 Neue Registrierung auf Scoriet' → __('appotificationsewuserregistered43')
  Line   49: [single-quote] 'Nicht angegeben' → __('appotificationsewuserregistered49')
  Line   51: [single-quote] '• **User-ID:** ' → __('appotificationsewuserregistered51')
  Line   53: [single-quote] '• **Registriert am:** ' → __('appotificationsewuserregistered52')
  Line   56: [single-quote] '⏳ Noch nicht bestätigt' → __('appotificationsewuserregistered54')
  Line   62: [single-quote] 'Viele Grüße vom Scoriet-System' → __('appotificationsewuserregistered58')

app/Observers/ProjectGenerationTreeObserver.php:
  Line   60: [double-quote] '🌳 [GENERATION-TREE-OBSERVER] Failed to broadcas...' → __('projectgenerationtreeobserver60')

app/Observers/ProjectSchemaObserver.php:
  Line   23: [double-quote] '🔔 [PROJECT-SCHEMA-OBSERVER] Schema zugewiesen z...' → __('projectschemaobserver23')
  Line   31: [double-quote] '✅ [PROJECT-SCHEMA-OBSERVER] Generation Tree Job ...' → __('projectschemaobserver33')
  Line   59: [double-quote] '✅ [PROJECT-SCHEMA-OBSERVER] Generation Tree Job ...' → __('projectschemaobserver33')
  Line   35: [double-quote] '❌ [PROJECT-SCHEMA-OBSERVER] Failed to dispatch j...' → __('projectschemaobserver37')
  Line   62: [double-quote] '❌ [PROJECT-SCHEMA-OBSERVER] Failed to dispatch j...' → __('projectschemaobserver37')
  Line   48: [double-quote] '🔔 [PROJECT-SCHEMA-OBSERVER] Schema entfernt von...' → __('projectschemaobserver51')

app/Services/MySQLParser.php:
  Line   18: [single-quote] 'Fehler beim Parsen: ' → __('mysqlparser18')

app/Services/ProjectFileTreeGenerator.php:
  Line  195: [single-quote] 'Y-m-d_H-i-s' → __('demoreset60')
  Line  265: [single-quote] 'Y-m-d_H-i-s' → __('demoreset60')
  Line  333: [single-quote] 'Y-m-d_H-i-s' → __('demoreset60')
  Line  193: [single-quote] 'Y-m-d' → __('ultimatetemplatecontroller770')
  Line  263: [single-quote] 'Y-m-d' → __('ultimatetemplatecontroller770')
  Line  331: [single-quote] 'Y-m-d' → __('ultimatetemplatecontroller770')
  Line  194: [single-quote] 'H-i-s' → __('ultimatetemplatecontroller771')
  Line  265: [single-quote] 'H-i-s' → __('ultimatetemplatecontroller771')
  Line  333: [single-quote] 'H-i-s' → __('ultimatetemplatecontroller771')
  Line  120: [double-quote] '🧪 [TREE-GEN] Loaded tables from ALL schemas: ' → __('projectfiletreegenerator120')
  Line  504: [single-quote] 'de_DE' → __('projectfiletreegenerator498')
  Line  507: [single-quote] 'fr_FR' → __('projectfiletreegenerator500')
  Line  510: [single-quote] 'it_IT' → __('projectfiletreegenerator502')
  Line  509: [single-quote] 'es_ES' → __('projectfiletreegenerator502')
  Line  514: [single-quote] 'nl_NL' → __('projectfiletreegenerator504')
  Line  514: [single-quote] 'pl_PL' → __('projectfiletreegenerator505')
  Line  517: [single-quote] 'ru_RU' → __('projectfiletreegenerator506')
  Line  517: [single-quote] 'ja_JP' → __('projectfiletreegenerator507')
  Line  517: [single-quote] 'zh_CN' → __('projectfiletreegenerator508')

app/Services/SchemaStorageService.php:
  Line  394: [double-quote] '🔧 File key migrated' → __('schemastorageservice394')
  Line  413: [double-quote] '🔧 File name renamed migrated' → __('schemastorageservice413')
  Line  427: [double-quote] '🔧 File name short migrated' → __('schemastorageservice427')
  Line  436: [double-quote] '🔧 File name short auto-generated' → __('schemastorageservice436')
  Line  131: [single-quote] 'field_name' → __('createtablemodal398')
  Line  137: [single-quote] 'field_name' → __('createtablemodal398')
  Line  171: [single-quote] 'field_name' → __('createtablemodal398')
  Line  207: [single-quote] 'field_name' → __('createtablemodal398')
  Line  237: [single-quote] 'field_name' → __('createtablemodal398')
  Line   55: [single-quote] 'visibility' → __('templatemanagementpanel961')

app/Services/SimpleFixedTemplateEngine.php:
  Line  550: [single-quote] 'Unknown' → __('testprojectschemas50')
  Line  552: [single-quote] 'Unknown' → __('testprojectschemas50')
  Line  562: [single-quote] 'Unknown' → __('testprojectschemas50')
  Line  569: [single-quote] 'Unknown' → __('testprojectschemas50')
  Line  570: [single-quote] 'Unknown' → __('testprojectschemas50')
  Line  662: [single-quote] '✅ {filename} wird korrekt zu accounting_log erse...' → __('simplefixedtemplateengine661')
  Line  663: [single-quote] '✅ Keine Geister-} mehr im JavaScript' → __('simplefixedtemplateengine662')
  Line  664: [single-quote] '✅ Template-Konstrukte auf eigenen Zeilen' → __('simplefixedtemplateengine663')
  Line  665: [single-quote] '✅ Saubere Loop-Strukturen' → __('simplefixedtemplateengine664')
  Line  666: [single-quote] '✅ Keine Regex - nur String-Operations' → __('simplefixedtemplateengine665')

app/Services/SimpleTemplateEngine.php:
  Line  128: [single-quote] 'Unknown' → __('testprojectschemas50')
  Line  129: [single-quote] 'Unknown' → __('testprojectschemas50')
  Line  130: [single-quote] 'Unknown' → __('testprojectschemas50')
  Line  153: [single-quote] 'Unknown' → __('testprojectschemas50')
  Line  154: [single-quote] 'Unknown' → __('testprojectschemas50')

app/Services/SQLParser.php:
  Line  205: [single-quote] 'PRIMARY' → __('schemaexportcontroller293')
  Line  333: [single-quote] 'PRIMARY' → __('schemaexportcontroller293')
  Line  355: [single-quote] 'PRIMARY' → __('schemaexportcontroller293')
  Line   96: [double-quote] ' at end of SQL' → __('sqlparser96')

app/Services/SQLTokenizer.php:
  Line   22: [single-quote] 'PRIMARY' → __('schemaexportcontroller293')

app/Services/StepByStepTemplateEngine.php:
  Line  320: [single-quote] 'Unknown' → __('testprojectschemas50')
  Line  321: [single-quote] 'Unknown' → __('testprojectschemas50')
  Line  326: [single-quote] 'Unknown' → __('testprojectschemas50')
  Line  327: [single-quote] 'Unknown' → __('testprojectschemas50')
  Line  393: [single-quote] 'Template-Konstrukte werden auf einzelne Zeilen auf...' → __('stepbysteptemplateengine392')
  Line  394: [single-quote] '{for} und {if} werden als separate Blöcke behande...' → __('stepbysteptemplateengine394')

app/Services/TemplateFixService.php:
  Line   69: [single-quote] 'Unknown' → __('testprojectschemas50')
  Line   70: [single-quote] 'Unknown' → __('testprojectschemas50')
  Line   71: [single-quote] 'Unknown' → __('testprojectschemas50')
  Line   77: [single-quote] 'Unknown' → __('testprojectschemas50')

app/Services/UltimateTemplateEngine.php:
  Line  195: [double-quote] 'Maximum loop depth exceeded' → __('ultimatetemplateengine195')

=== SUMMARY ===
Total replacements: 2633
Files modified: 126
Completed: 2025-10-24 10:49:42
